"","cell_id","FR"
"1","2",1.51478579358091e-07
"2","3",1.51478579358091e-07
"3","4",1.51478579358091e-07
"4","5",1.51478579358091e-07
"5","6",1.51478579358091e-07
"6","8",1.51478579358091e-07
"7","9",1.51478579358091e-07
"8","12",1.51478579358091e-07
"9","13",1.51478579358091e-07
"10","16",1.51478579358091e-07
"11","17",1.51478579358091e-07
"12","22",1.51478579358091e-07
"13","23",6.12747556439457e-07
"14","27",4.85514258816646e-05
"15","30",4.00694923552768e-06
"16","31",3.24724078857176e-06
"17","32",8.54563214395558e-07
"18","34",6.29764221214903e-06
"19","36",4.00694923552768e-06
"20","37",2.24873503479673e-05
"21","39",6.29764221214903e-06
"22","40",1.09610986174588e-05
"23","41",1.29602360919748e-05
"24","44",4.00331951651855e-06
"25","45",2.24763155362315e-05
"26","47",2.38618180599392e-05
"27","48",2.57253474572393e-05
"28","49",2.45137820300963e-05
"29","50",2.45137820300963e-05
"30","51",2.45003821964669e-05
"31","52",0.000129560546909411
"32","53",0.00875321215531842
"33","54",0.00875485157169672
"34","55",0.00875485157169672
"35","56",0.0787768393202837
"36","57",0.00103152645756574
"37","58",0.00103161842299782
"38","59",0.00102819154673621
"39","60",0.00156362083774846
"40","61",4.37668188634836e-05
"41","62",4.33073792857052e-05
"42","63",0.0349439373467119
"43","64",4.69599589704274e-05
"44","65",0.000123483794596265
"45","66",0.000124401513890268
"46","67",0.00581135595109625
"47","68",0.00581713656912771
"48","69",0.00598058714985374
"49","70",0.0787768393202837
"50","71",0.00103152645756574
"51","72",0.00103161842299782
"52","73",0.00103356872986364
"53","74",0.00206456859768929
"54","75",0.00206320354409494
"55","76",0.0455445319766322
"56","77",0.0509778122102378
"57","78",0.0323508725588803
"58","79",0.0323344473814183
"59","80",0.032112533949723
"60","81",0.00111510901006789
"61","82",0.00110991253222117
"62","83",0.0488362721236996
"63","84",0.0536386801943476
"64","85",0.0544087528778678
"65","86",4.69599589704274e-05
"66","87",4.42653767199921e-05
"67","88",4.42653767199921e-05
"68","89",4.42653767199921e-05
"69","90",4.82395628693953e-05
"70","91",8.55408196546255e-05
"71","92",0.000121769025749037
"72","93",0.000122796540501522
"73","94",0.00580152968290433
"74","95",0.00580771161243569
"75","96",0.00580694564902264
"76","97",0.00877745611995065
"77","98",0.12016695663345
"78","99",0.00103152645756574
"79","100",0.00205480033629319
"80","101",0.00215643649877344
"81","102",0.00216682138637278
"82","103",0.00211215735720526
"83","104",0.0673317449298141
"84","105",0.0888542136849597
"85","106",0.0524476879751123
"86","107",0.102677522465365
"87","108",0.129688878653179
"88","109",0.00137599709203429
"89","110",0.00105940941248335
"90","111",0.00397684173288448
"91","112",0.00576620922168635
"92","113",0.0544087528778678
"93","114",0.0544087528778678
"94","115",5.07381107829692e-05
"95","116",5.07381107829692e-05
"96","117",5.07381107829692e-05
"97","118",5.07381107829692e-05
"98","119",4.42653767199921e-05
"99","120",4.42312982843344e-05
"100","121",4.42653767199921e-05
"101","122",5.07381107829692e-05
"102","123",5.07381107829692e-05
"103","124",5.07381107829692e-05
"104","125",8.55408196546255e-05
"105","126",8.61123179246917e-05
"106","127",0.000121262313068108
"107","128",0.0058013454822019
"108","129",0.00580496214397396
"109","130",0.00580403062375635
"110","131",0.00598136863683235
"111","132",0.0787768393202837
"112","133",0.000884063905953775
"113","134",0.00205469024808111
"114","135",0.0641449294921138
"115","136",0.0665327060475472
"116","137",0.00349149494404469
"117","138",0.0896789780762741
"118","139",0.225830736920495
"119","140",0.199923529861039
"120","141",0.229296849704414
"121","142",0.19208357885212
"122","143",0.19623538125142
"123","144",0.00137176972959104
"124","145",0.0013976780174608
"125","146",0.00138142497867636
"126","147",0.00138454981880365
"127","148",0.00318766465195782
"128","149",0.00319945561452258
"129","150",0.0555311683440347
"130","151",0.0616434769106606
"131","152",5.78703656652131e-05
"132","153",5.81132679576058e-05
"133","154",5.50770755668399e-05
"134","155",5.50770755668399e-05
"135","156",5.50612814948941e-05
"136","157",5.48341732744472e-05
"137","158",5.48341732744472e-05
"138","159",3.97398410250691e-06
"139","160",5.05223177420213e-05
"140","161",5.05223177420213e-05
"141","162",8.52573615829097e-05
"142","163",9.06399204415037e-05
"143","164",8.58284516810503e-05
"144","165",8.09699954526977e-05
"145","166",0.000121691985271912
"146","167",0.00581432508242734
"147","168",0.00581432508242734
"148","169",0.00582102177541627
"149","170",0.00877888861148565
"150","171",0.12016695663345
"151","172",0.000915421325146996
"152","173",0.0805191790809629
"153","174",0.169035086750051
"154","175",0.026591665448552
"155","176",0.0896793699239429
"156","177",0.225830736920495
"157","178",0.258828210706997
"158","179",0.229296849704414
"159","180",0.386849531774024
"160","181",0.376926491676985
"161","182",0.376926491676985
"162","183",0.00139672252509278
"163","184",7.74846278890544e-05
"164","185",6.68353501356633e-05
"165","186",0.00134161290572569
"166","187",0.00316404953816067
"167","188",0.0539638829251961
"168","189",0.0539638829251961
"169","190",0.0544087528778678
"170","191",0.00308539951127889
"171","192",8.8127825855256e-05
"172","193",8.8127825855256e-05
"173","194",9.14466298514804e-05
"174","195",9.14466298514805e-05
"175","196",8.97658731791304e-05
"176","197",8.97658731791304e-05
"177","198",8.97841795664998e-05
"178","199",9.00865124818546e-05
"179","200",9.09150440032393e-05
"180","201",9.09150440032393e-05
"181","202",9.06214092841446e-05
"182","203",8.58121911048603e-05
"183","204",7.08849277426766e-05
"184","205",0.000123440038149708
"185","206",0.00580190114310895
"186","207",0.00580229653188728
"187","208",0.00581249714413483
"188","209",0.078776946022542
"189","210",0.12016695663345
"190","211",7.723359499923e-05
"191","212",0.0631329558537834
"192","213",0.334940269795102
"193","214",0.240837577722531
"194","215",0.0971414044837229
"195","216",0.274740872648269
"196","217",0.307738346434771
"197","218",0.28454695010067
"198","219",0.403833856898301
"199","220",0.415141670809758
"200","221",0.505018323863155
"201","222",0.00319378872646312
"202","223",0.00147082625282956
"203","224",8.07962172168497e-05
"204","225",4.75220193924366e-05
"205","226",8.55478976195205e-06
"206","227",0.00458077016646891
"207","228",0.0539638829251961
"208","229",0.0539638829251961
"209","230",0.0716636120146305
"210","231",0.0715862991810532
"211","232",0.00732353574269503
"212","233",0.00650545858837681
"213","234",0.00269109127893048
"214","235",0.00269109127893048
"215","236",9.16251386478563e-05
"216","237",9.01000515589466e-05
"217","238",8.8127825855256e-05
"218","239",8.8127825855256e-05
"219","240",9.06127110878845e-05
"220","241",9.09150440032393e-05
"221","242",9.09150440032393e-05
"222","243",9.14684519628884e-05
"223","244",8.58121911048603e-05
"224","245",8.58121911048603e-05
"225","246",8.72982766281075e-05
"226","247",9.23058908766813e-05
"227","248",0.0059197510028888
"228","249",0.00594086728570914
"229","250",0.0775185734968522
"230","251",0.12016695663345
"231","252",7.723359499923e-05
"232","253",0.0172128299063009
"233","254",0.334940269795102
"234","255",0.334940269795102
"235","256",0.169476358883171
"236","257",0.273060224158906
"237","258",0.367563021964185
"238","259",0.437217209423343
"239","260",0.493480420129225
"240","261",0.505018323863155
"241","262",0.511422121970355
"242","263",0.511422121970355
"243","264",0.549960545989746
"244","265",0.000167263648794137
"245","266",0.000204595447771706
"246","267",0.000155128818868964
"247","268",0.000131258959991776
"248","269",0.0024319443140901
"249","270",0.00414879972078159
"250","271",0.0534547598282162
"251","272",0.0715862991810532
"252","273",0.0730876776884319
"253","274",0.0715862991810532
"254","275",0.00573840367570886
"255","276",0.0141336750859832
"256","277",0.0410185059449381
"257","278",0.0668337142519075
"258","279",0.066537154064678
"259","280",0.0655340358217375
"260","281",0.00269798375956844
"261","282",0.00266542960397498
"262","283",8.8127825855256e-05
"263","284",8.8127825855256e-05
"264","285",8.8127825855256e-05
"265","286",9.28429644271684e-05
"266","287",9.41372545103932e-05
"267","288",9.41372545103932e-05
"268","289",9.19995713068852e-05
"269","290",8.85905864544685e-05
"270","291",0.00451401883548506
"271","292",0.00449430731460466
"272","293",0.00451298777702386
"273","294",0.0741990747880243
"274","295",0.247310972421359
"275","296",0.000269694451620433
"276","297",0.115993330518434
"277","298",0.335303164210465
"278","299",0.424708917084442
"279","300",0.303094654271337
"280","301",0.261053159580023
"281","302",0.521572011254133
"282","303",0.528137620347046
"283","304",0.527736236159053
"284","305",0.53798794130089
"285","306",0.508500593867991
"286","307",0.526156363105905
"287","308",0.563620884246465
"288","309",0.563620884246465
"289","310",0.564448961305465
"290","311",0.000164117167299949
"291","312",0.000159807252032031
"292","313",0.000261448449214243
"293","314",0.00696984587098111
"294","315",0.0641983782092948
"295","316",0.0476473932813995
"296","317",0.0501811631037327
"297","318",0.0716636120146305
"298","319",0.0775565090374952
"299","320",0.11380674805634
"300","321",0.0253572598201721
"301","322",0.0213731519007421
"302","323",0.0413924056255949
"303","324",0.0668337142519075
"304","325",0.0668337142519075
"305","326",0.0668337142519075
"306","327",0.066537154064678
"307","328",9.07813676822433e-05
"308","329",9.07813676822433e-05
"309","330",9.07813676822433e-05
"310","331",9.11030810388292e-05
"311","332",9.35242805504651e-05
"312","333",9.24436628686977e-05
"313","334",0.0616393618328514
"314","335",0.0616688372714266
"315","336",0.00447471870501276
"316","337",0.00452786853859721
"317","338",0.0667556052910856
"318","339",0.247310972421359
"319","340",0.247310972421359
"320","341",0.0264722026873607
"321","342",0.226247238037169
"322","343",0.49309512820748
"323","344",0.523240302116818
"324","345",0.519062745685519
"325","346",0.521760597498138
"326","347",0.533905675580969
"327","348",0.533905675580969
"328","349",0.536866799098563
"329","350",0.555520188407597
"330","351",0.520886815139993
"331","352",0.526156363105905
"332","353",0.526156363105905
"333","354",0.564454790441789
"334","355",0.563620884246465
"335","356",0.000127218098177682
"336","357",0.000158963845019808
"337","358",0.000253255932761057
"338","359",0.000278419597877834
"339","360",0.0641983782092948
"340","361",0.0641983782092948
"341","362",0.0667860625205524
"342","363",0.0730876776884319
"343","364",0.0716636120146305
"344","365",0.105712239028079
"345","366",0.11380674805634
"346","367",0.11380674805634
"347","368",0.0206686987298032
"348","369",0.0412293789441276
"349","370",0.0416534110578973
"350","371",0.130641720675459
"351","372",0.0705354917556029
"352","373",0.0705354917556029
"353","374",0.0654148908411413
"354","375",0.00451781227447143
"355","376",0.00451781227447143
"356","377",0.00454207826561153
"357","378",0.0622473056671582
"358","379",0.13064656967977
"359","380",0.0215177175604712
"360","381",0.0618335526112341
"361","382",0.256306535053572
"362","383",0.0984932629454617
"363","384",0.409019780393068
"364","385",0.618783691140824
"365","386",0.651150593722639
"366","387",0.613295297956615
"367","388",0.629714327750417
"368","389",0.629714327750417
"369","390",0.539525053477716
"370","391",0.555551033629032
"371","392",0.555551033629032
"372","393",0.527428727507148
"373","394",0.496847790509943
"374","395",0.493379457642812
"375","396",0.497056836815176
"376","397",0.560919287372157
"377","398",0.560919287372157
"378","399",0.00277519665949836
"379","400",0.00242372906302294
"380","401",0.000161701642460381
"381","402",0.000158778568861986
"382","403",0.0538664517280922
"383","404",0.0558712950820329
"384","405",0.0570240754389037
"385","406",0.0716907001070947
"386","407",0.0825415163596444
"387","408",0.109880561423436
"388","409",0.109880561423436
"389","410",0.113159528531027
"390","411",0.0671332490052376
"391","412",0.039130512406318
"392","413",0.041471549862206
"393","414",0.0416435750269665
"394","415",0.130646659321422
"395","416",0.130646522053825
"396","417",0.130170628756424
"397","418",0.0705253163976793
"398","419",0.0705253163976793
"399","420",0.00729449831252151
"400","421",0.0705345589218965
"401","422",0.130646049386782
"402","423",0.0215154048096916
"403","424",0.126081776289511
"404","425",0.264430243121081
"405","426",0.193746940579993
"406","427",0.371799989209666
"407","428",0.53562094508953
"408","429",0.67262113725922
"409","430",0.67262113725922
"410","431",0.67262113725922
"411","432",0.653959363806616
"412","433",0.662124876607231
"413","434",0.645658749160101
"414","435",0.553071510437716
"415","436",0.553071510437716
"416","437",0.56153455455202
"417","438",0.526901181284416
"418","439",0.496847790509943
"419","440",0.496847790509943
"420","441",0.49613952503013
"421","442",0.560919287372157
"422","443",0.560919287372157
"423","444",0.560919287372157
"424","445",0.00654469587573722
"425","446",0.00653237636577337
"426","447",0.00663301825524706
"427","448",0.00710728627392661
"428","449",0.0604977548763395
"429","450",0.0716907001070947
"430","451",0.0716907001070947
"431","452",0.0716907001070947
"432","453",0.0825686044521086
"433","454",0.113159528531027
"434","455",0.113159528531027
"435","456",0.11502003492886
"436","457",0.101147175419315
"437","458",0.0109275416701559
"438","459",0.0410475084339416
"439","460",0.130646522053825
"440","461",0.130646049386782
"441","462",0.130646049386782
"442","463",0.13017095594838
"443","464",0.130646049386782
"444","465",0.260285939587117
"445","466",0.566240270828684
"446","467",0.635119428512827
"447","468",0.635119428512827
"448","469",0.676627700863968
"449","470",0.676627700863968
"450","471",0.693334470516219
"451","472",0.693334470516219
"452","473",0.685487003211336
"453","474",0.622899433968066
"454","475",0.583772893699817
"455","476",0.525088378670172
"456","477",0.5244216580931
"457","478",0.528474094363499
"458","479",0.528474094363499
"459","480",0.494368267318627
"460","481",0.497449732827638
"461","482",0.497449732827638
"462","483",0.560919287372157
"463","484",0.570661159287233
"464","485",0.0167677393626603
"465","486",0.021038465987769
"466","487",0.0118228624840313
"467","488",0.0624644652663004
"468","489",0.0624644652663004
"469","490",0.0606404766766422
"470","491",0.0624644652663004
"471","492",0.153182968680021
"472","493",0.156461935787613
"473","494",0.113159528531027
"474","495",0.113159528531027
"475","496",0.113159528531027
"476","497",0.0984505880087971
"477","498",0.0109849282637032
"478","499",0.0193876757270925
"479","500",0.130646049386782
"480","501",0.130646049386782
"481","502",0.130646049386782
"482","503",0.264723026112123
"483","504",0.525523814001635
"484","505",0.630003151695823
"485","506",0.635119428512827
"486","507",0.635119428512827
"487","508",0.635119428512827
"488","509",0.635119428512827
"489","510",0.635119428512827
"490","511",0.627870590808085
"491","512",0.593516663960553
"492","513",0.584602869104476
"493","514",0.612612438186719
"494","515",0.558836520970741
"495","516",0.529140814940571
"496","517",0.528474094363499
"497","518",0.528474094363499
"498","519",0.504972586435178
"499","520",0.497449732827638
"500","521",0.497449732827638
"501","522",0.560346365113161
"502","523",0.570661159287233
"503","524",0.570661159287233
"504","525",0.0213389969103339
"505","526",0.0119659979072695
"506","527",0.0816196110344348
"507","528",0.145243834449074
"508","529",0.149552746407374
"509","530",0.12376249136534
"510","531",0.255153418721065
"511","532",0.206574781328063
"512","533",0.105065019502767
"513","534",0.113159528531027
"514","535",0.113159528531027
"515","536",0.110241068103709
"516","537",0.14024427360894
"517","538",0.630003151695823
"518","539",0.635119428512827
"519","540",0.635119428512827
"520","541",0.635119428512827
"521","542",0.635119428512827
"522","543",0.607040152447393
"523","544",0.607040152447393
"524","545",0.602568947394963
"525","546",0.602568947394963
"526","547",0.602568947394963
"527","548",0.593655152538887
"528","549",0.590693866199678
"529","550",0.558836520970741
"530","551",0.558836520970741
"531","552",0.529140814940571
"532","553",0.504972586435178
"533","554",0.497449732827638
"534","555",0.498277809886637
"535","556",0.507191604742714
"536","557",0.510766669128553
"537","558",0.511683980913599
"538","559",0.0251854048740828
"539","560",0.0141217506988282
"540","561",0.106119620504029
"541","562",0.106224737314565
"542","563",0.106224737314565
"543","564",0.196943240728286
"544","565",0.196943240728286
"545","566",0.206574781328063
"546","567",0.207799725978603
"547","568",0.207799725978603
"548","569",0.215316509881636
"549","570",0.217973735491494
"550","571",0.217973735491494
"551","572",0.152050817517819
"552","573",0.518280898606299
"553","574",0.635119428512827
"554","575",0.635119428512827
"555","576",0.635119428512827
"556","577",0.604906683100655
"557","578",0.604906683100655
"558","579",0.607040152447393
"559","580",0.602568947394963
"560","581",0.602568947394963
"561","582",0.602568947394963
"562","583",0.602568947394963
"563","584",0.593655152538887
"564","585",0.593655152538887
"565","586",0.559664598029741
"566","587",0.558836520970741
"567","588",0.559664598029741
"568","589",0.529302171422498
"569","590",0.498950368336872
"570","591",0.50967112793403
"571","592",0.50967112793403
"572","593",0.510766669128553
"573","594",0.511683980913599
"574","595",0.511683980913599
"575","596",0.0145713738774523
"576","597",0.0145663200434104
"577","598",0.0149567951277669
"578","599",0.102744038753488
"579","600",0.152851921598118
"580","601",0.161220355860412
"581","602",0.186640331023458
"582","603",0.196943240728286
"583","604",0.225474204468011
"584","605",0.207799725978603
"585","606",0.207799725978603
"586","607",0.232710541855913
"587","608",0.215316509881636
"588","609",0.232006419215051
"589","610",0.279135390961425
"590","611",0.279135390961425
"591","612",0.279135390961425
"592","613",0.0273490368839729
"593","614",0.0311850904546747
"594","615",0.137448233615712
"595","616",0.140716915431124
"596","617",0.141285451903922
"597","618",0.521710387903003
"598","619",0.613153430004542
"599","620",0.635119428512827
"600","621",0.648888399986773
"601","622",0.719783821380342
"602","623",0.683074922664492
"603","624",0.671464966499194
"604","625",0.670303815244388
"605","626",0.666242947295655
"606","627",0.666242947295655
"607","628",0.681517653666085
"608","629",0.618662619262157
"609","630",0.618662619262157
"610","631",0.602568947394963
"611","632",0.571545508361351
"612","633",0.571057916077133
"613","634",0.571057916077133
"614","635",0.571057916077133
"615","636",0.511622288302419
"616","637",0.510766669128553
"617","638",0.510766669128553
"618","639",0.510766669128553
"619","640",0.510766669128553
"620","641",0.191579824128277
"621","642",0.193755096656888
"622","643",0.263528258554292
"623","644",0.270607411605356
"624","645",0.165377398693919
"625","646",0.165377398693919
"626","647",0.167894468392033
"627","648",0.270607411605356
"628","649",0.255150595296997
"629","650",0.206574781328063
"630","651",0.20989337963407
"631","652",0.20989337963407
"632","653",0.223093311267177
"633","654",0.252588693234093
"634","655",0.279135390961425
"635","656",0.0316443985835983
"636","657",0.032949451144936
"637","658",0.0322894054868701
"638","659",0.031379834012158
"639","660",0.605221638701844
"640","661",0.635119428512827
"641","662",0.719783821380342
"642","663",0.720919426673239
"643","664",0.683074922664492
"644","665",0.685857505733387
"645","666",0.666242947295655
"646","667",0.681517653666085
"647","668",0.681517653666085
"648","669",0.681517653666085
"649","670",0.618662619262157
"650","671",0.618662619262157
"651","672",0.618662619262157
"652","673",0.574025031552666
"653","674",0.571057916077133
"654","675",0.571057916077133
"655","676",0.571057916077133
"656","677",0.517832619723947
"657","678",0.510766669128553
"658","679",0.510766669128553
"659","680",0.14618004040809
"660","681",0.191579824128277
"661","682",0.27312448130347
"662","683",0.27312448130347
"663","684",0.27312448130347
"664","685",0.27312448130347
"665","686",0.162252175099467
"666","687",0.167894468392033
"667","688",0.172226461950681
"668","689",0.291384333695989
"669","690",0.178586430185308
"670","691",0.159506494087285
"671","692",0.21524041467059
"672","693",0.16100907369774
"673","694",0.223093311267177
"674","695",0.279135390961425
"675","696",0.264768231672097
"676","697",0.179374776799069
"677","698",0.28735243552419
"678","699",0.166484211899861
"679","700",0.0273103184882171
"680","701",0.0308284168554719
"681","702",0.0322716965944988
"682","703",0.0327594431995904
"683","704",0.031115906891861
"684","705",0.604393821709374
"685","706",0.605221638701844
"686","707",0.707150455199293
"687","708",0.73856897847371
"688","709",0.73856897847371
"689","710",0.70154629075764
"690","711",0.696341234631875
"691","712",0.696341234631875
"692","713",0.681517653666085
"693","714",0.681517653666085
"694","715",0.618662619262157
"695","716",0.618662619262157
"696","717",0.618662619262157
"697","718",0.586920551509395
"698","719",0.586920551509395
"699","720",0.571057916077133
"700","721",0.571057916077133
"701","722",0.14618004040809
"702","723",0.285180166472206
"703","724",0.27880925109318
"704","725",0.27880925109318
"705","726",0.27880925109318
"706","727",0.27880925109318
"707","728",0.27880925109318
"708","729",0.27880925109318
"709","730",0.27880925109318
"710","731",0.299105405722394
"711","732",0.278947131492309
"712","733",0.16753008994765
"713","734",0.16100907369774
"714","735",0.159748042574858
"715","736",0.145847070637389
"716","737",0.279135390961425
"717","738",0.289449028681584
"718","739",0.184042287822995
"719","740",0.16720679859922
"720","741",0.275282748190171
"721","742",0.292296408066101
"722","743",0.0270790352986119
"723","744",0.567486681814594
"724","745",0.605221638701844
"725","746",0.716016129867753
"726","747",0.735038527678018
"727","748",0.701491369286149
"728","749",0.743505165307806
"729","750",0.750122319124613
"730","751",0.74606145117588
"731","752",0.736113068262251
"732","753",0.72128948729646
"733","754",0.72128948729646
"734","755",0.650993658940994
"735","756",0.62509391372164
"736","757",0.586920551509395
"737","758",0.586920551509395
"738","759",0.285180166472206
"739","760",0.285180166472206
"740","761",0.27880925109318
"741","762",0.27880925109318
"742","763",0.27880925109318
"743","764",0.27880925109318
"744","765",0.27880925109318
"745","766",0.27880925109318
"746","767",0.285180166472206
"747","768",0.299105405722394
"748","769",0.290635190682636
"749","770",0.210873689311032
"750","771",0.225657899668084
"751","772",0.150125935584665
"752","773",0.148828505475301
"753","774",0.123895852689126
"754","775",0.0553717044979549
"755","776",0.279135390961425
"756","777",0.279135390961425
"757","778",0.335226969225619
"758","779",0.184042287822995
"759","780",0.184042287822995
"760","781",0.294804943100687
"761","782",0.294804943100687
"762","783",0.574406276207694
"763","784",0.679361199016619
"764","785",0.683155311206672
"765","786",0.664014295720101
"766","787",0.662758630390145
"767","788",0.703438630588853
"768","789",0.717261500463532
"769","790",0.709500158469694
"770","791",0.705494571777149
"771","792",0.709500158469694
"772","793",0.595147305833217
"773","794",0.595147305833217
"774","795",0.599797236537299
"775","796",0.594843014598632
"776","797",0.285180166472206
"777","798",0.285180166472206
"778","799",0.27880925109318
"779","800",0.27880925109318
"780","801",0.27880925109318
"781","802",0.27880925109318
"782","803",0.27880925109318
"783","804",0.27880925109318
"784","805",0.27312448130347
"785","806",0.245644355925277
"786","807",0.240013464822928
"787","808",0.191773572008459
"788","809",0.189825786396364
"789","810",0.148828505475301
"790","811",0.109838114441206
"791","812",0.0178385615983961
"792","813",0.0463732494054782
"793","814",0.0553195486073793
"794","815",0.279135390961425
"795","816",0.362301041717888
"796","817",0.184042287822995
"797","818",0.294804943100687
"798","819",0.294804943100687
"799","820",0.574406276207694
"800","821",0.679361199016619
"801","822",0.671236142523915
"802","823",0.685634834397987
"803","824",0.662758630390145
"804","825",0.685634834397987
"805","826",0.677767023783369
"806","827",0.691867080746037
"807","828",0.691867080746037
"808","829",0.709500158469694
"809","830",0.709500158469694
"810","831",0.609678404527482
"811","832",0.614328335231565
"812","833",0.177081322464925
"813","834",0.177081322464925
"814","835",0.191006561715113
"815","836",0.299105405722394
"816","837",0.282663096774092
"817","838",0.263528258554292
"818","839",0.27312448130347
"819","840",0.27312448130347
"820","841",0.245644355925277
"821","842",0.245644355925277
"822","843",0.245644355925277
"823","844",0.245644355925277
"824","845",0.204108406271316
"825","846",0.197897295907432
"826","847",0.175881914565683
"827","848",0.166406302221608
"828","849",0.166406302221608
"829","850",0.151451130696719
"830","851",0.115414366555622
"831","852",0.0655459401284151
"832","853",0.0089264740610628
"833","854",0.00168857922510775
"834","855",0.279135390961425
"835","856",0.388080895210466
"836","857",0.362301041717888
"837","858",0.315077559874731
"838","859",0.315077559874731
"839","860",0.577895283108081
"840","861",0.650880528859542
"841","862",0.66131152155897
"842","863",0.663791044750285
"843","864",0.651047328657879
"844","865",0.685634834397987
"845","866",0.677767023783369
"846","867",0.677767023783369
"847","868",0.677767023783369
"848","869",0.677767023783369
"849","870",0.191006561715113
"850","871",0.191006561715113
"851","872",0.285180166472206
"852","873",0.285180166472206
"853","874",0.285180166472206
"854","875",0.285180166472206
"855","876",0.282663096774092
"856","877",0.285180166472206
"857","878",0.191006561715113
"858","879",0.177081322464925
"859","880",0.285180166472206
"860","881",0.206898044786727
"861","882",0.203838549439532
"862","883",0.231606152727655
"863","884",0.231606152727655
"864","885",0.216291098122728
"865","886",0.216291098122728
"866","887",0.216291098122728
"867","888",0.230899284871529
"868","889",0.174634561893662
"869","890",0.174634561893662
"870","891",0.18890418951681
"871","892",0.174634561893662
"872","893",0.180172577090619
"873","894",0.179844657134178
"874","895",0.151451130696719
"875","896",0.046774037279781
"876","897",0.0769919243723449
"877","898",0.00876900516868516
"878","899",0.00396779653411599
"879","900",3.33518452176927e-05
"880","901",0.131684893964542
"881","902",0.279249457345455
"882","903",0.565423733093679
"883","904",0.66131152155897
"884","905",0.660793399855971
"885","906",0.663791044750285
"886","907",0.663791044750285
"887","908",0.654291091539138
"888","909",0.666003863454391
"889","910",0.66813733280113
"890","911",0.66813733280113
"891","912",0.282663096774092
"892","913",0.29658833602428
"893","914",0.299105405722394
"894","915",0.256946936778327
"895","916",0.236865751847011
"896","917",0.16102075287101
"897","918",0.174214541442701
"898","919",0.282663096774092
"899","920",0.256946936778327
"900","921",0.249867783727264
"901","922",0.203838549439532
"902","923",0.203838549439532
"903","924",0.183568418482802
"904","925",0.183568418482802
"905","926",0.174634561893662
"906","927",0.174634561893662
"907","928",0.216291098122728
"908","929",0.216291098122728
"909","930",0.216291098122728
"910","931",0.164180175195275
"911","932",0.174634561893662
"912","933",0.174634561893662
"913","934",0.174634561893662
"914","935",0.108891384135402
"915","936",0.0991670083129111
"916","937",0.0991648595986154
"917","938",0.152902503787333
"918","939",0.0453963331044403
"919","940",0.0703945718358871
"920","941",0.0100546078699763
"921","942",0.00416170972883696
"922","943",0.00111420790206877
"923","944",0.120196976459308
"924","945",0.247774080414852
"925","946",0.279923310601675
"926","947",0.614660701947535
"927","948",0.660793399855971
"928","949",0.660793399855971
"929","950",0.663791044750285
"930","951",0.17149600417978
"931","952",0.249867783727264
"932","953",0.242760178913816
"933","954",0.153545191236454
"934","955",0.145447073282914
"935","956",0.151046104139576
"936","957",0.15104611410028
"937","958",0.148120146506381
"938","959",0.155321001416244
"939","960",0.101828964376816
"940","961",0.101828964376816
"941","962",0.101828964376816
"942","963",0.101828964376816
"943","964",0.0990267504000098
"944","965",0.0796314608619429
"945","966",0.0796314608619429
"946","967",0.0644130690886013
"947","968",0.00583049110319156
"948","969",0.057175124795535
"949","970",0.0634872411622953
"950","971",0.0634939996370665
"951","972",0.0693654088794932
"952","973",0.145460888741246
"953","974",0.0946212461668968
"954","975",0.108890862234044
"955","976",0.108891395660087
"956","977",0.0946197868375313
"957","978",0.119366668919665
"958","979",0.0502750856980319
"959","980",0.0522088980364616
"960","981",6.59799384804236e-05
"961","982",0.132860644243407
"962","983",0.0956279684228959
"963","984",0.248988821525244
"964","985",0.15997081221899
"965","986",0.573713545045172
"966","987",0.605240471326986
"967","988",0.171496064338309
"968","989",0.15828839004037
"969","990",0.134725126801438
"970","991",0.140422334977454
"971","992",0.140193572080967
"972","993",0.0575598403840553
"973","994",0.00434232229019664
"974","995",0.00538846869366865
"975","996",0.00627983965686702
"976","997",0.0107548612778878
"977","998",0.0933073190829549
"978","999",0.0933073190829549
"979","1000",0.0506628154301986
"980","1001",0.0506748252052582
"981","1002",0.0711352276833178
"982","1003",0.0693652277783672
"983","1004",0.00582673871493417
"984","1005",0.000218014642858534
"985","1006",0.000213656463907869
"986","1007",0.00241703258864091
"987","1008",0.00245352363690181
"988","1009",0.00521666846004501
"989","1010",0.00517907619376954
"990","1011",0.0652631284280642
"991","1012",0.0864594322278493
"992","1013",0.0915715514948629
"993","1014",0.0773132503788808
"994","1015",0.115316457841863
"995","1016",0.0458877968896494
"996","1017",0.0459204410298499
"997","1018",0.00553699737005158
"998","1019",0.132856246048552
"999","1020",0.132860247779623
"1000","1021",0.0956279388871811
"1001","1022",0.260086050565403
"1002","1023",0.254144223428506
"1003","1024",0.248988821525244
"1004","1025",0.0989726883581316
"1005","1026",0.0989726883581316
"1006","1027",0.581198074199103
"1007","1028",0.590369912238231
"1008","1029",0.607379566058003
"1009","1030",0.605240471326986
"1010","1031",0.11720588666662
"1011","1032",0.0103744064781229
"1012","1033",0.00771385763352822
"1013","1034",0.000142607890171321
"1014","1035",0.000123651670288824
"1015","1036",0.000124988518572175
"1016","1037",0.00207310823002968
"1017","1038",0.00223583834698289
"1018","1039",0.00212434495470134
"1019","1040",1.61948316627996e-05
"1020","1041",1.61948316627996e-05
"1021","1042",1.29322473219218e-05
"1022","1043",1.29322473219218e-05
"1023","1044",1.73548096292065e-05
"1024","1045",1.73548096292065e-05
"1025","1046",1.73548096292065e-05
"1026","1047",1.01004140587187e-05
"1027","1048",1.01004140587187e-05
"1028","1049",1.01004140587187e-05
"1029","1050",9.0820892406561e-06
"1030","1051",9.0820892406561e-06
"1031","1052",0.00182037287290619
"1032","1053",0.00182037287290619
"1033","1054",0.0640275549860528
"1034","1055",0.0864023848190142
"1035","1056",0.0864023848190142
"1036","1057",0.0572651649575416
"1037","1058",0.108952382238905
"1038","1059",0.00553852766723578
"1039","1060",0.00218549165476613
"1040","1061",0.000668891574760697
"1041","1062",6.97169764730463e-05
"1042","1063",0.132860248017722
"1043","1064",0.0989223793406863
"1044","1065",0.0925531020581486
"1045","1066",0.260086050565403
"1046","1067",0.254144223428506
"1047","1068",0.23376695783861
"1048","1069",0.181174964508229
"1049","1070",0.182262426388543
"1050","1071",0.174456922859316
"1051","1072",0.360867765625562
"1052","1073",0.519578910812711
"1053","1074",0.554191083044181
"1054","1075",0.539093817698246
"1055","1076",0.569627965687494
"1056","1077",0.590369912238231
"1057","1078",0.00700111853739803
"1058","1079",3.37866454233025e-05
"1059","1080",2.15006611234985e-07
"1060","1081",6.54893715083669e-07
"1061","1082",6.54893715083669e-07
"1062","1083",4.77105142912914e-08
"1063","1084",9.74092931672959e-05
"1064","1085",4.77105142912914e-08
"1065","1086",4.77105142912914e-08
"1066","1087",4.77105142912914e-08
"1067","1088",4.77105142912914e-08
"1068","1089",4.77105142912914e-08
"1069","1090",0.000112283335583943
"1070","1091",4.77105142912914e-08
"1071","1092",4.77105142912914e-08
"1072","1093",4.77105142912914e-08
"1073","1094",NA
"1074","1095",NA
"1075","1096",NA
"1076","1097",NA
"1077","1098",NA
"1078","1099",4.77105142912914e-08
"1079","1100",9.72659075626003e-06
"1080","1101",0.00409261849621452
"1081","1102",0.00410530600364486
"1082","1103",0.0278278170608736
"1083","1104",0.0462047815423747
"1084","1105",0.0273634593070017
"1085","1106",0.00778011453767454
"1086","1107",0.000102481867636373
"1087","1108",4.42038977088302e-06
"1088","1109",0.000388983890295186
"1089","1110",4.62583963620908e-05
"1090","1111",4.62583963620908e-05
"1091","1112",0.132856610790479
"1092","1113",0.0989219103892312
"1093","1114",0.111759117100328
"1094","1115",0.0953497473927585
"1095","1116",0.217832159454824
"1096","1117",0.228790879492189
"1097","1118",0.213433806766887
"1098","1119",0.216680375230459
"1099","1120",0.192420824415425
"1100","1121",0.181174964508229
"1101","1122",0.181174964508229
"1102","1123",0.173932892949342
"1103","1124",0.361676337775381
"1104","1125",0.361676337775381
"1105","1126",0.390821707286813
"1106","1127",0.510739652558725
"1107","1128",0.49940280158808
"1108","1129",0.499623156844546
"1109","1130",0.206316918972506
"1110","1131",3.28599350077071e-06
"1111","1133",NA
"1112","1134",NA
"1113","1135",NA
"1114","1136",NA
"1115","1137",NA
"1116","1138",NA
"1117","1139",NA
"1118","1140",NA
"1119","1141",NA
"1120","1143",0.000186874130923071
"1121","1152",NA
"1122","1153",1.16071029270026e-06
"1123","1154",3.27623455181663e-05
"1124","1155",3.54556358941629e-05
"1125","1156",0.00010027061999179
"1126","1157",6.98336682675208e-05
"1127","1158",0.00777356118686891
"1128","1159",2.99744548239189e-05
"1129","1160",2.72693019710622e-06
"1130","1161",6.11615183269493e-07
"1131","1162",6.11615183269493e-07
"1132","1163",4.24081975566348e-08
"1133","1164",4.24081975566348e-08
"1134","1165",2.90031149397011e-09
"1135","1166",0.11157305147015
"1136","1167",0.0882652790467
"1137","1168",0.107811762125563
"1138","1169",0.108363914582946
"1139","1170",0.0882130985861046
"1140","1171",0.071278981465536
"1141","1172",0.217832159454824
"1142","1173",0.224110247751408
"1143","1174",0.182262426388543
"1144","1175",0.193610336586565
"1145","1176",0.192420824415425
"1146","1177",0.193610336586565
"1147","1178",0.398956251129962
"1148","1179",0.398956251129962
"1149","1180",0.260077634616876
"1150","1181",0.338878809886962
"1151","1182",0.376561041388762
"1152","1183",0.220078657702155
"1153","1185",NA
"1154","1194",NA
"1155","1195",NA
"1156","1202",NA
"1157","1203",NA
"1158","1206",NA
"1159","1207",0.000649071560472683
"1160","1208",5.88462327653935e-05
"1161","1209",4.30098282169529e-06
"1162","1210",1.03011372229066e-05
"1163","1211",0.00473536683274613
"1164","1212",0.00011990148077126
"1165","1213",2.72693019710622e-06
"1166","1214",6.11615183269493e-07
"1167","1215",6.11615183269493e-07
"1168","1218",1.43292963288125e-06
"1169","1219",0.000236088050165452
"1170","1220",0.0627898432527322
"1171","1221",0.0982343823630245
"1172","1222",0.0879492763175336
"1173","1223",0.0879492763175336
"1174","1224",0.0880014164224261
"1175","1225",0.0877431722222245
"1176","1226",0.0714876263809474
"1177","1227",0.0893602729480476
"1178","1228",0.190139297231284
"1179","1229",0.219579761391118
"1180","1230",0.235353305775889
"1181","1231",0.237213025336482
"1182","1232",0.193610336586565
"1183","1233",0.193610336586565
"1184","1234",0.193610336586565
"1185","1235",0.193610336586565
"1186","1236",0.182262426388543
"1187","1237",0.398956251129962
"1188","1238",0.342075276749446
"1189","1239",0.251734441791322
"1190","1240",0.340808209907145
"1191","1242",NA
"1192","1243",NA
"1193","1251",6.27421137226948e-09
"1194","1252",6.27421137226948e-09
"1195","1253",NA
"1196","1254",NA
"1197","1259",NA
"1198","1260",NA
"1199","1263",NA
"1200","1264",0.000649071560472683
"1201","1265",0.0428558331304658
"1202","1266",4.30098282169529e-06
"1203","1267",0.00187910631889318
"1204","1268",0.00187910631889318
"1205","1269",6.11615183269493e-07
"1206","1270",0.000140033163561059
"1207","1275",0.000261068908193708
"1208","1276",0.031122227324204
"1209","1277",0.031122227324204
"1210","1278",0.071266565112545
"1211","1279",0.0714752100279564
"1212","1280",0.0781028618019289
"1213","1281",0.0876910008860019
"1214","1282",0.0879492450862035
"1215","1283",0.0880011356969083
"1216","1284",0.0877432656244074
"1217","1285",0.0714876263809474
"1218","1286",0.0793520728964189
"1219","1287",0.190139297231284
"1220","1288",0.191834999373082
"1221","1289",0.217124667265538
"1222","1290",0.235568232006258
"1223","1291",0.235353305775889
"1224","1292",0.237213025336482
"1225","1293",0.193610336586565
"1226","1294",0.180787816183789
"1227","1295",0.186542173538656
"1228","1296",0.186542173538656
"1229","1297",0.186542173538656
"1230","1298",0.166809543263363
"1231","1299",0.0860200319641501
"1232","1300",0.0186206589301935
"1233","1301",0.0658518931759518
"1234","1302",0.121015300257482
"1235","1303",0.389056954121056
"1236","1304",0.372495054653371
"1237","1305",0.19178823470732
"1238","1306",0.156194324139047
"1239","1307",0.195992231148107
"1240","1308",2.60242528227506e-06
"1241","1309",NA
"1242","1310",NA
"1243","1318",NA
"1244","1319",NA
"1245","1320",NA
"1246","1321",NA
"1247","1322",NA
"1248","1329",2.60242528227506e-06
"1249","1330",0.034275385543378
"1250","1331",0.034275385543378
"1251","1332",0.000667133109115721
"1252","1333",5.89334124179693e-05
"1253","1334",6.33348405041891e-05
"1254","1335",0.000233713555595301
"1255","1338",7.66983230568692e-05
"1256","1339",0.0705017100663066
"1257","1340",0.0705017100663066
"1258","1341",0.0645812170140318
"1259","1342",0.0876910008860019
"1260","1343",0.071700803459917
"1261","1344",0.0717529747961396
"1262","1345",0.0713307786740579
"1263","1346",0.0715394235894693
"1264","1347",0.0781028618019289
"1265","1348",0.0714879388120533
"1266","1349",0.164215844966338
"1267","1350",0.223895321521039
"1268","1351",0.223895321521039
"1269","1352",0.237213025336482
"1270","1353",0.236998099106113
"1271","1354",0.109363447397456
"1272","1355",0.103671150135085
"1273","1356",0.0168488528082759
"1274","1357",0.0266702470336523
"1275","1358",0.0711387901195427
"1276","1359",0.0711387901195427
"1277","1360",0.164993966268534
"1278","1361",0.164993966268534
"1279","1362",0.0152031123786022
"1280","1363",0.0152145510197363
"1281","1364",0.0723123118318097
"1282","1365",0.121015300257482
"1283","1366",0.370204495459441
"1284","1367",0.370204495459441
"1285","1368",0.214596020410629
"1286","1369",0.19178823470732
"1287","1370",0.196502950250691
"1288","1371",0.104138828046964
"1289","1372",0.00329633545221928
"1290","1373",2.60242528227506e-06
"1291","1374",NA
"1292","1375",NA
"1293","1376",NA
"1294","1377",NA
"1295","1386",NA
"1296","1387",NA
"1297","1394",0.000638650253856968
"1298","1395",0.0412908405099065
"1299","1396",0.0436952769066149
"1300","1397",4.30654057865394e-06
"1301","1398",9.28698931979332e-07
"1302","1399",5.89334124179693e-05
"1303","1401",0.000233713555595301
"1304","1402",2.51435962307348e-06
"1305","1404",0.00188080537859678
"1306","1405",0.00187715503570729
"1307","1406",0.031294699609604
"1308","1407",0.0294471819882851
"1309","1408",0.000195531955501149
"1310","1409",8.30383944266947e-07
"1311","1410",0.0712248531893029
"1312","1411",0.0712793461112313
"1313","1412",0.0654007712354434
"1314","1413",0.0819016112144979
"1315","1414",0.0658821106454038
"1316","1415",0.0717529747961396
"1317","1416",0.0715394235894693
"1318","1417",0.0726275565591863
"1319","1418",0.0898917993640673
"1320","1419",0.106158880342271
"1321","1420",0.226933747233681
"1322","1421",0.237213025336482
"1323","1422",0.224110247751408
"1324","1423",0.14957310483998
"1325","1424",0.152176941275854
"1326","1425",0.1521769520522
"1327","1426",0.0846733170155954
"1328","1427",0.0155525654064133
"1329","1428",0.0155483586738511
"1330","1429",0.0652757649432067
"1331","1430",0.0646766678573104
"1332","1431",0.159233516063218
"1333","1432",0.00428399931026427
"1334","1433",0.000854386363685942
"1335","1434",0.000856733588096468
"1336","1435",0.0813924014823623
"1337","1436",0.16623738698483
"1338","1437",0.314759611690522
"1339","1438",0.317110522215994
"1340","1439",0.229822819588574
"1341","1440",0.142909372677287
"1342","1441",0.188888587131088
"1343","1442",0.188888587131088
"1344","1443",0.0109060383942169
"1345","1444",0.00129185158105807
"1346","1445",0.00203008995782739
"1347","1446",0.00873324566939635
"1348","1447",0.00734162074327754
"1349","1448",0.000588994278582113
"1350","1449",0.000953187272385816
"1351","1450",NA
"1352","1460",NA
"1353","1461",NA
"1354","1462",NA
"1355","1463",NA
"1356","1464",NA
"1357","1465",0.0302500151837896
"1358","1466",0.082980655148769
"1359","1467",0.0837220002911522
"1360","1468",0.0810495623942075
"1361","1469",2.22424771184666e-05
"1362","1470",NA
"1363","1474",2.22141140134492e-05
"1364","1475",0.00303340821312215
"1365","1476",0.00303340821312215
"1366","1477",4.59507420523039e-05
"1367","1478",2.75327504283414e-05
"1368","1479",0.00213114394842
"1369","1480",0.0399919104928136
"1370","1481",9.33204158846343e-06
"1371","1482",9.33204158846343e-06
"1372","1483",0.0121926799201472
"1373","1484",0.0712793461112313
"1374","1485",0.0132862687304354
"1375","1486",0.0130692173128784
"1376","1487",0.065489591794032
"1377","1488",0.0766535163831365
"1378","1489",0.122277703511389
"1379","1490",0.122277703511389
"1380","1491",0.0898917993640673
"1381","1492",0.106158793844485
"1382","1493",0.0106757469623897
"1383","1494",0.0155737758813156
"1384","1495",0.00182357692408227
"1385","1496",0.0235962745597816
"1386","1497",0.0650741880769372
"1387","1498",0.129083975623669
"1388","1499",0.0621182087203411
"1389","1500",0.00103857447149081
"1390","1501",0.0658177337531795
"1391","1502",0.0658183535111044
"1392","1503",0.159233516063218
"1393","1504",0.159233516063218
"1394","1505",0.00085911348587952
"1395","1506",0.000857852063787146
"1396","1507",0.000860450816481681
"1397","1508",0.000952480068510543
"1398","1509",0.000956566671491904
"1399","1510",0.000922614148317421
"1400","1511",0.135838150851331
"1401","1512",0.155158393417656
"1402","1513",0.214409564548875
"1403","1514",0.214437178485347
"1404","1515",0.140276594828843
"1405","1516",0.0933069848421631
"1406","1517",0.106203149356447
"1407","1518",0.0466762289692866
"1408","1519",0.00129185158105807
"1409","1520",1.66102512649759e-05
"1410","1521",0.00203039446309014
"1411","1522",0.00203027458280147
"1412","1523",0.0020345691791953
"1413","1524",0.00203457164606073
"1414","1525",0.00203474895451687
"1415","1526",0.00203474895451687
"1416","1527",0.00203457164606073
"1417","1528",0.00883619423104352
"1418","1529",0.00911024012698691
"1419","1530",0.00756410355594869
"1420","1531",0.00746836158204298
"1421","1532",4.16857924888365e-05
"1422","1537",NA
"1423","1538",4.1793120277712e-06
"1424","1539",1.41129009074755e-05
"1425","1540",1.17122302591542e-05
"1426","1541",NA
"1427","1542",0.00443900452857027
"1428","1543",0.00443886087714891
"1429","1544",0.000200791393442644
"1430","1545",0.0113187054735062
"1431","1546",0.0279828158437575
"1432","1547",0.082980655148769
"1433","1548",0.0312791073209096
"1434","1549",0.0849777454999125
"1435","1550",0.00198725301515978
"1436","1551",2.79289403938572e-06
"1437","1552",2.60242528227507e-06
"1438","1554",2.03587766530576e-05
"1439","1555",2.89532247766872e-05
"1440","1556",3.25542753545501e-05
"1441","1557",0.00307012416654061
"1442","1558",0.00303823253776557
"1443","1559",0.00221415051578307
"1444","1560",2.11413667129632e-05
"1445","1561",1.11026476785789e-05
"1446","1562",1.11026476785789e-05
"1447","1563",1.05482592381211e-05
"1448","1564",3.30333326367747e-05
"1449","1565",4.90327551035029e-05
"1450","1566",0.0122068785145274
"1451","1567",0.0124564877296987
"1452","1568",0.0715465810038539
"1453","1569",0.0897562417142277
"1454","1570",0.103310562164005
"1455","1571",0.12227932853825
"1456","1572",0.0420379971235609
"1457","1573",0.00148577076190774
"1458","1579",0.00297398383895413
"1459","1580",6.55735065981613e-08
"1460","1581",4.44213001663898e-05
"1461","1582",0.000147936507864121
"1462","1583",0.00528160361845503
"1463","1584",0.00528211088073557
"1464","1585",0.0344303929170537
"1465","1586",0.0344303929170537
"1466","1587",0.000928294825163553
"1467","1588",0.000739395497451483
"1468","1589",0.000686667940954541
"1469","1590",0.000861501175456286
"1470","1591",0.000932040581616052
"1471","1592",0.000927974611587011
"1472","1593",0.135838150851331
"1473","1594",0.135838150851331
"1474","1595",0.214409564548875
"1475","1596",0.229733915749404
"1476","1597",0.227410619160404
"1477","1598",0.139611143237747
"1478","1599",0.0186826154742968
"1479","1600",0.0186810500218651
"1480","1601",0.00921127874400038
"1481","1602",0.00936215852110561
"1482","1603",1.66102512649759e-05
"1483","1604",0.00243743483886015
"1484","1605",0.00243731371258677
"1485","1606",0.00203474648765144
"1486","1607",0.00203474895451687
"1487","1608",0.00203502704892185
"1488","1609",0.00203502704892185
"1489","1610",0.00203484974921279
"1490","1611",0.00203484728234736
"1491","1612",0.00648032788950701
"1492","1613",0.00911024012698691
"1493","1614",0.0075591995369841
"1494","1615",0.00316775495168828
"1495","1616",0.00294320647959217
"1496","1617",4.13839122106649e-05
"1497","1618",1.84227381418422e-05
"1498","1619",0.00131810406779027
"1499","1620",0.00618476697097143
"1500","1621",0.00214901802747563
"1501","1622",0.124202236681418
"1502","1623",0.00134570564776833
"1503","1624",3.92396165582258e-06
"1504","1625",3.1748290839618e-05
"1505","1626",5.12759873519892e-05
"1506","1627",0.00354341402938812
"1507","1628",0.00312639461243263
"1508","1629",0.0022681898051013
"1509","1630",0.00225208133069026
"1510","1631",0.00166432917781428
"1511","1632",8.53402791059117e-06
"1512","1633",1.2018708217792e-05
"1513","1634",0.000962598554382376
"1514","1635",0.00132423732017434
"1515","1636",4.29536387383121e-05
"1516","1637",4.60801132100866e-05
"1517","1638",0.00269397384060964
"1518","1639",0.0716565708401336
"1519","1640",0.0897573284874191
"1520","1641",0.0897573161863086
"1521","1642",0.0897562417142277
"1522","1643",0.00222506941750476
"1523","1653",3.33215212796902e-06
"1524","1654",3.33215212796902e-06
"1525","1655",8.42510109813164e-05
"1526","1656",0.00103960781499516
"1527","1657",0.000872167622004607
"1528","1658",0.00401688969116626
"1529","1659",0.000819515986273858
"1530","1660",3.57506110792436e-05
"1531","1661",3.57098249200313e-05
"1532","1662",9.33859418359565e-05
"1533","1663",0.0008525553067784
"1534","1664",1.8354136611213e-05
"1535","1665",0.0229222872041664
"1536","1666",0.0770212623320378
"1537","1667",0.0770210803226353
"1538","1668",0.122972161754526
"1539","1669",0.122972161754526
"1540","1670",0.0408582589733547
"1541","1671",0.0408578948330585
"1542","1672",0.0094408933876982
"1543","1673",0.00943216307476623
"1544","1674",0.0094309588099756
"1545","1675",0.00941705015250714
"1546","1676",2.30147718562142e-05
"1547","1677",0.00242377704680244
"1548","1678",0.0027584271467529
"1549","1679",0.00241408230729073
"1550","1680",0.00241408230729073
"1551","1681",0.00241408230729073
"1552","1682",0.00241354627742211
"1553","1683",0.00243759433191774
"1554","1684",0.00243759433191774
"1555","1685",0.00203484974921279
"1556","1686",0.0019660837965567
"1557","1687",0.00648004097842707
"1558","1688",0.00304009568951582
"1559","1689",0.0031555735833059
"1560","1690",0.00315590974904046
"1561","1691",0.00315590974904046
"1562","1692",0.00314377931223764
"1563","1693",0.00720109355010735
"1564","1694",0.00715760746950331
"1565","1695",0.124202236681418
"1566","1696",0.00144807704435303
"1567","1697",0.00143234338438991
"1568","1698",3.16114408812441e-05
"1569","1699",0.00353782932533133
"1570","1700",0.00319881907416141
"1571","1701",0.00343017424674641
"1572","1702",0.0032440060690988
"1573","1703",0.00319891572710342
"1574","1704",0.00331641389028928
"1575","1705",1.51905461376452e-05
"1576","1706",0.00104174495888623
"1577","1707",0.00295350729576642
"1578","1708",0.00996856958836538
"1579","1709",0.00295074097517726
"1580","1710",0.00184742913132058
"1581","1711",0.0108204303486574
"1582","1712",0.0589839420482344
"1583","1713",0.0834157448923391
"1584","1714",0.0507988741004352
"1585","1715",0.00143459005913399
"1586","1716",2.51426936563953e-05
"1587","1727",7.60018352511925e-07
"1588","1728",0.00134631759040895
"1589","1729",2.24085376955981e-05
"1590","1730",3.24729613421859e-05
"1591","1731",0.00518107673591852
"1592","1732",8.97454141564898e-05
"1593","1733",2.4661287314092e-05
"1594","1734",2.46612873140919e-05
"1595","1735",2.45586688366867e-05
"1596","1736",2.39833015637331e-05
"1597","1737",0.00140815807832201
"1598","1738",1.83732753230355e-05
"1599","1739",0.00184922413703619
"1600","1740",0.00223589584213973
"1601","1741",0.0229179341204308
"1602","1742",0.0229263540242722
"1603","1743",0.013412805751374
"1604","1744",0.0770134297688453
"1605","1745",0.0770171534513375
"1606","1746",0.0629619273938641
"1607","1747",0.0134419808587419
"1608","1748",0.0134419808587419
"1609","1749",0.013438390816077
"1610","1750",0.00943352222622615
"1611","1751",0.00843502581423977
"1612","1752",0.00258364704317586
"1613","1753",2.29711113868411e-05
"1614","1754",0.00242212898821366
"1615","1755",0.00242213147627445
"1616","1756",0.00236708368224612
"1617","1757",0.00236708368224612
"1618","1758",0.00236845460654686
"1619","1759",0.00270189165293081
"1620","1760",0.00270052072863006
"1621","1761",0.00270052072863006
"1622","1762",0.00270052072863006
"1623","1763",0.00238295855363326
"1624","1764",0.013164032689066
"1625","1765",0.013164032689066
"1626","1766",0.00998768372941351
"1627","1767",0.00302927631444464
"1628","1768",0.150607188083703
"1629","1769",0.150607188083703
"1630","1770",0.122470336218866
"1631","1771",0.122470336218866
"1632","1772",0.122470336218866
"1633","1773",0.0224910294104542
"1634","1774",0.00189120106340908
"1635","1775",0.00321068098907895
"1636","1776",0.00375578522886312
"1637","1777",0.0034072556932612
"1638","1778",0.0033706995876911
"1639","1779",0.00785298887451694
"1640","1780",0.0113570062557231
"1641","1781",0.010961284284125
"1642","1782",0.0104869833185389
"1643","1783",0.0100163222069699
"1644","1784",0.0100900136769959
"1645","1785",0.0111824117090778
"1646","1786",0.0111910031470347
"1647","1787",0.0107770119733048
"1648","1788",0.00572082865473644
"1649","1789",0.00144247615963405
"1650","1790",3.32416686086462e-05
"1651","1801",3.95882967225744e-07
"1652","1802",1.20376457685449e-06
"1653","1803",0.00139934765023753
"1654","1804",1.71775065357604e-05
"1655","1805",3.15027911441122e-05
"1656","1806",6.35417633599957e-07
"1657","1807",6.62480629869546e-06
"1658","1808",1.91992943047326e-05
"1659","1809",1.92173627751802e-05
"1660","1810",2.46636969218435e-05
"1661","1811",1.2859166243881e-05
"1662","1812",4.94267104172901e-09
"1663","1813",0.00149820928559303
"1664","1814",0.00187190615451938
"1665","1815",0.00259967953464037
"1666","1816",0.0134056145139389
"1667","1817",0.013412805751374
"1668","1818",0.013412805751374
"1669","1819",0.013412805751374
"1670","1820",0.0114786295241231
"1671","1821",0.0134281780026944
"1672","1822",0.0134284179141046
"1673","1823",0.0134284179141046
"1674","1824",0.0122807814191091
"1675","1825",0.0119702041330588
"1676","1826",0.00841686205067142
"1677","1827",0.00831246852336315
"1678","1828",0.00255839144749041
"1679","1829",2.30315914899025e-05
"1680","1830",2.29703435956305e-05
"1681","1831",3.31345583369178e-05
"1682","1832",3.32527739514119e-05
"1683","1833",0.00236708368224612
"1684","1834",0.00236845460654686
"1685","1835",0.00275652019258354
"1686","1836",0.00275652019258354
"1687","1837",0.00237629498170788
"1688","1838",0.00237629498170788
"1689","1839",3.31343572070454e-05
"1690","1840",3.35232051073259e-05
"1691","1841",0.0131612527116405
"1692","1842",0.0131613299099419
"1693","1843",0.0131673319649572
"1694","1844",0.013082003782391
"1695","1845",0.00915971195691684
"1696","1846",0.0133739769401701
"1697","1847",0.0133739769401701
"1698","1848",0.0126668128474273
"1699","1849",0.0127443828125837
"1700","1850",0.00966905701580164
"1701","1851",0.00890853011349744
"1702","1852",0.00884248791617922
"1703","1853",0.00870180679702616
"1704","1854",0.00870686044257064
"1705","1855",0.00864121882970712
"1706","1856",0.0032223127053703
"1707","1857",0.00343785065132725
"1708","1858",0.00394790992470596
"1709","1859",0.00341870315604835
"1710","1860",0.00754422406725527
"1711","1861",0.0110365755282469
"1712","1862",0.0101730326546168
"1713","1863",0.010051125020057
"1714","1864",0.0100478632674734
"1715","1865",0.0100477447152543
"1716","1866",0.0111614777708823
"1717","1867",0.00677860267814731
"1718","1868",0.00677860267814731
"1719","1869",0.00677731919436194
"1720","1870",2.82189832264601e-05
"1721","1871",1.73777729783018e-05
"1722","1872",9.18441175304037e-06
"1723","1885",4.74453358852054e-07
"1724","1886",2.15114920116062e-05
"1725","1889",1.01898387550281e-05
"1726","1890",2.438868518363e-05
"1727","1891",0.00224234459671839
"1728","1892",0.00127878201873386
"1729","1893",0.00254142376773988
"1730","1894",0.0122719746579887
"1731","1895",0.013412805751374
"1732","1896",0.0134104216529372
"1733","1897",0.0134104216529372
"1734","1898",0.0134104216529372
"1735","1899",0.0122789583341652
"1736","1900",0.0122791982455754
"1737","1901",0.0122791982455754
"1738","1902",0.0122654091677886
"1739","1903",0.0034508331839523
"1740","1904",0.0025623551080207
"1741","1905",3.2889601461828e-05
"1742","1906",3.24139460292194e-05
"1743","1907",2.30315914899025e-05
"1744","1908",2.29703435956305e-05
"1745","1909",2.20668736516262e-05
"1746","1910",2.29704866649394e-05
"1747","1911",0.0020101624274775
"1748","1912",0.00196491096631385
"1749","1913",3.44142098005803e-05
"1750","1914",3.31343572070454e-05
"1751","1915",3.31343572070454e-05
"1752","1916",3.31343572070454e-05
"1753","1917",3.31343572070454e-05
"1754","1918",3.35232051073259e-05
"1755","1919",3.27399782585945e-05
"1756","1920",0.0131657649745354
"1757","1921",0.0131662405977154
"1758","1922",0.0131645270523801
"1759","1923",0.013166258878879
"1760","1924",0.0131662094065053
"1761","1925",0.0131721790447887
"1762","1926",0.0133727589229538
"1763","1927",0.0133739968451092
"1764","1928",0.0133739968451092
"1765","1929",0.0131909145546627
"1766","1930",0.00987770487621673
"1767","1931",0.00945272376510689
"1768","1932",0.00330466810203697
"1769","1933",0.00337545923849746
"1770","1934",0.00895502347560604
"1771","1935",0.0134397335202575
"1772","1936",0.00696303374564943
"1773","1937",0.00619270049345162
"1774","1938",0.0061933648930205
"1775","1939",0.00343934138564294
"1776","1940",0.000498527758742617
"1777","1941",0.00943352161585952
"1778","1942",0.00496990956275558
"1779","1943",0.00599546829915517
"1780","1944",0.00599546829915517
"1781","1945",0.00599315228014609
"1782","1946",0.0060020140313397
"1783","1947",0.00677432657927373
"1784","1948",0.00677860267814731
"1785","1949",0.00677731919436194
"1786","1950",0.000474207162405372
"1787","1951",2.81756852048446e-05
"1788","1952",2.81756852048446e-05
"1789","1970",0.00187911398678898
"1790","1971",0.00224198545147865
"1791","1972",0.000942586319001478
"1792","1973",0.00130841449159535
"1793","1974",0.000145730463629121
"1794","1975",0.00136710720732459
"1795","1976",0.00202598083192659
"1796","1977",0.00164814292909169
"1797","1978",0.00261512500222317
"1798","1979",0.0122719746579887
"1799","1980",0.0134104216529372
"1800","1981",0.0134104216529372
"1801","1982",0.0133804610586069
"1802","1983",0.0133828451570437
"1803","1984",0.0122499058356289
"1804","1985",0.0122499058356289
"1805","1986",0.00351869540925742
"1806","1987",0.0034508331839523
"1807","1988",0.0034508331839523
"1808","1989",0.0025163644971543
"1809","1990",0.00250907132621348
"1810","1991",3.44302770461328e-05
"1811","1992",3.65382871623563e-05
"1812","1993",2.09683574002978e-05
"1813","1994",2.09683574002978e-05
"1814","1995",2.18719704136111e-05
"1815","1996",2.18719704136111e-05
"1816","1997",6.64136387529126e-06
"1817","1998",3.31343572070454e-05
"1818","1999",3.14234709610323e-05
"1819","2000",3.14234709610323e-05
"1820","2001",3.28958671684018e-05
"1821","2002",3.28958671684018e-05
"1822","2003",3.25201570063878e-05
"1823","2004",3.25201570063878e-05
"1824","2005",0.0125742258300304
"1825","2006",0.0131661425699613
"1826","2007",0.0131721555893545
"1827","2008",0.0131722609338943
"1828","2009",0.0131722609338943
"1829","2010",0.0131721519419386
"1830","2011",0.013171875080912
"1831","2012",0.0131721734933063
"1832","2013",0.0104570590486769
"1833","2014",0.0104570620302895
"1834","2015",0.013373996654835
"1835","2016",0.0133739968451092
"1836","2017",0.0133727093520789
"1837","2018",0.0069462063806089
"1838","2019",0.00694620657088312
"1839","2020",0.00617297271153812
"1840","2021",0.00616895573315774
"1841","2022",0.000524188881653626
"1842","2023",0.000496053952082748
"1843","2024",0.000116126311632808
"1844","2025",0.000236726234883445
"1845","2026",0.000236726234883445
"1846","2027",0.000226113761817387
"1847","2028",0.00620342397509444
"1848","2029",0.00153998035597451
"1849","2030",0.00614037068273276
"1850","2031",0.000447515776794701
"1851","2032",0.000449857734474578
"1852","2033",0.000474403400333957
"1853","2034",2.52995082830996e-05
"1854","2035",2.52963023503163e-05
"1855","2036",2.45682302051007e-05
"1856","2037",1.53664738940714e-05
"1857","2049",4.5975845815703e-06
"1858","2056",0.000204427674378644
"1859","2057",0.000423252484897471
"1860","2058",0.00129483916808313
"1861","2059",0.00238729711399542
"1862","2060",0.00202640996419704
"1863","2061",0.00202469816242142
"1864","2062",0.00213989153119687
"1865","2063",0.00221666757136952
"1866","2064",0.0122719746579887
"1867","2065",0.0133638134431263
"1868","2066",0.0133804610586069
"1869","2067",0.0133828451570437
"1870","2068",0.0122497937525774
"1871","2069",0.0122497937525774
"1872","2070",0.00351869540925742
"1873","2071",0.00351869540925742
"1874","2072",0.00345068205835939
"1875","2073",0.00345068205835939
"1876","2074",0.0025163644971543
"1877","2075",0.00250907132621348
"1878","2076",3.45904022534875e-05
"1879","2077",1.39649420360749e-06
"1880","2078",2.03558443363041e-05
"1881","2079",2.03558443363041e-05
"1882","2080",2.03558443363041e-05
"1883","2081",2.03558443363041e-05
"1884","2082",1.39649420360749e-06
"1885","2083",3.14234709610323e-05
"1886","2084",3.14234709610323e-05
"1887","2085",3.25201570063878e-05
"1888","2086",3.25201570063878e-05
"1889","2087",3.25201570063878e-05
"1890","2088",3.25201570063878e-05
"1891","2089",3.14234709610323e-05
"1892","2090",2.03558443363041e-05
"1893","2091",1.23688190378411e-05
"1894","2092",0.0131680621655
"1895","2093",0.0131722609338943
"1896","2094",0.0131722609338943
"1897","2095",0.0133682622037388
"1898","2096",0.0133683651128752
"1899","2097",0.0133682512395372
"1900","2098",0.0133682622037388
"1901","2099",0.0133727613391432
"1902","2100",0.0133923638646217
"1903","2101",0.0133910741456762
"1904","2102",0.010474331696724
"1905","2103",0.0133923965054655
"1906","2104",0.0133850142991747
"1907","2105",0.0133879184480271
"1908","2106",0.0104521620670104
"1909","2107",0.00614243617807171
"1910","2108",0.00690613645426842
"1911","2109",0.00690321607290415
"1912","2110",0.000103697270830116
"1913","2111",2.65220283225352e-05
"1914","2112",4.18356718554053e-07
"1915","2113",4.15303969616412e-07
"1916","2114",3.71634580305718e-06
"1917","2115",7.7622549254657e-06
"1918","2116",8.71119480990108e-07
"1919","2117",2.35494384471132e-05
"1920","2118",2.35494384471132e-05
"1921","2119",2.35494384471132e-05
"1922","2120",1.52352401882644e-05
"1923","2121",9.14557089584394e-07
"1924","2122",1.52352401882644e-05
"1925","2123",1.6031062966916e-05
"1926","2124",2.52851487843093e-05
"1927","2125",2.52851487843093e-05
"1928","2126",2.45682302051007e-05
"1929","2127",2.19669367489801e-05
"1930","2128",1.53664738940714e-05
"1931","2140",0.000984739352221395
"1932","2141",0.00198591571077343
"1933","2142",0.00198591571077343
"1934","2143",0.00120560403293067
"1935","2144",0.00121257628118878
"1936","2145",0.000885424342603288
"1937","2146",0.000204427674378644
"1938","2147",0.000709044114680363
"1939","2148",0.00129377894413419
"1940","2149",0.0012982239340795
"1941","2150",0.00202513956136129
"1942","2151",0.00201411852295201
"1943","2152",0.00213989153119687
"1944","2153",0.00213989153119687
"1945","2154",0.0122449804237041
"1946","2155",0.0122311348953387
"1947","2156",0.0133804610586069
"1948","2157",0.0133830850684539
"1949","2158",0.0122497937525774
"1950","2159",0.00383594924403556
"1951","2160",0.00351869540925742
"1952","2161",0.00346447024821703
"1953","2162",0.00345068205835939
"1954","2163",0.00345068205835939
"1955","2164",0.00251708385944516
"1956","2165",1.39649420360749e-06
"1957","2166",1.39649420360749e-06
"1958","2167",1.39649420360749e-06
"1959","2168",2.03558443363041e-05
"1960","2169",2.03558443363041e-05
"1961","2170",2.03558443363041e-05
"1962","2171",2.03558443363041e-05
"1963","2172",2.99573451796494e-05
"1964","2173",2.99573451796494e-05
"1965","2174",2.99573451796494e-05
"1966","2175",2.99573451796494e-05
"1967","2176",2.99573451796494e-05
"1968","2177",3.14234709610323e-05
"1969","2178",3.14234709610323e-05
"1970","2179",2.03558443363041e-05
"1971","2180",2.03558443363041e-05
"1972","2181",2.03558443363041e-05
"1973","2182",2.03558443363041e-05
"1974","2183",0.0131677820033085
"1975","2184",0.0131680682486232
"1976","2185",0.0131709723974756
"1977","2186",0.0133683579863636
"1978","2187",0.0133683579863636
"1979","2188",0.0104514197144023
"1980","2189",0.0104514304883297
"1981","2190",0.0104501448932064
"1982","2191",0.0104501448932064
"1983","2192",0.013386673209086
"1984","2193",0.013386673209086
"1985","2194",0.0133940554153768
"1986","2195",0.0133940554153768
"1987","2196",0.0133837690602336
"1988","2197",0.0133779603597909
"1989","2198",0.0103810926466184
"1990","2199",0.0126756442698938
"1991","2200",0.00608555348513061
"1992","2201",0.00570897875333484
"1993","2202",0.00419196878808909
"1994","2203",0.00456913247614329
"1995","2204",0.00455367487313224
"1996","2205",0.00431443274138979
"1997","2206",6.31754072378707e-05
"1998","2207",6.31754072378707e-05
"1999","2208",6.31754072378707e-05
"2000","2209",4.2125569026871e-07
"2001","2210",1.54864234393961e-08
"2002","2211",3.87469312170783e-06
"2003","2212",3.87469312170783e-06
"2004","2213",8.01022327136276e-06
"2005","2214",8.01022327136276e-06
"2006","2215",2.89585188842601e-06
"2007","2216",1.16175016624606e-06
"2008","2217",1.16175016624606e-06
"2009","2224",8.79798754541928e-07
"2010","2225",2.36490227504448e-05
"2011","2226",0.00236526858390266
"2012","2227",0.000929153414063146
"2013","2228",7.22656966102651e-06
"2014","2236",0.000398153224195655
"2015","2237",0.000398153224195655
"2016","2242",0.000905238625494158
"2017","2243",0.00142245827648851
"2018","2244",0.00172992644315786
"2019","2245",0.00172295419489976
"2020","2246",0.00172295419489976
"2021","2247",0.000726507797383217
"2022","2248",0.00200960406889041
"2023","2249",0.00201051353331436
"2024","2250",0.00201036268915487
"2025","2251",0.00175888669074054
"2026","2252",0.000822045583873063
"2027","2253",0.00379518943988917
"2028","2254",0.00379518943988917
"2029","2255",0.0122449647933795
"2030","2256",0.0122472844276663
"2031","2257",0.0122497937525774
"2032","2258",0.00383594924403556
"2033","2259",0.00383594924403556
"2034","2260",0.00346447024821703
"2035","2261",0.00250220778240639
"2036","2262",0.00250220778240639
"2037","2263",0.00250220778240639
"2038","2264",0.00114216198654754
"2039","2265",1.39649420360749e-06
"2040","2266",1.39649420360749e-06
"2041","2267",1.39649420360749e-06
"2042","2268",1.39649420360749e-06
"2043","2269",1.39649420360749e-06
"2044","2270",1.33980808080539e-06
"2045","2271",1.33980808080539e-06
"2046","2272",1.33980808080539e-06
"2047","2273",2.99573451796494e-05
"2048","2274",2.99573451796494e-05
"2049","2275",1.33980808080539e-06
"2050","2276",1.33980808080539e-06
"2051","2277",1.33980808080539e-06
"2052","2278",1.33980808080539e-06
"2053","2279",2.38044285275161e-07
"2054","2280",2.38044285275161e-07
"2055","2281",1.33980808080539e-06
"2056","2282",1.5070095360751e-07
"2057","2285",0.010192020575691
"2058","2286",0.0101921200106833
"2059","2287",0.0103868490416972
"2060","2288",0.0104620830267398
"2061","2289",0.0104428847219586
"2062","2290",0.0104368930616445
"2063","2291",0.0104313625926516
"2064","2292",0.0104337672644076
"2065","2293",0.01043947682318
"2066","2294",0.0104483609169204
"2067","2295",0.0133865536520028
"2068","2296",0.0133865536520028
"2069","2297",0.0133787964166436
"2070","2298",0.0133695640277208
"2071","2299",0.0133695640277208
"2072","2300",0.011710863902797
"2073","2301",0.00541948908385989
"2074","2302",0.00541948908385989
"2075","2303",0.00508303479136511
"2076","2304",0.00463417464472406
"2077","2305",0.00509107703105462
"2078","2306",0.00465205158757029
"2079","2307",0.00465205158757029
"2080","2308",0.00465205158757029
"2081","2309",7.42627353774935e-05
"2082","2310",1.86964250669127e-05
"2083","2311",2.19020861332726e-05
"2084","2312",4.16901186435104e-06
"2085","2313",1.59074062620153e-07
"2086","2314",1.59074062620153e-07
"2087","2315",4.25624781589977e-06
"2088","2316",4.25624781589977e-06
"2089","2317",2.34662478124337e-07
"2090","2324",1.9439436540755e-06
"2091","2325",3.91339687352699e-07
"2092","2326",2.98160878450872e-05
"2093","2327",0.00272180190577403
"2094","2328",0.0026989348118465
"2095","2329",0.00105949963536319
"2096","2330",0.00105949963536319
"2097","2331",0.00105759675362549
"2098","2332",4.81532983393754e-08
"2099","2337",0.00180696141947494
"2100","2338",0.00180696141947494
"2101","2339",0.00180696141947494
"2102","2340",0.00180696141947494
"2103","2341",0.000967306407089083
"2104","2342",0.000582671270704766
"2105","2343",0.000582671270704766
"2106","2344",0.000589497955048518
"2107","2345",0.00142245827648851
"2108","2346",0.00142245827648851
"2109","2347",0.00169563465683754
"2110","2348",0.00188997476551043
"2111","2349",0.00189472078476739
"2112","2350",0.00189472078476739
"2113","2351",0.00153956614103111
"2114","2352",0.00154045569571085
"2115","2353",0.00163432347313207
"2116","2354",7.55914297871379e-05
"2117","2355",7.47018751073964e-05
"2118","2356",0.000117622304470474
"2119","2357",0.000991718463067074
"2120","2358",0.00379169341821993
"2121","2359",0.00379169341821993
"2122","2360",0.00377801478797749
"2123","2361",0.0122472844276663
"2124","2362",0.00383250789523234
"2125","2363",0.00275731271617611
"2126","2364",0.00249869776933183
"2127","2365",0.00250220778240639
"2128","2366",0.00249843608117908
"2129","2367",0.00249843608117908
"2130","2368",3.45445314023899e-05
"2131","2369",1.82791762624738e-06
"2132","2370",1.39649420360749e-06
"2133","2371",1.33980808080539e-06
"2134","2372",1.33980808080539e-06
"2135","2373",1.33980808080539e-06
"2136","2374",1.33980808080539e-06
"2137","2375",1.33980808080539e-06
"2138","2376",1.33980808080539e-06
"2139","2377",1.33980808080539e-06
"2140","2378",1.33980808080539e-06
"2141","2379",1.5070095360751e-07
"2142","2380",1.5070095360751e-07
"2143","2381",1.5070095360751e-07
"2144","2382",1.5070095360751e-07
"2145","2393",0.00379225706901545
"2146","2394",0.00379226803339333
"2147","2395",0.0103827579363738
"2148","2396",0.0103827579363738
"2149","2397",0.00977459861885601
"2150","2398",0.0104481562256767
"2151","2399",0.0104481562256767
"2152","2400",0.0104481562256767
"2153","2401",0.0104481671900546
"2154","2402",0.0104481562256767
"2155","2403",0.0133734146854502
"2156","2404",0.0133734146854502
"2157","2405",0.0125587081884127
"2158","2406",0.0133679874007467
"2159","2407",0.00580177390297146
"2160","2408",0.00543798028122326
"2161","2409",0.00543798028122326
"2162","2410",0.00543141444335686
"2163","2411",0.00543141444335686
"2164","2412",0.00543141444335686
"2165","2413",0.00543330017186601
"2166","2414",0.00543330017186601
"2167","2415",0.00507869055238213
"2168","2416",0.00465205158757029
"2169","2417",0.00507869055238213
"2170","2418",0.00272768588113034
"2171","2419",0.00289969902487939
"2172","2420",0.00289086807538039
"2173","2421",0.00288393946863122
"2174","2422",0.00202662846013391
"2175","2423",2.23504285618321e-05
"2176","2424",6.95053094377064e-07
"2177","2425",9.219337608099e-08
"2178","2431",4.51669685536355e-07
"2179","2432",1.9439436540755e-06
"2180","2433",1.9439436540755e-06
"2181","2434",0.00249101005258034
"2182","2435",0.00272180190577403
"2183","2436",0.00269430049931217
"2184","2437",0.00269993318319268
"2185","2438",0.00116389280221763
"2186","2439",0.00106233988282627
"2187","2440",0.00106189415510481
"2188","2441",0.00104320380605195
"2189","2442",0.00080773006825664
"2190","2443",0.00080773006825664
"2191","2444",0.000913393419136696
"2192","2445",0.00202012063407003
"2193","2446",0.00202012063407003
"2194","2447",0.00202012063407003
"2195","2448",0.00182516945548978
"2196","2449",0.000926858325950763
"2197","2450",0.00182516945548978
"2198","2451",0.00153956614103111
"2199","2452",0.00153956614103111
"2200","2453",0.00153956614103111
"2201","2454",0.00170038067609449
"2202","2455",0.00170038067609449
"2203","2456",0.00189472078476739
"2204","2457",0.00189472078476739
"2205","2458",0.00189428236781858
"2206","2459",0.00153956614103111
"2207","2460",0.00115956594580522
"2208","2461",7.55914297871379e-05
"2209","2462",0.000131542876415292
"2210","2463",0.00013065332173555
"2211","2464",0.000117622304470474
"2212","2465",4.40779158055163e-07
"2213","2466",0.000192559842210887
"2214","2467",0.000977873076907125
"2215","2468",0.0020395245562555
"2216","2469",0.0020395245562555
"2217","2470",0.00383226798382212
"2218","2471",0.0011489354402513
"2219","2472",0.00112439246816309
"2220","2473",0.00249875244219784
"2221","2474",0.00249869776933183
"2222","2475",3.38761482141166e-05
"2223","2476",1.18910712719788e-06
"2224","2477",1.33980808080539e-06
"2225","2478",1.33980808080539e-06
"2226","2479",1.33980808080539e-06
"2227","2480",1.33980808080539e-06
"2228","2481",1.33980808080539e-06
"2229","2482",1.33980808080539e-06
"2230","2483",1.5070095360751e-07
"2231","2484",1.5070095360751e-07
"2232","2485",1.5070095360751e-07
"2233","2486",1.5070095360751e-07
"2234","2487",1.5070095360751e-07
"2235","2500",0.00060122027032999
"2236","2501",0.000503445377966659
"2237","2502",0.00379219792286567
"2238","2503",0.00374429139405191
"2239","2504",0.00969849949709481
"2240","2505",0.010377216503003
"2241","2506",0.0104481560354025
"2242","2507",0.0104481560354025
"2243","2508",0.009769144031225
"2244","2509",0.009769144031225
"2245","2510",0.009769144031225
"2246","2511",0.009769144031225
"2247","2512",0.0125532699393312
"2248","2513",0.00657205556543935
"2249","2514",0.00580171475682168
"2250","2515",0.00580171475682168
"2251","2516",0.00543141444335686
"2252","2517",0.00543141444335686
"2253","2518",0.00543141444335686
"2254","2519",0.0054290076485506
"2255","2520",0.00543141444335686
"2256","2521",0.00543141444335686
"2257","2522",0.00543330017186601
"2258","2523",0.00507869055238213
"2259","2524",0.00507869055238213
"2260","2525",0.00274145300029453
"2261","2526",0.00289085811672675
"2262","2527",0.00289085811672675
"2263","2528",0.00288897781502835
"2264","2529",0.00202485292643511
"2265","2530",0.00187210640048806
"2266","2531",1.20717769272995e-05
"2267","2532",8.44384716164554e-06
"2268","2533",8.44384716164554e-06
"2269","2534",8.44384716164554e-06
"2270","2538",4.51669685536355e-07
"2271","2539",4.51669685536355e-07
"2272","2540",1.9439436540755e-06
"2273","2541",0.00147538637737104
"2274","2542",0.00272180190577403
"2275","2543",0.00269430049931217
"2276","2544",0.00269993318319268
"2277","2545",0.00269993318319268
"2278","2546",0.00116300324753789
"2279","2547",0.00104364953377341
"2280","2548",0.00104364953377341
"2281","2549",0.00104320380605195
"2282","2550",0.00104320380605195
"2283","2551",0.00104409336073169
"2284","2552",0.00105800852266703
"2285","2553",0.00105800852266703
"2286","2554",0.00105800852266703
"2287","2555",0.00105711896798729
"2288","2556",0.00105711896798729
"2289","2557",0.000926858325950763
"2290","2558",0.000821156029193321
"2291","2559",0.000696929993789352
"2292","2560",0.000696929993789352
"2293","2561",0.000802069546555478
"2294","2562",0.000802069546555478
"2295","2563",0.000802069546555478
"2296","2564",0.000696929993789352
"2297","2565",2.94739249264069e-05
"2298","2566",2.94739249264069e-05
"2299","2567",3.03634796061484e-05
"2300","2568",7.55914297871379e-05
"2301","2569",0.000131542876415292
"2302","2570",0.00013065332173555
"2303","2571",0.00013065332173555
"2304","2574",4.40779158055163e-07
"2305","2575",4.40779158055163e-07
"2306","2576",3.81837482757545e-07
"2307","2577",7.89700495548449e-06
"2308","2578",0.000700562408660515
"2309","2579",0.000247169805175058
"2310","2580",0.000247169805175058
"2311","2581",0.00112439246816309
"2312","2582",1.73553176315058e-06
"2313","2583",3.4602262792643e-05
"2314","2584",3.40362734214713e-05
"2315","2585",2.67965954292036e-05
"2316","2586",2.38044285275161e-07
"2317","2587",2.38044285275161e-07
"2318","2588",2.38044285275161e-07
"2319","2589",2.38044285275161e-07
"2320","2608",0.000503445377966659
"2321","2609",0.00280968366380245
"2322","2610",0.00841329930675401
"2323","2611",0.00315568260934521
"2324","2612",0.00315568260934521
"2325","2613",0.00580171495616597
"2326","2614",0.00580171495616597
"2327","2615",0.00580171495616597
"2328","2616",0.00545197252932102
"2329","2617",0.0054290076485506
"2330","2618",0.00545197252932102
"2331","2619",0.00543809862796371
"2332","2620",0.00538759946855675
"2333","2621",0.00540387735322763
"2334","2622",0.00540387735322763
"2335","2623",0.0054141251211148
"2336","2624",0.00576957720528432
"2337","2625",0.00577146293379346
"2338","2626",0.00310313377438952
"2339","2627",0.0029310562551726
"2340","2628",0.00129216751469813
"2341","2629",0.00115708028968124
"2342","2630",0.00115020255008641
"2343","2631",1.20717769272995e-05
"2344","2632",1.20717769272995e-05
"2345","2633",1.20717769272995e-05
"2346","2634",1.20717769272995e-05
"2347","2635",8.44384716164554e-06
"2348","2637",4.51669685536355e-07
"2349","2638",4.51669685536355e-07
"2350","2639",4.51669685536355e-07
"2351","2640",1.9439436540755e-06
"2352","2641",1.9439436540755e-06
"2353","2642",0.00144788497090918
"2354","2643",0.00144788497090918
"2355","2644",0.00227597731748851
"2356","2645",0.00269948745547122
"2357","2646",0.00116389280221763
"2358","2647",0.00116389280221763
"2359","2648",0.00104453908845315
"2360","2649",0.00104320380605195
"2361","2650",0.00104320380605195
"2362","2651",0.00104320380605195
"2363","2652",0.00104409336073169
"2364","2653",0.00104409336073169
"2365","2654",0.00104409336073169
"2366","2655",0.00104364953377341
"2367","2656",0.00104364953377341
"2368","2657",0.00104364953377341
"2369","2658",0.000821156029193321
"2370","2659",0.000696929993789352
"2371","2660",0.000696929993789352
"2372","2661",0.000696929993789352
"2373","2662",0.000696929993789352
"2374","2663",0.000696929993789352
"2375","2664",2.94739249264069e-05
"2376","2668",6.12759141707152e-05
"2377","2673",2.06923650993066e-07
"2378","2674",2.06923650993066e-07
"2379","2678",4.84627580015078e-08
"2380","2680",2.38044285275161e-07
"2381","2681",2.38044285275161e-07
"2382","2682",2.38044285275161e-07
"2383","2683",2.38044285275161e-07
"2384","2684",2.38044285275161e-07
"2385","2685",2.38044285275161e-07
"2386","2686",2.38044285275161e-07
"2387","2701",0.000427852730340861
"2388","2702",0.00258638007692945
"2389","2703",0.00362780015164005
"2390","2704",0.00362774100549027
"2391","2705",0.00293125582717984
"2392","2706",0.00315568260934521
"2393","2707",0.00315568241000092
"2394","2708",0.00312203734323299
"2395","2709",0.00310812145452452
"2396","2710",0.00538759946855675
"2397","2711",0.00538759946855675
"2398","2712",0.00575369401641163
"2399","2713",0.00575369381706734
"2400","2714",0.00575369381706734
"2401","2715",0.00540315918935187
"2402","2716",0.00524878161327249
"2403","2717",0.00560128374049646
"2404","2718",0.00574682583523395
"2405","2719",0.00310125347269112
"2406","2720",0.00129216751469813
"2407","2721",0.00129216751469813
"2408","2722",0.0012852897751033
"2409","2723",1.20717769272995e-05
"2410","2724",1.20717769272995e-05
"2411","2725",1.20717769272995e-05
"2412","2726",1.20717769272995e-05
"2413","2727",1.20717769272995e-05
"2414","2728",1.20717769272995e-05
"2415","2729",4.51669685536355e-07
"2416","2730",4.51669685536355e-07
"2417","2731",4.51669685536355e-07
"2418","2732",4.51669685536355e-07
"2419","2733",4.51669685536355e-07
"2420","2734",4.51669685536355e-07
"2421","2735",4.51669685536355e-07
"2422","2736",0.000500812590068679
"2423","2737",0.000500812590068679
"2424","2738",0.000500812590068679
"2425","2739",0.00116389280221763
"2426","2740",0.00116389280221763
"2427","2741",0.00116389280221763
"2428","2742",0.00104270173745357
"2429","2743",0.000981927891881233
"2430","2744",0.000981927891881233
"2431","2745",0.00104320380605195
"2432","2746",0.00104320380605195
"2433","2747",0.00104320380605195
"2434","2748",0.00104320380605195
"2435","2749",0.00104320380605195
"2436","2750",0.00104320380605195
"2437","2751",0.00080773006825664
"2438","2752",0.000417840008539212
"2439","2753",0.000417840008539212
"2440","2754",0.000417840008539212
"2441","2761",6.12759141707152e-05
"2442","2762",6.12759141707152e-05
"2443","2781",2.38044285275161e-07
"2444","2782",2.38044285275161e-07
"2445","2783",2.38044285275161e-07
"2446","2784",2.38044285275161e-07
"2447","2798",0.00104576439842792
"2448","2799",0.0028108087446049
"2449","2800",0.00297689173157988
"2450","2801",0.00298618182673515
"2451","2802",0.00298370025177903
"2452","2803",0.00310783046252011
"2453","2804",0.00310812165386881
"2454","2805",0.00310812145452452
"2455","2806",0.00310812145452452
"2456","2807",0.00310812145452452
"2457","2808",0.00310125347269112
"2458","2809",0.00129216751469813
"2459","2810",0.00129216751469813
"2460","2811",3.42897054330971e-06
"2461","2812",3.42897054330971e-06
"2462","2813",5.7355194763039e-05
"2463","2814",8.67379574683794e-05
"2464","2815",8.67379574683794e-05
"2465","2816",3.25088803777147e-06
"2466","2817",3.25088803777147e-06
"2467","2818",3.25088803777147e-06
"2468","2819",3.25088803777147e-06
"2469","2820",3.25088803777147e-06
"2470","2821",3.25088803777147e-06
"2471","2822",2.63107471242878e-06
"2472","2823",1.20717769272995e-05
"2473","2824",1.20717769272995e-05
"2474","2825",1.20717769272995e-05
"2475","2826",1.20717769272995e-05
"2476","2827",4.51669685536355e-07
"2477","2828",4.51669685536355e-07
"2478","2829",4.51669685536355e-07
"2479","2830",4.51669685536355e-07
"2480","2831",4.51669685536355e-07
"2481","2832",4.51669685536355e-07
"2482","2833",4.51669685536355e-07
"2483","2834",4.51669685536355e-07
"2484","2835",0.000500812590068679
"2485","2836",0.000500812590068679
"2486","2837",0.00115200202930792
"2487","2838",0.00115200202930792
"2488","2839",0.000926027229302933
"2489","2840",0.000926027229302933
"2490","2846",0.000637769852775964
"2491","2860",6.12759141707152e-05
"2492","2889",2.38044285275161e-07
"2493","2890",2.38044285275161e-07
"2494","2907",0.00104576439842792
"2495","2908",0.00280419839690349
"2496","2909",0.0028108087446049
"2497","2910",0.00256688921729698
"2498","2911",0.00297712346129433
"2499","2912",0.00310125367203541
"2500","2913",0.00297712326195004
"2501","2914",0.00297712326195004
"2502","2915",0.00297712326195004
"2503","2916",0.00298399124378343
"2504","2917",0.000138726957825595
"2505","2921",5.37795562357093e-07
"2506","2922",5.37795562357093e-07
"2507","2923",5.37795562357093e-07
"2508","2924",5.37795562357093e-07
"2509","2925",3.25088803777147e-06
"2510","2926",3.25088803777147e-06
"2511","2927",3.25088803777147e-06
"2512","2928",3.25088803777147e-06
"2513","2929",3.25088803777147e-06
"2514","2930",3.25088803777147e-06
"2515","2931",2.63107471242878e-06
"2516","2932",2.63107471242878e-06
"2517","2933",2.63107471242878e-06
"2518","2944",4.51669685536355e-07
"2519","2945",4.51669685536355e-07
"2520","2946",4.51669685536355e-07
"2521","2947",0.000115725783998825
"2522","3024",0.00103875208282076
"2523","3027",0.000104821607018994
"2524","3028",0.00227613756406671
"2525","3029",0.00116530946055248
"2526","3030",0.000145604697420426
"2527","3031",0.000145604697420426
"2528","3032",0.000138726957825595
"2529","3033",3.39053508066016e-05
