"","cell_id","mean_fb"
"1","2",0.222629392431273
"2","3",0.222629392431273
"3","4",0.222629392431273
"4","5",0.222629392431273
"5","6",0.222629392431273
"6","8",0.222629392431273
"7","9",0.222629392431273
"8","12",0.222629392431273
"9","13",0.222629392431273
"10","16",0.222629392431273
"11","17",0.222629392431273
"12","22",0.222629392431273
"13","23",0.19702426954537
"14","27",0.223659696104151
"15","30",0.161861598018637
"16","31",0.204376097230221
"17","32",0.225836317196083
"18","34",0.174550335271242
"19","36",0.161861598018637
"20","37",0.139531856329728
"21","39",0.174550335271242
"22","40",0.154212198325081
"23","41",0.147212565974184
"24","44",0.161848061435863
"25","45",0.139482059729239
"26","47",0.111047759791082
"27","48",0.110394274809737
"28","49",0.111590190373702
"29","50",0.111590188632997
"30","51",0.11379644794154
"31","52",0.246921573309981
"32","53",0.50587942529519
"33","54",0.505840175527991
"34","55",0.505840175527991
"35","56",0.148439914340326
"36","57",0.435912984260586
"37","58",0.436160755712173
"38","59",0.436815987594837
"39","60",0.418811312086114
"40","61",0.144855289242647
"41","62",0.145716211813719
"42","63",0.422823250876035
"43","64",0.158821001931038
"44","65",0.299351103219506
"45","66",0.29518810825854
"46","67",0.504004435536198
"47","68",0.50369506178893
"48","69",0.45622634925394
"49","70",0.148439914340326
"50","71",0.435912984260586
"51","72",0.436160755712173
"52","73",0.435700261693101
"53","74",0.406165807738299
"54","75",0.406463464560542
"55","76",0.406960418060634
"56","77",0.407100151868997
"57","78",0.453655849246856
"58","79",0.453641636704811
"59","80",0.461074277090542
"60","81",0.432316470034743
"61","82",0.436183956924237
"62","83",0.192164181353408
"63","84",0.183151439474219
"64","85",0.179941305586015
"65","86",0.158821001931036
"66","87",0.190378660327672
"67","88",0.190378660327672
"68","89",0.190378660327672
"69","90",0.22103899838832
"70","91",0.261707179172988
"71","92",0.299536433269469
"72","93",0.295128723519904
"73","94",0.507636449456842
"74","95",0.50736655477872
"75","96",0.507374040355704
"76","97",0.501101824484731
"77","98",0.162207124118622
"78","99",0.435912984260586
"79","100",0.407724282545291
"80","101",0.407008652387843
"81","102",0.406093906168024
"82","103",0.405972597178175
"83","104",0.394789520618822
"84","105",0.347702249919934
"85","106",0.39441010755194
"86","107",0.496944647133288
"87","108",0.485637713271054
"88","109",0.466558610353763
"89","110",0.4542875469495
"90","111",0.502718980417729
"91","112",0.455647418860085
"92","113",0.179941305586015
"93","114",0.179941305586015
"94","115",0.200505047845784
"95","116",0.200505047845784
"96","117",0.200505047845784
"97","118",0.200505047845784
"98","119",0.190378660327671
"99","120",0.190742111766413
"100","121",0.190378660327671
"101","122",0.200505047845781
"102","123",0.200505047845781
"103","124",0.200505047845781
"104","125",0.261707179172988
"105","126",0.257668638724817
"106","127",0.299417440187153
"107","128",0.507734053855529
"108","129",0.504146643744799
"109","130",0.504156390341721
"110","131",0.456338946029481
"111","132",0.148439914340326
"112","133",0.517134470814841
"113","134",0.407955764088415
"114","135",0.408847619814686
"115","136",0.397257875914299
"116","137",0.408144760589572
"117","138",0.366258319133752
"118","139",0.330630545941741
"119","140",0.350520959632574
"120","141",0.346395117648568
"121","142",0.434388222890461
"122","143",0.43115196719747
"123","144",0.450593982744622
"124","145",0.443750190750513
"125","146",0.460770870260908
"126","147",0.457998969165601
"127","148",0.42557142550197
"128","149",0.42174741431058
"129","150",0.176651874433469
"130","151",0.159762682059011
"131","152",0.168168707803894
"132","153",0.168170284071308
"133","154",0.209700436223823
"134","155",0.209700436223822
"135","156",0.20980821432596
"136","157",0.209679415502941
"137","158",0.209679415502941
"138","159",0.206003495095821
"139","160",0.200577153782612
"140","161",0.200577153782612
"141","162",0.261996574762605
"142","163",0.216148849126402
"143","164",0.257879698321115
"144","165",0.251143346662293
"145","166",0.295278490447786
"146","167",0.50400382894991
"147","168",0.504003828949909
"148","169",0.503377092354678
"149","170",0.500534739465741
"150","171",0.162207124118622
"151","172",0.46176870877722
"152","173",0.39809813992295
"153","174",0.364707532339607
"154","175",0.468186706234838
"155","176",0.366254506488581
"156","177",0.330630545941741
"157","178",0.323627274882585
"158","179",0.346395117648568
"159","180",0.303769686922711
"160","181",0.352420011761845
"161","182",0.352420011761845
"162","183",0.442383073958661
"163","184",0.274686655365994
"164","185",0.337393368130368
"165","186",0.476591646768422
"166","187",0.442156083192875
"167","188",0.18002420907226
"168","189",0.18002420907226
"169","190",0.179941305586015
"170","191",0.439393768291854
"171","192",0.260254335361576
"172","193",0.26025433384602
"173","194",0.220298854050159
"174","195",0.220298855565719
"175","196",0.219557622661818
"176","197",0.219557622661818
"177","198",0.2194086466099
"178","199",0.219342361511709
"179","200",0.213019401008912
"180","201",0.213019401008912
"181","202",0.216294666235062
"182","203",0.257998855366303
"183","204",0.244339459717372
"184","205",0.297270652573988
"185","206",0.504480120294851
"186","207",0.504129649871564
"187","208",0.503614579741621
"188","209",0.148440129156155
"189","210",0.162207124118622
"190","211",0.617813275290234
"191","212",0.390678674281329
"192","213",0.293812614788986
"193","214",0.298726003443909
"194","215",0.36986214155394
"195","216",0.283181029073443
"196","217",0.272658022374582
"197","218",0.336027326159549
"198","219",0.303838695468557
"199","220",0.270394188594437
"200","221",0.137440631601179
"201","222",0.417232350172417
"202","223",0.418969966826723
"203","224",0.249472537302426
"204","225",0.391549612693682
"205","226",0.243772557305835
"206","227",0.246744537280776
"207","228",0.18002420907226
"208","229",0.18002420907226
"209","230",0.139965250209965
"210","231",0.139970928713716
"211","232",0.519766076670254
"212","233",0.505850869967253
"213","234",0.415231781193796
"214","235",0.415231781193796
"215","236",0.228340878162899
"216","237",0.232266905705186
"217","238",0.260254335361576
"218","239",0.260254335361576
"219","240",0.213093625328826
"220","241",0.213019401008912
"221","242",0.213019401008912
"222","243",0.209798855006662
"223","244",0.257998855366303
"224","245",0.257998855366303
"225","246",0.259342039725752
"226","247",0.218257369866032
"227","248",0.466984417529876
"228","249",0.465628186468496
"229","250",0.147183106156589
"230","251",0.162207124118622
"231","252",0.617813275290234
"232","253",0.491192366195221
"233","254",0.293812614788986
"234","255",0.293812614788986
"235","256",0.308037899541406
"236","257",0.283748174880563
"237","258",0.26107728195639
"238","259",0.303244397571525
"239","260",0.162559419275192
"240","261",0.137440631601179
"241","262",0.135982263227845
"242","263",0.135982263227845
"243","264",0.135960554003826
"244","265",0.257312298884603
"245","266",0.276509269600248
"246","267",0.296216668226538
"247","268",0.412008606193953
"248","269",0.327355451632471
"249","270",0.277414466010843
"250","271",0.18203373995049
"251","272",0.139970928713716
"252","273",0.138190191291705
"253","274",0.139970928713716
"254","275",0.442416349866522
"255","276",0.527130021075251
"256","277",0.59900747118349
"257","278",0.453364517670211
"258","279",0.454947006093729
"259","280",0.455074644195525
"260","281",0.414055006879725
"261","282",0.41541313433006
"262","283",0.260254335361576
"263","284",0.260254335361576
"264","285",0.260254335361576
"265","286",0.210543726875976
"266","287",0.209615005722494
"267","288",0.209615005722494
"268","289",0.217059305930315
"269","290",0.258604730284743
"270","291",0.458033093856446
"271","292",0.453584349640698
"272","293",0.452460350558533
"273","294",0.153569817518325
"274","295",0.112315487996679
"275","296",0.542104374290004
"276","297",0.769010941747808
"277","298",0.293799889052191
"278","299",0.209079129211653
"279","300",0.225218756285009
"280","301",0.288446428000895
"281","302",0.207305787864472
"282","303",0.160022211450057
"283","304",0.159771337086899
"284","305",0.135933986400864
"285","306",0.137936142113307
"286","307",0.135814981017502
"287","308",0.13568617897345
"288","309",0.13568617897345
"289","310",0.132700455144769
"290","311",0.265624932640107
"291","312",0.290607799807873
"292","313",0.322603559249194
"293","314",0.253322657463226
"294","315",0.148794697611732
"295","316",0.192277482559402
"296","317",0.184456405333868
"297","318",0.139965250209965
"298","319",0.1403277738403
"299","320",0.134884392900922
"300","321",0.52178524536107
"301","322",0.493128734937057
"302","323",0.593476292494597
"303","324",0.453364517670211
"304","325",0.453364517670211
"305","326",0.453364517670211
"306","327",0.454947006093729
"307","328",0.230740396963628
"308","329",0.230740396963628
"309","330",0.230740396963628
"310","331",0.230465167684223
"311","332",0.208949904824355
"312","333",0.228909863170252
"313","334",0.447938131726431
"314","335",0.446896439023789
"315","336",0.467085075337113
"316","337",0.45021860232101
"317","338",0.453401458428469
"318","339",0.112315487996679
"319","340",0.112315487996679
"320","341",0.656167930326369
"321","342",0.391944355786111
"322","343",0.178910765172137
"323","344",0.200099288628105
"324","345",0.207523776571973
"325","346",0.206683871180827
"326","347",0.162136717249375
"327","348",0.162136717249375
"328","349",0.152599117134462
"329","350",0.134947504683614
"330","351",0.139071660060246
"331","352",0.135814981017502
"332","353",0.135814981017502
"333","354",0.134156875421441
"334","355",0.13568617897345
"335","356",0.284481856732265
"336","357",0.293561157039353
"337","358",0.330382884872762
"338","359",0.331748372098016
"339","360",0.148794697611732
"340","361",0.148794697611732
"341","362",0.146116393758617
"342","363",0.138190191291705
"343","364",0.139965250209965
"344","365",0.128692203346413
"345","366",0.134884392900922
"346","367",0.134884392900922
"347","368",0.509868783333047
"348","369",0.596490525530011
"349","370",0.591527055722414
"350","371",0.405564038914715
"351","372",0.438809706251267
"352","373",0.438809706251267
"353","374",0.430253821724349
"354","375",0.464574372699312
"355","376",0.464574372699312
"356","377",0.460688095200249
"357","378",0.442946203780503
"358","379",0.405260934263961
"359","380",0.518015138935801
"360","381",0.446422007570741
"361","382",0.103612035726631
"362","383",0.47476456455898
"363","384",0.310673582548263
"364","385",0.165677778524176
"365","386",0.149153165147709
"366","387",0.154898808011818
"367","388",0.108027453213716
"368","389",0.108027453213716
"369","390",0.150787000185777
"370","391",0.150382189009988
"371","392",0.150382189009988
"372","393",0.139713320481893
"373","394",0.140284713678434
"374","395",0.143495030996281
"375","396",0.140374601059096
"376","397",0.136819975893493
"377","398",0.136819975893493
"378","399",0.360930900141699
"379","400",0.394825147930139
"380","401",0.303244825560555
"381","402",0.320495408261849
"382","403",0.171741327323397
"383","404",0.169032616173292
"384","405",0.165988441720996
"385","406",0.139961714759715
"386","407",0.147230470233008
"387","408",0.136717336125259
"388","409",0.136717336125259
"389","410",0.135079227407536
"390","411",0.188944124677491
"391","412",0.591576503239551
"392","413",0.591999699906545
"393","414",0.59548066113544
"394","415",0.405258565275603
"395","416",0.405292647561959
"396","417",0.406043372158399
"397","418",0.438906578912375
"398","419",0.438906578912375
"399","420",0.485367712863484
"400","421",0.438856017759198
"401","422",0.405302753226164
"402","423",0.525035709849296
"403","424",0.421653805002335
"404","425",0.10216964881203
"405","426",0.416022734344376
"406","427",0.315070330172572
"407","428",0.227889213543551
"408","429",0.125429190653285
"409","430",0.125429190653285
"410","431",0.125429190653285
"411","432",0.126206863895164
"412","433",0.101301810612949
"413","434",0.105342191848154
"414","435",0.150238358021342
"415","436",0.150238358021342
"416","437",0.136030179752534
"417","438",0.140309952038856
"418","439",0.140284713678434
"419","440",0.140284713678434
"420","441",0.140803475288695
"421","442",0.136819975893493
"422","443",0.136819975893493
"423","444",0.136819975893493
"424","445",0.426172467479708
"425","446",0.437258580784197
"426","447",0.425354865552888
"427","448",0.43450364215124
"428","449",0.162585192595042
"429","450",0.139961714759715
"430","451",0.139961714759715
"431","452",0.139961714759715
"432","453",0.147207177081231
"433","454",0.135079227407536
"434","455",0.135079227407536
"435","456",0.135121219644783
"436","457",0.139360328553511
"437","458",0.548006354917551
"438","459",0.593604420226353
"439","460",0.405292647561959
"440","461",0.405302753226164
"441","462",0.405302753226164
"442","463",0.406012512600231
"443","464",0.405302753226164
"444","465",0.101734129716506
"445","466",0.132857554840724
"446","467",0.11099817896442
"447","468",0.11099817896442
"448","469",0.12435767842534
"449","470",0.12435767842534
"450","471",0.0817081128414104
"451","472",0.0817081128414104
"452","473",0.096013441848352
"453","474",0.131326434450465
"454","475",0.136150095756764
"455","476",0.139209587285846
"456","477",0.14010403847813
"457","478",0.137446009150305
"458","479",0.137446009150305
"459","480",0.139969254229587
"460","481",0.140464592306076
"461","482",0.140464592306076
"462","483",0.136819975893493
"463","484",0.132408053395295
"464","485",0.507902779742768
"465","486",0.498786507097244
"466","487",0.451476676209058
"467","488",0.16320588618268
"468","489",0.16320588618268
"469","490",0.162637500784061
"470","491",0.16320588618268
"471","492",0.106147651745419
"472","493",0.104375154927697
"473","494",0.135079227407536
"474","495",0.135079227407536
"475","496",0.135079227407536
"476","497",0.141464431981349
"477","498",0.485447896441913
"478","499",0.489980888744955
"479","500",0.405302753226164
"480","501",0.405302753226164
"481","502",0.405302753226164
"482","503",0.101588728296074
"483","504",0.229924509279788
"484","505",0.102056760908209
"485","506",0.11099817896442
"486","507",0.11099817896442
"487","508",0.11099817896442
"488","509",0.11099817896442
"489","510",0.11099817896442
"490","511",0.126637829723995
"491","512",0.131471162595504
"492","513",0.133074425517089
"493","514",0.120695008898855
"494","515",0.135854927671773
"495","516",0.136545155562932
"496","517",0.137446009150305
"497","518",0.137446009150305
"498","519",0.137441372080756
"499","520",0.140464592306076
"500","521",0.140464592306076
"501","522",0.134594380890357
"502","523",0.132408053395295
"503","524",0.132408053395295
"504","525",0.504538906694883
"505","526",0.432714239472955
"506","527",0.172402909750721
"507","528",0.130565532688097
"508","529",0.129923594135127
"509","530",0.172144042016736
"510","531",0.0620276341993002
"511","532",0.0796296324324908
"512","533",0.128770922318703
"513","534",0.135079227407536
"514","535",0.135079227407536
"515","536",0.136687795042151
"516","537",0.28604442181919
"517","538",0.102056760908209
"518","539",0.11099817896442
"519","540",0.11099817896442
"520","541",0.11099817896442
"521","542",0.11099817896442
"522","543",0.105594615172464
"523","544",0.105594615172464
"524","545",0.107224732993831
"525","546",0.107224732993831
"526","547",0.107224732993831
"527","548",0.108887713816065
"528","549",0.120781341114845
"529","550",0.135854927671773
"530","551",0.135854927671773
"531","552",0.136545155562932
"532","553",0.137441372080756
"533","554",0.140464592306076
"534","555",0.137534959208153
"535","556",0.136683997976895
"536","557",0.136933890915427
"537","558",0.136481579241051
"538","559",0.496227397056077
"539","560",0.474926141710503
"540","561",0.186132020395148
"541","562",0.186038636828675
"542","563",0.186038636828675
"543","564",0.0976958439612549
"544","565",0.0976958439612549
"545","566",0.0796296324324908
"546","567",0.0781911837236065
"547","568",0.0781911837236065
"548","569",0.0772303123729684
"549","570",0.0761789756688432
"550","571",0.0761789756688432
"551","572",0.151234022939769
"552","573",0.22661927300952
"553","574",0.11099817896442
"554","575",0.11099817896442
"555","576",0.11099817896442
"556","577",0.11453809102065
"557","578",0.11453809102065
"558","579",0.105594615172464
"559","580",0.107224732993831
"560","581",0.107224732993831
"561","582",0.107224732993831
"562","583",0.107224732993831
"563","584",0.108887713816065
"564","585",0.108887713816065
"565","586",0.132877255942442
"566","587",0.135854927671773
"567","588",0.132877255942442
"568","589",0.134482326742786
"569","590",0.137015247116098
"570","591",0.136951850610302
"571","592",0.136951850610302
"572","593",0.136933890915427
"573","594",0.136481579241051
"574","595",0.136481579241051
"575","596",0.471986513619794
"576","597",0.480471157569457
"577","598",0.475972058319164
"578","599",0.211666058454296
"579","600",0.127830110611072
"580","601",0.129903748416887
"581","602",0.119914353299996
"582","603",0.0976958439612549
"583","604",0.069406673683334
"584","605",0.0781911837236065
"585","606",0.0781911837236065
"586","607",0.076982980748476
"587","608",0.0772303123729684
"588","609",0.0761091403148235
"589","610",0.0788139894380942
"590","611",0.0788139894380942
"591","612",0.0788139894380942
"592","613",0.589100799809031
"593","614",0.519660785339
"594","615",0.163500418276718
"595","616",0.165526624052399
"596","617",0.165005956915805
"597","618",0.179459272901518
"598","619",0.129139919627264
"599","620",0.11099817896442
"600","621",0.110395200227026
"601","622",0.076796811010688
"602","623",0.079068890394275
"603","624",0.0708948483801372
"604","625",0.0718413084246518
"605","626",0.0727896807906856
"606","627",0.0727896807906856
"607","628",0.072507001435381
"608","629",0.106794371702259
"609","630",0.106794371702259
"610","631",0.107224732993831
"611","632",0.121091388488966
"612","633",0.131568522502598
"613","634",0.131568522502598
"614","635",0.131568522502598
"615","636",0.13639961513981
"616","637",0.136933890915427
"617","638",0.136933890915427
"618","639",0.136933890915427
"619","640",0.136933890915427
"620","641",0.245706666567424
"621","642",0.244420552793857
"622","643",0.0595238459748303
"623","644",0.0581726931418688
"624","645",0.129595222717846
"625","646",0.129595222717846
"626","647",0.129726208136357
"627","648",0.0581726931418688
"628","649",0.0606623045379993
"629","650",0.0796296324324908
"630","651",0.0774597588518251
"631","652",0.0774597588518251
"632","653",0.0770501255158858
"633","654",0.0768420234500356
"634","655",0.0788139894380942
"635","656",0.534778750342953
"636","657",0.515332585399284
"637","658",0.518552997354701
"638","659",0.513058268362767
"639","660",0.143850925992116
"640","661",0.11099817896442
"641","662",0.0767968110106879
"642","663",0.0758550079253066
"643","664",0.079068890394275
"644","665",0.0678287880929207
"645","666",0.0727896807906856
"646","667",0.072507001435381
"647","668",0.072507001435381
"648","669",0.072507001435381
"649","670",0.106794371702259
"650","671",0.106794371702259
"651","672",0.106794371702259
"652","673",0.121165931450332
"653","674",0.131568522502598
"654","675",0.131568522502598
"655","676",0.131568522502598
"656","677",0.136354422244902
"657","678",0.136933890915427
"658","679",0.136933890915427
"659","680",0.247525624256493
"660","681",0.245706666567424
"661","682",0.0575805351478299
"662","683",0.0575805351478299
"663","684",0.0575805351478299
"664","685",0.0575805351478299
"665","686",0.131739232773354
"666","687",0.129726208136357
"667","688",0.130246397363605
"668","689",0.0546666499532543
"669","690",0.0932406071727671
"670","691",0.0982316790616861
"671","692",0.0782006233117017
"672","693",0.0961402741770567
"673","694",0.0770501255158858
"674","695",0.0788139894380942
"675","696",0.0790555759377568
"676","697",0.342613315248026
"677","698",0.0804753898167042
"678","699",0.349593476525077
"679","700",0.614640701358471
"680","701",0.582124672694671
"681","702",0.54907157425664
"682","703",0.534500611053765
"683","704",0.534351721209552
"684","705",0.146846107170335
"685","706",0.143850925992116
"686","707",0.0770296579418685
"687","708",0.0756006517473177
"688","709",0.0756006517473177
"689","710",0.067317371879132
"690","711",0.0693183975599669
"691","712",0.0693183975599669
"692","713",0.072507001435381
"693","714",0.072507001435381
"694","715",0.106794371702259
"695","716",0.106794371702259
"696","717",0.106794371702259
"697","718",0.121402048698125
"698","719",0.121402048698125
"699","720",0.131568522502598
"700","721",0.131568522502598
"701","722",0.247525624256493
"702","723",0.0562929072518381
"703","724",0.056593531472596
"704","725",0.056593531472596
"705","726",0.056593531472596
"706","727",0.056593531472596
"707","728",0.056593531472596
"708","729",0.056593531472596
"709","730",0.056593531472596
"710","731",0.0553946329600858
"711","732",0.0580115147128597
"712","733",0.0951106523929694
"713","734",0.0961402741770567
"714","735",0.0981291333622151
"715","736",0.114233647628066
"716","737",0.0788139894380942
"717","738",0.0783724665879932
"718","739",0.359143138672114
"719","740",0.355129341569001
"720","741",0.0803764750892218
"721","742",0.0806864068513448
"722","743",0.64837452009879
"723","744",0.16327209024338
"724","745",0.143850925992116
"725","746",0.0377464980157942
"726","747",0.0363419118796592
"727","748",0.0793670038324936
"728","749",0.0641967387140666
"729","750",0.0366257013533702
"730","751",0.0377075472877458
"731","752",0.0663713354872113
"732","753",0.0697470789696861
"733","754",0.0697470789696861
"734","755",0.103644824607058
"735","756",0.117201090708422
"736","757",0.121402048698125
"737","758",0.121402048698125
"738","759",0.0562929072518381
"739","760",0.0562929072518381
"740","761",0.056593531472596
"741","762",0.056593531472596
"742","763",0.056593531472596
"743","764",0.056593531472596
"744","765",0.056593531472596
"745","766",0.056593531472596
"746","767",0.0562929072518381
"747","768",0.0553946329600858
"748","769",0.0561933313848871
"749","770",0.0864589084553315
"750","771",0.0758938592539092
"751","772",0.110322905946875
"752","773",0.112485481846749
"753","774",0.153071579516947
"754","775",0.288980747729687
"755","776",0.0788139894380942
"756","777",0.0788139894380942
"757","778",0.0669175192501961
"758","779",0.359143138672114
"759","780",0.359143138672114
"760","781",0.0796836541379425
"761","782",0.0796836541379425
"762","783",0.159698922653186
"763","784",0.0506926205998463
"764","785",0.0507807218586781
"765","786",0.0515681049384245
"766","787",0.0526955241813661
"767","788",0.0505688741816871
"768","789",0.0499682206297715
"769","790",0.0784681190209432
"770","791",0.0796123982586258
"771","792",0.0784681190209432
"772","793",0.152857611738601
"773","794",0.152857611738601
"774","795",0.150782741616807
"775","796",0.152979472578293
"776","797",0.0562929072518381
"777","798",0.0562929072518381
"778","799",0.056593531472596
"779","800",0.056593531472596
"780","801",0.056593531472596
"781","802",0.056593531472596
"782","803",0.056593531472596
"783","804",0.056593531472596
"784","805",0.0575805351478299
"785","806",0.0670072057775294
"786","807",0.0662024962680684
"787","808",0.0828566544658271
"788","809",0.0771823569053815
"789","810",0.112485481846749
"790","811",0.136555000106394
"791","812",0.22429903540173
"792","813",0.302898058010943
"793","814",0.289098798404794
"794","815",0.0788139894380942
"795","816",0.0643780176697332
"796","817",0.359143138672114
"797","818",0.0796836541379425
"798","819",0.0796836541379425
"799","820",0.159698922653186
"800","821",0.0506926205998463
"801","822",0.0547766220244317
"802","823",0.0506340899991234
"803","824",0.0526955241813661
"804","825",0.0506340899991234
"805","826",0.0816560523270074
"806","827",0.0785742941390987
"807","828",0.0785742941390987
"808","829",0.0784681190209432
"809","830",0.0784681190209432
"810","831",0.150716206378775
"811","832",0.148567536317887
"812","833",0.131899018555884
"813","834",0.131899018555884
"814","835",0.138161862902103
"815","836",0.0553946329600858
"816","837",0.0570638541413312
"817","838",0.0595238459748303
"818","839",0.0575805351478299
"819","840",0.0575805351478299
"820","841",0.0670072057775294
"821","842",0.0670072057775294
"822","843",0.0670072057775294
"823","844",0.0670072057775294
"824","845",0.0711598624572794
"825","846",0.073244709715069
"826","847",0.0932739961241104
"827","848",0.103835792452336
"828","849",0.103835792452336
"829","850",0.107870491022664
"830","851",0.134274934453041
"831","852",0.279245623620342
"832","853",0.442783253951368
"833","854",0.576548351339333
"834","855",0.0788139894380942
"835","856",0.0626248911269087
"836","857",0.0643780176697332
"837","858",0.0794293333926208
"838","859",0.0794293333926208
"839","860",0.159781564864226
"840","861",0.0988086564654152
"841","862",0.0946711647746562
"842","863",0.0945780607347425
"843","864",0.0564549894168855
"844","865",0.0506340899991234
"845","866",0.0816560523270074
"846","867",0.0816560523270074
"847","868",0.0816560523270074
"848","869",0.0816560523270074
"849","870",0.138161862902103
"850","871",0.138161862902103
"851","872",0.0562929072518381
"852","873",0.0562929072518381
"853","874",0.0562929072518381
"854","875",0.0562929072518381
"855","876",0.0570638541413312
"856","877",0.0562929072518381
"857","878",0.138161862902103
"858","879",0.131899018555884
"859","880",0.0562929072518381
"860","881",0.0837217074372234
"861","882",0.0774370015435221
"862","883",0.0693527347045008
"863","884",0.0693527347045008
"864","885",0.0815297263706036
"865","886",0.0815297263706036
"866","887",0.0815297263706036
"867","888",0.0696310170313001
"868","889",0.0964713129688409
"869","890",0.0964713129688409
"870","891",0.0791539944358807
"871","892",0.0964713129688409
"872","893",0.0940709566149181
"873","894",0.0943089440514932
"874","895",0.107870491022664
"875","896",0.297204745259513
"876","897",0.281923634118762
"877","898",0.459519940196108
"878","899",0.364205147014678
"879","900",0.619417901019114
"880","901",0.37200653537778
"881","902",0.0809849138127503
"882","903",0.181219134504033
"883","904",0.0946711647746562
"884","905",0.0954220078143583
"885","906",0.0945780607347425
"886","907",0.0945780607347425
"887","908",0.095974324804513
"888","909",0.09207581626814
"889","910",0.0830403384370691
"890","911",0.0830403384370691
"891","912",0.0570638541413312
"892","913",0.0562676452822912
"893","914",0.0554817527863358
"894","915",0.0659892597138949
"895","916",0.0680572149292868
"896","917",0.265161258713431
"897","918",0.268646527101798
"898","919",0.0570638541413312
"899","920",0.0659892597138949
"900","921",0.0672955185783942
"901","922",0.0774370015435221
"902","923",0.0774370015435221
"903","924",0.0916288288962566
"904","925",0.0916288288962566
"905","926",0.0964713129688409
"906","927",0.0964713129688409
"907","928",0.0815297263706036
"908","929",0.0815297263706036
"909","930",0.0815297263706036
"910","931",0.109893501697746
"911","932",0.0964713129688409
"912","933",0.0964713129688409
"913","934",0.0964713129688409
"914","935",0.25519240613128
"915","936",0.265256117335311
"916","937",0.265264506905469
"917","938",0.103136491297397
"918","939",0.301081227169269
"919","940",0.276132303592355
"920","941",0.387405462519374
"921","942",0.342535367663971
"922","943",0.402344303755622
"923","944",0.372562916179943
"924","945",0.0792169874102351
"925","946",0.0808719692759105
"926","947",0.118157130995525
"927","948",0.0954220078143583
"928","949",0.0954220078143583
"929","950",0.0945780607347425
"930","951",0.271554550767615
"931","952",0.0672955185783942
"932","953",0.0678403114627117
"933","954",0.264177691573677
"934","955",0.264119143039871
"935","956",0.265626032112103
"936","957",0.265626025714327
"937","958",0.261579245339995
"938","959",0.262351695637663
"939","960",0.260099007081847
"940","961",0.260099007081847
"941","962",0.260099007081847
"942","963",0.260099007081847
"943","964",0.262191640753927
"944","965",0.276386522546915
"945","966",0.276386522546915
"946","967",0.280119859154492
"947","968",0.359141190666817
"948","969",0.294642424007281
"949","970",0.29158868583923
"950","971",0.291473529092508
"951","972",0.284724378133323
"952","973",0.264054057876235
"953","974",0.26466433393834
"954","975",0.255203909014638
"955","976",0.255192392312371
"956","977",0.264657304424095
"957","978",0.125974897997829
"958","979",0.312580809309989
"959","980",0.300937314519107
"960","981",0.612297406432623
"961","982",0.361344164789707
"962","983",0.379865081663519
"963","984",0.0778203043169844
"964","985",0.336492234361954
"965","986",0.183855953979748
"966","987",0.134397574723432
"967","988",0.271554380127953
"968","989",0.267966300925952
"969","990",0.27005778276673
"970","991",0.268248467813271
"971","992",0.268583418741178
"972","993",0.299896235106731
"973","994",0.440511090550544
"974","995",0.437283379954183
"975","996",0.434694348487668
"976","997",0.432731768477166
"977","998",0.267969983786363
"978","999",0.267969983786363
"979","1000",0.311856601103287
"980","1001",0.301427836687028
"981","1002",0.277308963212522
"982","1003",0.284728447455587
"983","1004",0.359235997278822
"984","1005",0.28965116928237
"985","1006",0.283950225962947
"986","1007",0.401270118860412
"987","1008",0.393972652490392
"988","1009",0.462864708922671
"989","1010",0.487952457429685
"990","1011",0.279884991213302
"991","1012",0.269631366530437
"992","1013",0.265482893526283
"993","1014",0.271742772624329
"994","1015",0.127942975192368
"995","1016",0.324684822451236
"996","1017",0.324796523831239
"997","1018",0.435982746916872
"998","1019",0.361357513476824
"999","1020",0.36135175636873
"1000","1021",0.379865634180595
"1001","1022",0.0745868917400786
"1002","1023",0.0755175381206497
"1003","1024",0.0778203043169844
"1004","1025",0.333715503921548
"1005","1026",0.333715503921548
"1006","1027",0.131682078008458
"1007","1028",0.137315200317823
"1008","1029",0.133157745818327
"1009","1030",0.134397574723432
"1010","1031",0.290291676981709
"1011","1032",0.46725580445082
"1012","1033",0.465497888670692
"1013","1034",0.275600923658164
"1014","1035",0.270205612814867
"1015","1036",0.281663548285085
"1016","1037",0.428336995891348
"1017","1038",0.426287324207963
"1018","1039",0.463506493486218
"1019","1040",0.403853714941014
"1020","1041",0.403853714941014
"1021","1042",0.411590558407051
"1022","1043",0.411590558407051
"1023","1044",0.428540912648149
"1024","1045",0.428540912648149
"1025","1046",0.428540912648149
"1026","1047",0.399459560661026
"1027","1048",0.399459560661026
"1028","1049",0.399459560661026
"1029","1050",0.420880431415384
"1030","1051",0.420880431415384
"1031","1052",0.499483340408181
"1032","1053",0.499483340408181
"1033","1054",0.283338929039915
"1034","1055",0.269944730167839
"1035","1056",0.269944730167839
"1036","1057",0.288249064328591
"1037","1058",0.128449580667513
"1038","1059",0.436234563828968
"1039","1060",0.377636023038292
"1040","1061",0.498299472416433
"1041","1062",0.552938485875065
"1042","1063",0.361351754011921
"1043","1064",0.368136293293857
"1044","1065",0.391672766842321
"1045","1066",0.0745868917400786
"1046","1067",0.0755175381206497
"1047","1068",0.0754719821789589
"1048","1069",0.10296204546628
"1049","1070",0.102691072851422
"1050","1071",0.357964654520696
"1051","1072",0.133704991002548
"1052","1073",0.111498472649929
"1053","1074",0.106305796805587
"1054","1075",0.143124404060673
"1055","1076",0.139957983801775
"1056","1077",0.137315200317823
"1057","1078",0.498841065820505
"1058","1079",0.176980529097099
"1059","1080",0.270064161482534
"1060","1081",0.243545029545374
"1061","1082",0.243545029545374
"1062","1083",0.21619021975742
"1063","1084",0.420630618342062
"1064","1085",0.21619021975742
"1065","1086",0.21619021975742
"1066","1087",0.21619021975742
"1067","1088",0.21619021975742
"1068","1089",0.21619021975742
"1069","1090",0.585950074067459
"1070","1091",0.21619021975742
"1071","1092",0.21619021975742
"1072","1093",0.21619021975742
"1073","1094",0.356805600670649
"1074","1095",0.356805600670649
"1075","1096",0.356805600670649
"1076","1097",0.356805600670649
"1077","1098",0.356805600670649
"1078","1099",0.21619021975742
"1079","1100",0.420048436874179
"1080","1101",0.358693582178255
"1081","1102",0.358167891167063
"1082","1103",0.341051536811485
"1083","1104",0.324411693279443
"1084","1105",0.344250508654179
"1085","1106",0.443248312142172
"1086","1107",0.257146382963383
"1087","1108",0.176905340361779
"1088","1109",0.517470754645106
"1089","1110",0.573615638405692
"1090","1111",0.573615638405692
"1091","1112",0.361350525168737
"1092","1113",0.368144750808318
"1093","1114",0.3901739268096
"1094","1115",0.381261343008762
"1095","1116",0.0843747632051181
"1096","1117",0.0794223809471756
"1097","1118",0.0789127498967218
"1098","1119",0.0864369412147889
"1099","1120",0.089008299760594
"1100","1121",0.10296204546628
"1101","1122",0.10296204546628
"1102","1123",0.358719870580475
"1103","1124",0.128826752211754
"1104","1125",0.128826752211754
"1105","1126",0.1128298425693
"1106","1127",0.103810628048452
"1107","1128",0.144370814776702
"1108","1129",0.144364061137
"1109","1130",0.45647700264625
"1110","1131",0.441505181664591
"1111","1133",0.109108557263072
"1112","1134",0.109108557263072
"1113","1135",0.109108557263072
"1114","1136",0.109108557263072
"1115","1137",0.109108557263072
"1116","1138",0.109108557263072
"1117","1139",0.109108557263072
"1118","1140",0.109108557263072
"1119","1141",0.109108557263072
"1120","1143",0.627327772779356
"1121","1152",0.109108557263072
"1122","1153",0.196914589182868
"1123","1154",0.342437325327475
"1124","1155",0.347646039474688
"1125","1156",0.287172077220319
"1126","1157",0.388561532970889
"1127","1158",0.44569011496195
"1128","1159",0.434343785934059
"1129","1160",0.186261552903226
"1130","1161",0.202166041607151
"1131","1162",0.202166041607151
"1132","1163",0.244140058353127
"1133","1164",0.244140058353127
"1134","1165",0.255279548848621
"1135","1166",0.376071898126987
"1136","1167",0.382244509638922
"1137","1168",0.373443272927376
"1138","1169",0.370291246568243
"1139","1170",0.382407543117241
"1140","1171",0.384836703297526
"1141","1172",0.0843747632051181
"1142","1173",0.080386864221855
"1143","1174",0.102691072851422
"1144","1175",0.0887383433406031
"1145","1176",0.0890083996248679
"1146","1177",0.0887382434763292
"1147","1178",0.11372694455757
"1148","1179",0.11372694455757
"1149","1180",0.153330326748975
"1150","1181",0.188715371802893
"1151","1182",0.195853066376051
"1152","1183",0.431733957662622
"1153","1185",0.109108557263072
"1154","1194",0.340404219641985
"1155","1195",0.340404219641985
"1156","1202",0.550091522250672
"1157","1203",0.550091522250672
"1158","1206",0.109108557263072
"1159","1207",0.571327350916038
"1160","1208",0.422581580624709
"1161","1209",0.237584557472654
"1162","1210",0.21760386254353
"1163","1211",0.439368971745699
"1164","1212",0.264556729689294
"1165","1213",0.186261552903226
"1166","1214",0.20493502894309
"1167","1215",0.20493502894309
"1168","1218",0.193981692959906
"1169","1219",0.479239950599481
"1170","1220",0.391091854925093
"1171","1221",0.372427777879875
"1172","1222",0.383720903691715
"1173","1223",0.383720903691715
"1174","1224",0.383559199309667
"1175","1225",0.384921543239185
"1176","1226",0.383130223529193
"1177","1227",0.377458828523458
"1178","1228",0.102758474910171
"1179","1229",0.0870279678272409
"1180","1230",0.0803303446790376
"1181","1231",0.079604958774461
"1182","1232",0.0887382434763293
"1183","1233",0.0887383433406031
"1184","1234",0.0887383433406031
"1185","1235",0.0887383433406031
"1186","1236",0.102691072851422
"1187","1237",0.11372694455757
"1188","1238",0.128970777456985
"1189","1239",0.17060196453847
"1190","1240",0.188955215654367
"1191","1242",0.109108557263072
"1192","1243",0.109108557263072
"1193","1251",0.45175710263163
"1194","1252",0.45175710263163
"1195","1253",0.340404219641985
"1196","1254",0.340404219641985
"1197","1259",0.550091522250672
"1198","1260",0.550091522250672
"1199","1263",0.109108557263072
"1200","1264",0.571327350916038
"1201","1265",0.222775793863131
"1202","1266",0.237584557472654
"1203","1267",0.39058870565035
"1204","1268",0.39058870565035
"1205","1269",0.202166041607151
"1206","1270",0.504931253275686
"1207","1275",0.54839389048314
"1208","1276",0.296131168273606
"1209","1277",0.296131168273606
"1210","1278",0.38527043881732
"1211","1279",0.383564288283644
"1212","1280",0.381096460392263
"1213","1281",0.385082708903932
"1214","1282",0.383721486121728
"1215","1283",0.383564886433975
"1216","1284",0.384920259096884
"1217","1285",0.383130223529193
"1218","1286",0.374331288554787
"1219","1287",0.102758474910171
"1220","1288",0.0986777644630817
"1221","1289",0.0847248513751183
"1222","1290",0.0802869074287333
"1223","1291",0.0803303446790376
"1224","1292",0.0796050586387348
"1225","1293",0.0887383433406031
"1226","1294",0.0923659688008852
"1227","1295",0.0905106187506965
"1228","1296",0.0905106187506965
"1229","1297",0.0905106187506965
"1230","1298",0.0962660749191033
"1231","1299",0.136595577263585
"1232","1300",0.48438779667034
"1233","1301",0.358146940951602
"1234","1302",0.47794446125852
"1235","1303",0.118129583623156
"1236","1304",0.119778954657984
"1237","1305",0.195479520301463
"1238","1306",0.173544677925903
"1239","1307",0.22030942819536
"1240","1308",0.186865149073136
"1241","1309",0.109108557263072
"1242","1310",0.109108557263072
"1243","1318",0.340404219641985
"1244","1319",0.340404219641985
"1245","1320",0.340404219641985
"1246","1321",0.340404219641985
"1247","1322",0.340404219641985
"1248","1329",0.186865149073136
"1249","1330",0.578185936236897
"1250","1331",0.578185936236897
"1251","1332",0.545398276675333
"1252","1333",0.585532253609403
"1253","1334",0.529031984447424
"1254","1335",0.490636205875404
"1255","1338",0.513930356580438
"1256","1339",0.388606135689879
"1257","1340",0.388606135689879
"1258","1341",0.392144328258555
"1259","1342",0.385082708903932
"1260","1343",0.381526411658256
"1261","1344",0.381372912184695
"1262","1345",0.384694091755467
"1263","1346",0.382986223957258
"1264","1347",0.381096460392263
"1265","1348",0.383125441411604
"1266","1349",0.131481563450859
"1267","1350",0.0804172038749309
"1268","1351",0.0804172038749309
"1269","1352",0.079604958774461
"1270","1353",0.0796496639747235
"1271","1354",0.329620997041189
"1272","1355",0.332089987330803
"1273","1356",0.482028499005485
"1274","1357",0.516696906470417
"1275","1358",0.35489279500156
"1276","1359",0.35489279500156
"1277","1360",0.0967353462534836
"1278","1361",0.0967353462534836
"1279","1362",0.491777853430541
"1280","1363",0.491745377051824
"1281","1364",0.34844945568563
"1282","1365",0.47794446125852
"1283","1366",0.119493103503827
"1284","1367",0.119493103503827
"1285","1368",0.187936137898993
"1286","1369",0.195479520301463
"1287","1370",0.185375343282116
"1288","1371",0.266985664595222
"1289","1372",0.292167509221017
"1290","1373",0.186865149073136
"1291","1374",0.109108557263072
"1292","1375",0.109108557263072
"1293","1376",0.109108557263072
"1294","1377",0.109108557263072
"1295","1386",0.340404219641985
"1296","1387",0.340404219641985
"1297","1394",0.5719180501543
"1298","1395",0.271737417092335
"1299","1396",0.209464162662329
"1300","1397",0.320294613314318
"1301","1398",0.331604961211022
"1302","1399",0.585532253609403
"1303","1401",0.490636205875404
"1304","1402",0.185054421483548
"1305","1404",0.372683121585146
"1306","1405",0.37299148697282
"1307","1406",0.305575223221367
"1308","1407",0.381912647435712
"1309","1408",0.569336962496612
"1310","1409",0.212159734782684
"1311","1410",0.38495118481735
"1312","1411",0.384894275419135
"1313","1412",0.387751238879016
"1314","1413",0.390853888439472
"1315","1414",0.384983920615186
"1316","1415",0.381372912184695
"1317","1416",0.382986223957258
"1318","1417",0.375629608477323
"1319","1418",0.37764162036174
"1320","1419",0.37751217451683
"1321","1420",0.0830677901942695
"1322","1421",0.079604958774461
"1323","1422",0.080386864221855
"1324","1423",0.343692140748319
"1325","1424",0.344459338020666
"1326","1425",0.344459159050073
"1327","1426",0.34496828657083
"1328","1427",0.486236317775991
"1329","1428",0.486842995870001
"1330","1429",0.362376298846444
"1331","1430",0.367980295292377
"1332","1431",0.10104448755622
"1333","1432",0.400851322394118
"1334","1433",0.518737926814273
"1335","1434",0.517838476756157
"1336","1435",0.139165541447355
"1337","1436",0.0963943977804447
"1338","1437",0.159918456953398
"1339","1438",0.151732478023851
"1340","1439",0.200216512732067
"1341","1440",0.197698448248992
"1342","1441",0.196551373078216
"1343","1442",0.196551373078216
"1344","1443",0.482263898964346
"1345","1444",0.406047631151252
"1346","1445",0.295398449975913
"1347","1446",0.258138252257371
"1348","1447",0.30017409770806
"1349","1448",0.449610162989934
"1350","1449",0.471961013706644
"1351","1450",0.134802349337265
"1352","1460",0.136687007660313
"1353","1461",0.136687007660313
"1354","1462",0.136687007660313
"1355","1463",0.136687007660313
"1356","1464",0.579475570665048
"1357","1465",0.367535492465045
"1358","1466",0.195069318797512
"1359","1467",0.184971556611693
"1360","1468",0.196690316702404
"1361","1469",0.226111326440496
"1362","1470",0.136687007660313
"1363","1474",0.18296625958521
"1364","1475",0.235649336257712
"1365","1476",0.235649336257712
"1366","1477",0.132288697662862
"1367","1478",0.175974456462039
"1368","1479",0.260714796380945
"1369","1480",0.279733205495923
"1370","1481",0.126151626250451
"1371","1482",0.126151626250451
"1372","1483",0.471427394999603
"1373","1484",0.384894275419135
"1374","1485",0.535750952844161
"1375","1486",0.63153420627502
"1376","1487",0.388311743937209
"1377","1488",0.362058088390234
"1378","1489",0.368918692478042
"1379","1490",0.368918692478042
"1380","1491",0.37764162036174
"1381","1492",0.377513105787937
"1382","1493",0.529901435097177
"1383","1494",0.487997421026853
"1384","1495",0.518645324207515
"1385","1496",0.544901599449368
"1386","1497",0.453654385339443
"1387","1498",0.367158269955179
"1388","1499",0.349879004531438
"1389","1500",0.528695525657948
"1390","1501",0.358206054509935
"1391","1502",0.358196070258835
"1392","1503",0.10104448755622
"1393","1504",0.10104448755622
"1394","1505",0.531749240891917
"1395","1506",0.519508729681637
"1396","1507",0.518406645174761
"1397","1508",0.525437436762869
"1398","1509",0.517503809171829
"1399","1510",0.518558668240285
"1400","1511",0.206549187122313
"1401","1512",0.21352678004196
"1402","1513",0.20469452763809
"1403","1514",0.199359521719654
"1404","1515",0.192319520606822
"1405","1516",0.197237219564807
"1406","1517",0.20187917674637
"1407","1518",0.272290175312089
"1408","1519",0.406047631151252
"1409","1520",0.136514800349445
"1410","1521",0.29538791608226
"1411","1522",0.295391124369534
"1412","1523",0.294921497475598
"1413","1524",0.294921010533158
"1414","1525",0.294906867777773
"1415","1526",0.294906867777773
"1416","1527",0.294921010533158
"1417","1528",0.25770532154282
"1418","1529",0.258977577278874
"1419","1530",0.276743140984425
"1420","1531",0.282572389866838
"1421","1532",0.14608609887849
"1422","1537",0.136687007660313
"1423","1538",0.198527282922972
"1424","1539",0.128212882559431
"1425","1540",0.123107217839829
"1426","1541",0.136687007660313
"1427","1542",0.30241787803469
"1428","1543",0.302418448125384
"1429","1544",0.57449267993927
"1430","1545",0.529254331019337
"1431","1546",0.37587542195925
"1432","1547",0.195069318797512
"1433","1548",0.327823279118054
"1434","1549",0.184403925026978
"1435","1550",0.333442693863457
"1436","1551",0.189255431333726
"1437","1552",0.186865149073136
"1438","1554",0.19533652302404
"1439","1555",0.167783328903988
"1440","1556",0.130469250005664
"1441","1557",0.234020947811112
"1442","1558",0.235613773165018
"1443","1559",0.256964396444877
"1444","1560",0.188708851958441
"1445","1561",0.133372905976881
"1446","1562",0.133372905976881
"1447","1563",0.162618774566965
"1448","1564",0.209786962516919
"1449","1565",0.166710590459605
"1450","1566",0.470175818309761
"1451","1567",0.464387244287086
"1452","1568",0.383079638836306
"1453","1569",0.315437450311922
"1454","1570",0.310169912413755
"1455","1571",0.368915472560187
"1456","1572",0.542839327640469
"1457","1573",0.455023185173887
"1458","1579",0.678146432962163
"1459","1580",0.222379859611531
"1460","1581",0.308399789531424
"1461","1582",0.281095784785982
"1462","1583",0.398587929703184
"1463","1584",0.398567860901538
"1464","1585",0.230961106293759
"1465","1586",0.230961106293761
"1466","1587",0.515640447121631
"1467","1588",0.560103782327586
"1468","1589",0.512920407704696
"1469","1590",0.510484492622416
"1470","1591",0.514537391046577
"1471","1592",0.517012223639921
"1472","1593",0.206549187122313
"1473","1594",0.206549187122313
"1474","1595",0.20469452763809
"1475","1596",0.17860767521615
"1476","1597",0.181075146100102
"1477","1598",0.172276846980611
"1478","1599",0.291151664870198
"1479","1600",0.291129593384439
"1480","1601",0.328374514457759
"1481","1602",0.321238151613235
"1482","1603",0.136514800349445
"1483","1604",0.263933851572745
"1484","1605",0.2639381090149
"1485","1606",0.294907356162601
"1486","1607",0.294906867777773
"1487","1608",0.294881825222923
"1488","1609",0.294881825222923
"1489","1610",0.294896171972997
"1490","1611",0.294896662271305
"1491","1612",0.231825428824721
"1492","1613",0.258977577278874
"1493","1614",0.277056306206704
"1494","1615",0.241435778688561
"1495","1616",0.247975705230963
"1496","1617",0.140613464990153
"1497","1618",0.132610816406715
"1498","1619",0.402239775586736
"1499","1620",0.371048135195557
"1500","1621",0.291677358624239
"1501","1622",0.161764692212672
"1502","1623",0.409565508623979
"1503","1624",0.193870440294655
"1504","1625",0.246014030147361
"1505","1626",0.178562666435166
"1506","1627",0.236692698837673
"1507","1628",0.233402944721535
"1508","1629",0.254728744642518
"1509","1630",0.252756320759394
"1510","1631",0.287017801893429
"1511","1632",0.15045075556807
"1512","1633",0.132935079459813
"1513","1634",0.398850958394714
"1514","1635",0.442135714528904
"1515","1636",0.154967424851144
"1516","1637",0.14773999329399
"1517","1638",0.379753941207008
"1518","1639",0.382144457952321
"1519","1640",0.315392403838113
"1520","1641",0.315392869773615
"1521","1642",0.315437450311922
"1522","1643",0.431601936556524
"1523","1653",0.200301294494262
"1524","1654",0.200301294494258
"1525","1655",0.213523137857459
"1526","1656",0.537767456644267
"1527","1657",0.507549569823587
"1528","1658",0.401583066038422
"1529","1659",0.512684004491182
"1530","1660",0.211127961787844
"1531","1661",0.209388307457531
"1532","1662",0.232827196738962
"1533","1663",0.518326297983811
"1534","1664",0.174458570881152
"1535","1665",0.244891148329125
"1536","1666",0.269482848780888
"1537","1667",0.269556868104406
"1538","1668",0.280184262337413
"1539","1669",0.280184262337413
"1540","1670",0.30801662888986
"1541","1671",0.308028132404868
"1542","1672",0.31399904136038
"1543","1673",0.31782354998492
"1544","1674",0.317059464844032
"1545","1675",0.316831065898026
"1546","1676",0.116796433717404
"1547","1677",0.277357401067408
"1548","1678",0.277274957041763
"1549","1679",0.263790744729317
"1550","1680",0.263790744729317
"1551","1681",0.263790744729317
"1552","1682",0.26382465017015
"1553","1683",0.263909891902514
"1554","1684",0.263909891902514
"1555","1685",0.294896171972997
"1556","1686",0.302015622845739
"1557","1687",0.231827755587115
"1558","1688",0.240060806622663
"1559","1689",0.244497635337053
"1560","1690",0.244491475566288
"1561","1691",0.244491475566288
"1562","1692",0.246199823887108
"1563","1693",0.280492170087175
"1564","1694",0.280086917859527
"1565","1695",0.161764692212672
"1566","1696",0.395957309204116
"1567","1697",0.399331037264858
"1568","1698",0.24652626946001
"1569","1699",0.24295705925718
"1570","1700",0.238789733300272
"1571","1701",0.237157114584638
"1572","1702",0.244465605171947
"1573","1703",0.244296426643132
"1574","1704",0.250000883743174
"1575","1705",0.142319956564651
"1576","1706",0.382540396411476
"1577","1707",0.346218156180085
"1578","1708",0.276718220217711
"1579","1709",0.346357070764642
"1580","1710",0.345601051663523
"1581","1711",0.401484905368967
"1582","1712",0.320806824154908
"1583","1713",0.319166060558074
"1584","1714",0.366629412746085
"1585","1715",0.3327527683031
"1586","1716",0.17821792661097
"1587","1727",0.188558962973196
"1588","1728",0.52746213517565
"1589","1729",0.163555434243247
"1590","1730",0.159272127553398
"1591","1731",0.546045853682409
"1592","1732",0.241979327531182
"1593","1733",0.172918269660048
"1594","1734",0.17291826966005
"1595","1735",0.173264658445638
"1596","1736",0.173372246460437
"1597","1737",0.433898244451754
"1598","1738",0.17463956325929
"1599","1739",0.344434224905242
"1600","1740",0.249606735140301
"1601","1741",0.24706411207847
"1602","1742",0.243417361152352
"1603","1743",0.286322936414221
"1604","1744",0.270336715000258
"1605","1745",0.269819261277517
"1606","1746",0.325502443723217
"1607","1747",0.285591351586764
"1608","1748",0.285591351586764
"1609","1749",0.286207180287324
"1610","1750",0.31781977521674
"1611","1751",0.336902099303286
"1612","1752",0.272880840714402
"1613","1753",0.116662108691458
"1614","1754",0.277460875070384
"1615","1755",0.277460266984082
"1616","1756",0.272390059210852
"1617","1757",0.272390059210852
"1618","1758",0.272299720914384
"1619","1759",0.285961717013912
"1620","1760",0.286071643011377
"1621","1761",0.286071643011377
"1622","1762",0.286071643011377
"1623","1763",0.2732744809596
"1624","1764",0.306822294835345
"1625","1765",0.306822294835345
"1626","1766",0.340527576035469
"1627","1767",0.241481695047918
"1628","1768",0.11706123596073
"1629","1769",0.11706123596073
"1630","1770",0.166661330034591
"1631","1771",0.166661330034591
"1632","1772",0.166661330034591
"1633","1773",0.3154301806214
"1634","1774",0.331207831228961
"1635","1775",0.244353487159738
"1636","1776",0.237475441293223
"1637","1777",0.238651746469122
"1638","1778",0.248756032134498
"1639","1779",0.284698737640112
"1640","1780",0.266887349016358
"1641","1781",0.266999047211363
"1642","1782",0.2661594117157
"1643","1783",0.275285728711941
"1644","1784",0.268471895524093
"1645","1785",0.257744720708295
"1646","1786",0.257065869230818
"1647","1787",0.273654049861111
"1648","1788",0.2953093826341
"1649","1789",0.333307773025913
"1650","1790",0.155197918304031
"1651","1801",0.258379623414267
"1652","1802",0.204238825045311
"1653","1803",0.50825763838011
"1654","1804",0.136927683865384
"1655","1805",0.137192019982761
"1656","1806",0.317359606255432
"1657","1807",0.208165810165258
"1658","1808",0.164890672752499
"1659","1809",0.165016099911419
"1660","1810",0.172930447872875
"1661","1811",0.173943920156824
"1662","1812",0.329500648058066
"1663","1813",0.421015021003478
"1664","1814",0.343473182041359
"1665","1815",0.243217286652174
"1666","1816",0.289886829198926
"1667","1817",0.286322936414221
"1668","1818",0.286322936414221
"1669","1819",0.286322936414221
"1670","1820",0.336577079863095
"1671","1821",0.28611652673451
"1672","1822",0.286117214626179
"1673","1823",0.286117214626179
"1674","1824",0.299722412386292
"1675","1825",0.311094232822552
"1676","1826",0.33804084216472
"1677","1827",0.348284859276614
"1678","1828",0.276197755456024
"1679","1829",0.116003837604155
"1680","1830",0.115792622951545
"1681","1831",0.125455681972664
"1682","1832",0.125435691577039
"1683","1833",0.272390059210851
"1684","1834",0.272299720914384
"1685","1835",0.27742845047809
"1686","1836",0.27742845047809
"1687","1837",0.285774144977218
"1688","1838",0.285774144977218
"1689","1839",0.125454907843246
"1690","1840",0.124748129998574
"1691","1841",0.306922368988246
"1692","1842",0.306921348567262
"1693","1843",0.306922486523925
"1694","1844",0.319890084377409
"1695","1845",0.340986059608429
"1696","1846",0.300157193393858
"1697","1847",0.300157193393858
"1698","1848",0.298532676535777
"1699","1849",0.298608711090759
"1700","1850",0.340015230157523
"1701","1851",0.340484912046797
"1702","1852",0.353301477157623
"1703","1853",0.341292594176357
"1704","1854",0.340112625216674
"1705","1855",0.353090251043763
"1706","1856",0.240428258198157
"1707","1857",0.236539143155603
"1708","1858",0.244505046526332
"1709","1859",0.237636037681691
"1710","1860",0.313392282908124
"1711","1861",0.287649263293157
"1712","1862",0.296831978979165
"1713","1863",0.30039106582131
"1714","1864",0.300432743925974
"1715","1865",0.300447525694159
"1716","1866",0.260722083048707
"1717","1867",0.274123165079796
"1718","1868",0.274123165079796
"1719","1869",0.274162117056545
"1720","1870",0.133425731353359
"1721","1871",0.127585811773142
"1722","1872",0.139766116564031
"1723","1885",0.221836649389838
"1724","1886",0.15019040945629
"1725","1889",0.212071742637273
"1726","1890",0.176603072535113
"1727","1891",0.336903791746743
"1728","1892",0.43773713769588
"1729","1893",0.265308877622782
"1730","1894",0.302486820755074
"1731","1895",0.286322936414221
"1732","1896",0.28639643201592
"1733","1897",0.28639643201592
"1734","1898",0.28639643201592
"1735","1899",0.29882078956131
"1736","1900",0.298821958932164
"1737","1901",0.298821958932164
"1738","1902",0.299913747046024
"1739","1903",0.284238136442144
"1740","1904",0.274752884291174
"1741","1905",0.14096971927951
"1742","1906",0.156322990402667
"1743","1907",0.116003837604155
"1744","1908",0.115792622951545
"1745","1909",0.125044069879483
"1746","1910",0.115793566082179
"1747","1911",0.29452354061157
"1748","1912",0.302053047801352
"1749","1913",0.115730582492116
"1750","1914",0.125454907843246
"1751","1915",0.125454907843246
"1752","1916",0.125454907843246
"1753","1917",0.125454907843246
"1754","1918",0.124748129998574
"1755","1919",0.124660492768637
"1756","1920",0.30681803979026
"1757","1921",0.306812395599243
"1758","1922",0.306843685576969
"1759","1923",0.3068121253704
"1760","1924",0.306813234342604
"1761","1925",0.306810354812782
"1762","1926",0.30018351580883
"1763","1927",0.300156637778825
"1764","1928",0.300156637778825
"1765","1929",0.302757939490453
"1766","1930",0.319859371488622
"1767","1931",0.344246549472149
"1768","1932",0.405708030996396
"1769","1933",0.390443178038742
"1770","1934",0.324046852239724
"1771","1935",0.3009783714897
"1772","1936",0.244133953677287
"1773","1937",0.241323838373548
"1774","1938",0.241061142678292
"1775","1939",0.236387630642999
"1776","1940",0.535876549951544
"1777","1941",0.312787121654575
"1778","1942",0.322762819721371
"1779","1943",0.311763913093609
"1780","1944",0.311763913093609
"1781","1945",0.312013286036818
"1782","1946",0.311542271783967
"1783","1947",0.274293614204299
"1784","1948",0.274123165079796
"1785","1949",0.274162117056545
"1786","1950",0.488116300693945
"1787","1951",0.134122810774295
"1788","1952",0.134122810774295
"1789","1970",0.415362161035585
"1790","1971",0.336901286613325
"1791","1972",0.461921505982652
"1792","1973",0.464661950062783
"1793","1974",0.478097893027011
"1794","1975",0.423667656693879
"1795","1976",0.316192735631315
"1796","1977",0.341607456762226
"1797","1978",0.243993970217815
"1798","1979",0.302486820755074
"1799","1980",0.28639643201592
"1800","1981",0.28639643201592
"1801","1982",0.29695073318956
"1802","1983",0.296811287500818
"1803","1984",0.310280129796927
"1804","1985",0.310280129796927
"1805","1986",0.278572760032368
"1806","1987",0.284238136442144
"1807","1988",0.284238136442144
"1808","1989",0.282757432409277
"1809","1990",0.284168536997736
"1810","1991",0.144597958312216
"1811","1992",0.133196851342893
"1812","1993",0.124213450653277
"1813","1994",0.124213450653277
"1814","1995",0.115229295415138
"1815","1996",0.115229295415138
"1816","1997",0.165546713584417
"1817","1998",0.125454907843246
"1818","1999",0.126733609893704
"1819","2000",0.126733609893704
"1820","2001",0.125427955353372
"1821","2002",0.125427955353372
"1822","2003",0.125717039901401
"1823","2004",0.125717039901401
"1824","2005",0.306955773948104
"1825","2006",0.306856368586815
"1826","2007",0.306855773909271
"1827","2008",0.306811684736729
"1828","2009",0.306811684736729
"1829","2010",0.306855889828015
"1830","2011",0.306882665206339
"1831","2012",0.306810448271581
"1832","2013",0.317775523506774
"1833","2014",0.317775418287365
"1834","2015",0.300156599893106
"1835","2016",0.300156840422735
"1836","2017",0.300163965238868
"1837","2018",0.247749888289523
"1838","2019",0.247750145585188
"1839","2020",0.245448076306733
"1840","2021",0.245527876623627
"1841","2022",0.533110894442071
"1842","2023",0.533979028040808
"1843","2024",0.587664381629572
"1844","2025",0.53863504036633
"1845","2026",0.53863504036633
"1846","2027",0.539473116501358
"1847","2028",0.311549974485282
"1848","2029",0.325341972650955
"1849","2030",0.273497349646933
"1850","2031",0.48668997531163
"1851","2032",0.482125464446654
"1852","2033",0.486763694339625
"1853","2034",0.127646262299357
"1854","2035",0.12767004086644
"1855","2036",0.133532514069449
"1856","2037",0.181588826193007
"1857","2049",0.225317539344175
"1858","2056",0.492774862546103
"1859","2057",0.454571720321763
"1860","2058",0.39719824899237
"1861","2059",0.311080337228022
"1862","2060",0.316116361667753
"1863","2061",0.316249440641361
"1864","2062",0.277232071573173
"1865","2063",0.253300976850738
"1866","2064",0.302486820755074
"1867","2065",0.300440428198771
"1868","2066",0.29695073318956
"1869","2067",0.296811287500818
"1870","2068",0.310280176564082
"1871","2069",0.310280176564082
"1872","2070",0.278572760032368
"1873","2071",0.278572760032368
"1874","2072",0.284233578256972
"1875","2073",0.284233578256972
"1876","2074",0.282757432409277
"1877","2075",0.284168536997736
"1878","2076",0.137588047985601
"1879","2077",0.184386192047013
"1880","2078",0.122855879048606
"1881","2079",0.122855879048606
"1882","2080",0.122855879048606
"1883","2081",0.122855879048606
"1884","2082",0.184386192047013
"1885","2083",0.126733609893704
"1886","2084",0.126733609893704
"1887","2085",0.125717039901401
"1888","2086",0.125717039901401
"1889","2087",0.125717039901401
"1890","2088",0.125717039901401
"1891","2089",0.126733609893704
"1892","2090",0.122855879048606
"1893","2091",0.154528673053735
"1894","2092",0.30685860450881
"1895","2093",0.306811684736729
"1896","2094",0.306811684736729
"1897","2095",0.30041843707783
"1898","2096",0.300383682298682
"1899","2097",0.300418635200602
"1900","2098",0.300418635200602
"1901","2099",0.30018352057317
"1902","2100",0.298058805559114
"1903","2101",0.298066396563035
"1904","2102",0.315163785172499
"1905","2103",0.297538325457967
"1906","2104",0.298285783258619
"1907","2105",0.298242355619907
"1908","2106",0.320272792449356
"1909","2107",0.248209044198655
"1910","2108",0.251195298973754
"1911","2109",0.251200430248779
"1912","2110",0.225918864196339
"1913","2111",0.137530700822404
"1914","2112",0.237098401475651
"1915","2113",0.236819865209795
"1916","2114",0.166061968118674
"1917","2115",0.158874469604163
"1918","2116",0.205262780613884
"1919","2117",0.165352936388223
"1920","2118",0.165352936388223
"1921","2119",0.165352936388223
"1922","2120",0.193922216487709
"1923","2121",0.269203427396811
"1924","2122",0.193922216487709
"1925","2123",0.199838238488852
"1926","2124",0.127567417785696
"1927","2125",0.127567417785696
"1928","2126",0.133532514069449
"1929","2127",0.147634971468511
"1930","2128",0.181588826193007
"1931","2140",0.355029623048851
"1932","2141",0.303632771425778
"1933","2142",0.303632771425778
"1934","2143",0.432217377208196
"1935","2144",0.432084700752648
"1936","2145",0.438677298334911
"1937","2146",0.492774862546103
"1938","2147",0.437275436925147
"1939","2148",0.397201049012886
"1940","2149",0.397389137823478
"1941","2150",0.3162960952542
"1942","2151",0.316783547724304
"1943","2152",0.277232071573173
"1944","2153",0.277232071573173
"1945","2154",0.313873782896605
"1946","2155",0.314402160757147
"1947","2156",0.29695073318956
"1948","2157",0.296812068332832
"1949","2158",0.310280176564082
"1950","2159",0.274676157877876
"1951","2160",0.278572760032368
"1952","2161",0.283611931916747
"1953","2162",0.284233578256972
"1954","2163",0.284233578256972
"1955","2164",0.268226634197198
"1956","2165",0.184386192047013
"1957","2166",0.184386192047013
"1958","2167",0.184386192047013
"1959","2168",0.122855879048606
"1960","2169",0.122855879048606
"1961","2170",0.122855879048606
"1962","2171",0.122855879048606
"1963","2172",0.131099033416978
"1964","2173",0.131099033416978
"1965","2174",0.131099033416978
"1966","2175",0.131099033416978
"1967","2176",0.131099033416978
"1968","2177",0.126733609893704
"1969","2178",0.126733609893704
"1970","2179",0.122855879048606
"1971","2180",0.122855879048606
"1972","2181",0.122855879048606
"1973","2182",0.122855879048606
"1974","2183",0.306904146867078
"1975","2184",0.306855976943034
"1976","2185",0.306815532683136
"1977","2186",0.300383761675372
"1978","2187",0.300383761675372
"1979","2188",0.31799580019403
"1980","2189",0.317995802351393
"1981","2190",0.31799930439558
"1982","2191",0.31799930439558
"1983","2192",0.298269449841554
"1984","2193",0.298269449841554
"1985","2194",0.297521811789746
"1986","2195",0.297521811789746
"1987","2196",0.298312738314817
"1988","2197",0.298603760806729
"1989","2198",0.345652631178726
"1990","2199",0.326569325410858
"1991","2200",0.270060359657073
"1992","2201",0.272629501552513
"1993","2202",0.380126019165324
"1994","2203",0.272416618295637
"1995","2204",0.28161944278397
"1996","2205",0.283437717920983
"1997","2206",0.272293906647555
"1998","2207",0.272293906647555
"1999","2208",0.272293906647555
"2000","2209",0.207867529371012
"2001","2210",0.192739775746111
"2002","2211",0.165231060226789
"2003","2212",0.165231060226789
"2004","2213",0.15919827156323
"2005","2214",0.15919827156323
"2006","2215",0.217402894419966
"2007","2216",0.272746662664551
"2008","2217",0.272746662664551
"2009","2224",0.22257773027076
"2010","2225",0.147692620085195
"2011","2226",0.290764155392307
"2012","2227",0.351703626780894
"2013","2228",0.143457175092223
"2014","2236",0.457707512769687
"2015","2237",0.457707512769687
"2016","2242",0.433336855831401
"2017","2243",0.391104124956965
"2018","2244",0.382425998598522
"2019","2245",0.382679118201145
"2020","2246",0.382679118201145
"2021","2247",0.437022357783105
"2022","2248",0.316782545578141
"2023","2249",0.316757438775252
"2024","2250",0.316761341226558
"2025","2251",0.307742493773852
"2026","2252",0.372596866154859
"2027","2253",0.279536027590721
"2028","2254",0.279536027590721
"2029","2255",0.31387380240152
"2030","2256",0.310415750336514
"2031","2257",0.310280176564082
"2032","2258",0.274676157877876
"2033","2259",0.274676157877876
"2034","2260",0.283611931916747
"2035","2261",0.273451814943765
"2036","2262",0.273451814943765
"2037","2263",0.273451814943765
"2038","2264",0.412465040219137
"2039","2265",0.184386192047013
"2040","2266",0.184386192047013
"2041","2267",0.184386192047013
"2042","2268",0.184386192047013
"2043","2269",0.184386192047013
"2044","2270",0.186253127533596
"2045","2271",0.186253127533596
"2046","2272",0.186253127533596
"2047","2273",0.131099033416978
"2048","2274",0.131099033416978
"2049","2275",0.186253127533596
"2050","2276",0.186253127533596
"2051","2277",0.186253127533596
"2052","2278",0.186253127533596
"2053","2279",0.210205819741142
"2054","2280",0.210205819741142
"2055","2281",0.186253127533596
"2056","2282",0.243256979657904
"2057","2285",0.347207910783065
"2058","2286",0.347194352464102
"2059","2287",0.321352669705386
"2060","2288",0.316182444760976
"2061","2289",0.318348507849334
"2062","2290",0.318676551717874
"2063","2291",0.318837348647192
"2064","2292",0.318769400509026
"2065","2293",0.318607210185984
"2066","2294",0.318244900235276
"2067","2295",0.298274625364786
"2068","2296",0.298274625364786
"2069","2297",0.298859985974887
"2070","2298",0.299012590445256
"2071","2299",0.299012590445256
"2072","2300",0.300945305675055
"2073","2301",0.246053680276129
"2074","2302",0.246053680276129
"2075","2303",0.245272729778752
"2076","2304",0.245306152814899
"2077","2305",0.243717159302024
"2078","2306",0.242750874809299
"2079","2307",0.242750874809299
"2080","2308",0.242750874809299
"2081","2309",0.230004926950803
"2082","2310",0.151751056867347
"2083","2311",0.133928631333968
"2084","2312",0.143183970819307
"2085","2313",0.196354254588882
"2086","2314",0.196354254588882
"2087","2315",0.182803981677448
"2088","2316",0.182803981677448
"2089","2317",0.228334800661652
"2090","2324",0.197154887982762
"2091","2325",0.221715401580569
"2092","2326",0.148821021769557
"2093","2327",0.249793752542982
"2094","2328",0.249465072690278
"2095","2329",0.338184402735422
"2096","2330",0.338184402735422
"2097","2331",0.338368878920388
"2098","2332",0.211933646916542
"2099","2337",0.302405491472432
"2100","2338",0.302405491472432
"2101","2339",0.302405491472432
"2102","2340",0.302405491472432
"2103","2341",0.444730167475871
"2104","2342",0.458612185953848
"2105","2343",0.458612185953848
"2106","2344",0.459392659000935
"2107","2345",0.391104124956965
"2108","2346",0.391104124956965
"2109","2347",0.335970057265051
"2110","2348",0.323310931141982
"2111","2349",0.32269838638769
"2112","2350",0.32269838638769
"2113","2351",0.356016292725901
"2114","2352",0.356011745440989
"2115","2353",0.341889484088744
"2116","2354",0.508768368232278
"2117","2355",0.50814942289356
"2118","2356",0.491606080066724
"2119","2357",0.401102547716333
"2120","2358",0.279597450491715
"2121","2359",0.279597450491715
"2122","2360",0.279684700602131
"2123","2361",0.310415750336514
"2124","2362",0.274742241404323
"2125","2363",0.265946370773724
"2126","2364",0.273556663614251
"2127","2365",0.273451814943765
"2128","2366",0.273794963502188
"2129","2367",0.273794963502188
"2130","2368",0.139806590312559
"2131","2369",0.197793772404088
"2132","2370",0.184386192047013
"2133","2371",0.186253127533596
"2134","2372",0.186253127533596
"2135","2373",0.186253127533596
"2136","2374",0.186253127533596
"2137","2375",0.186253127533596
"2138","2376",0.186253127533596
"2139","2377",0.186253127533596
"2140","2378",0.186253127533596
"2141","2379",0.243256979657902
"2142","2380",0.243256979657902
"2143","2381",0.243256979657902
"2144","2382",0.243256979657902
"2145","2393",0.276837981427972
"2146","2394",0.276838115015864
"2147","2395",0.344246800936092
"2148","2396",0.344246800936092
"2149","2397",0.321600010938416
"2150","2398",0.316746974532468
"2151","2399",0.316746974532468
"2152","2400",0.316746974532468
"2153","2401",0.316746793701954
"2154","2402",0.316746974532468
"2155","2403",0.298972340814286
"2156","2404",0.298972340814286
"2157","2405",0.300979685244277
"2158","2406",0.299030256689681
"2159","2407",0.243485561832913
"2160","2408",0.249540966658464
"2161","2409",0.249540966658464
"2162","2410",0.250326817026562
"2163","2411",0.250326817026562
"2164","2412",0.250326817026562
"2165","2413",0.244253045787699
"2166","2414",0.244253045787699
"2167","2415",0.242715958557834
"2168","2416",0.242750874809299
"2169","2417",0.242715958557834
"2170","2418",0.23809509086145
"2171","2419",0.242863882487709
"2172","2420",0.243686840400735
"2173","2421",0.255491192407645
"2174","2422",0.27824293604461
"2175","2423",0.124480224586917
"2176","2424",0.190817857369706
"2177","2425",0.184019602837763
"2178","2431",0.199934030524322
"2179","2432",0.197154887982762
"2180","2433",0.197154887982762
"2181","2434",0.265856868793491
"2182","2435",0.249793752542982
"2183","2436",0.250324768381994
"2184","2437",0.249510094010348
"2185","2438",0.315929602697513
"2186","2439",0.337931127842122
"2187","2440",0.338043627024442
"2188","2441",0.342381433603821
"2189","2442",0.372880748195015
"2190","2443",0.372880748195015
"2191","2444",0.355450226692561
"2192","2445",0.284755140515334
"2193","2446",0.284755140515334
"2194","2447",0.284755140515334
"2195","2448",0.300175481436448
"2196","2449",0.354793538371922
"2197","2450",0.300175481436448
"2198","2451",0.356016292725901
"2199","2452",0.356016292725901
"2200","2453",0.356016292725901
"2201","2454",0.335403439729439
"2202","2455",0.335403439729439
"2203","2456",0.32269838638769
"2204","2457",0.32269838638769
"2205","2458",0.322750216750201
"2206","2459",0.356016292725901
"2207","2460",0.416976174350014
"2208","2461",0.508768368232278
"2209","2462",0.496030042581539
"2210","2463",0.495688721804173
"2211","2464",0.491606080066724
"2212","2465",0.320270858453373
"2213","2466",0.608286065360165
"2214","2467",0.398713075408491
"2215","2468",0.422027022115533
"2216","2469",0.422027022115534
"2217","2470",0.274731765534324
"2218","2471",0.411261263889351
"2219","2472",0.414378943355123
"2220","2473",0.273560044103553
"2221","2474",0.273556663614251
"2222","2475",0.147025342073894
"2223","2476",0.187268268679393
"2224","2477",0.186253127533596
"2225","2478",0.186253127533596
"2226","2479",0.186253127533596
"2227","2480",0.186253127533596
"2228","2481",0.186253127533596
"2229","2482",0.186253127533596
"2230","2483",0.243256979657903
"2231","2484",0.243256979657903
"2232","2485",0.243256979657903
"2233","2486",0.243256979657903
"2234","2487",0.243256979657903
"2235","2500",0.505568667290452
"2236","2501",0.515388303332497
"2237","2502",0.276835515575209
"2238","2503",0.281369446506482
"2239","2504",0.348985409074238
"2240","2505",0.344406997365611
"2241","2506",0.31674697662381
"2242","2507",0.31674697662381
"2243","2508",0.321735789050833
"2244","2509",0.321735789050833
"2245","2510",0.321735789050833
"2246","2511",0.321735789050833
"2247","2512",0.30103182189121
"2248","2513",0.247073423247396
"2249","2514",0.243484351214926
"2250","2515",0.243484351214926
"2251","2516",0.250326817026562
"2252","2517",0.250326817026562
"2253","2518",0.250326817026562
"2254","2519",0.250389630308303
"2255","2520",0.250326817026562
"2256","2521",0.250326817026562
"2257","2522",0.2442530457877
"2258","2523",0.242715958557834
"2259","2524",0.242715958557834
"2260","2525",0.237213271763747
"2261","2526",0.243686464976332
"2262","2527",0.243686464976332
"2263","2528",0.255358146223125
"2264","2529",0.278225480861493
"2265","2530",0.268800889564084
"2266","2531",0.155118492173631
"2267","2532",0.151024497734488
"2268","2533",0.151024497734488
"2269","2534",0.151024497734488
"2270","2538",0.199934030524322
"2271","2539",0.199934030524322
"2272","2540",0.197154887982762
"2273","2541",0.384299799566828
"2274","2542",0.249793752542982
"2275","2543",0.250324768381994
"2276","2544",0.249510094010348
"2277","2545",0.249510094010348
"2278","2546",0.315920420699718
"2279","2547",0.342273325317034
"2280","2548",0.342273325317034
"2281","2549",0.342381433603821
"2282","2550",0.342381433603821
"2283","2551",0.342407957887594
"2284","2552",0.341252371107451
"2285","2553",0.341252371107451
"2286","2554",0.341252371107451
"2287","2555",0.341231751488588
"2288","2556",0.341231751488588
"2289","2557",0.354793538371922
"2290","2558",0.372538438713109
"2291","2559",0.404690379774726
"2292","2560",0.404690379774726
"2293","2561",0.389471346938897
"2294","2562",0.389471346938897
"2295","2563",0.389471346938897
"2296","2564",0.404690379774726
"2297","2565",0.519496741122214
"2298","2566",0.519496741122214
"2299","2567",0.520775486096316
"2300","2568",0.508768368232278
"2301","2569",0.496030042581539
"2302","2570",0.495688721804173
"2303","2571",0.495688721804173
"2304","2574",0.320270858453373
"2305","2575",0.320270858453373
"2306","2576",0.315365099813519
"2307","2577",0.224540971943751
"2308","2578",0.416697283863056
"2309","2579",0.503999596168916
"2310","2580",0.503999596168916
"2311","2581",0.414378943355122
"2312","2582",0.200488638650177
"2313","2583",0.138106877498146
"2314","2584",0.140027074942116
"2315","2585",0.204103638508495
"2316","2586",0.210205819741141
"2317","2587",0.210205819741141
"2318","2588",0.210205819741141
"2319","2589",0.210205819741141
"2320","2608",0.515388303332497
"2321","2609",0.295086410206391
"2322","2610",0.354459542540575
"2323","2611",0.241277477071806
"2324","2612",0.241277477071806
"2325","2613",0.24348431405854
"2326","2614",0.24348431405854
"2327","2615",0.24348431405854
"2328","2616",0.249839374257988
"2329","2617",0.250389630308304
"2330","2618",0.249839374257988
"2331","2619",0.251558770505912
"2332","2620",0.253167546258235
"2333","2621",0.251401430108026
"2334","2622",0.251401430108026
"2335","2623",0.243784570669869
"2336","2624",0.245547883823882
"2337","2625",0.245547883823882
"2338","2626",0.244437982185655
"2339","2627",0.240146546789931
"2340","2628",0.30685488769875
"2341","2629",0.317127691984854
"2342","2630",0.31763134124375
"2343","2631",0.155118492173631
"2344","2632",0.155118492173631
"2345","2633",0.155118492173631
"2346","2634",0.155118492173631
"2347","2635",0.151024497734488
"2348","2637",0.199934030524322
"2349","2638",0.199934030524322
"2350","2639",0.199934030524322
"2351","2640",0.197154887982762
"2352","2641",0.197154887982762
"2353","2642",0.384009024816608
"2354","2643",0.384009024816608
"2355","2644",0.288035044697939
"2356","2645",0.249657822598957
"2357","2646",0.315929602697512
"2358","2647",0.315929602697512
"2359","2648",0.342298261840039
"2360","2649",0.342381433603821
"2361","2650",0.342381433603821
"2362","2651",0.342381433603821
"2363","2652",0.342407957887594
"2364","2653",0.342407957887594
"2365","2654",0.342407957887594
"2366","2655",0.342273325317034
"2367","2656",0.342273325317034
"2368","2657",0.342273325317034
"2369","2658",0.37253843871311
"2370","2659",0.404690379774726
"2371","2660",0.404690379774726
"2372","2661",0.404690379774726
"2373","2662",0.404690379774726
"2374","2663",0.404690379774726
"2375","2664",0.519496741122214
"2376","2668",0.49816577414164
"2377","2673",0.302522270801104
"2378","2674",0.302522270801104
"2379","2678",0.181170667478298
"2380","2680",0.210205819741143
"2381","2681",0.210205819741143
"2382","2682",0.210205819741143
"2383","2683",0.210205819741143
"2384","2684",0.210205819741143
"2385","2685",0.210205819741143
"2386","2686",0.210205819741143
"2387","2701",0.520657395837094
"2388","2702",0.303041093235404
"2389","2703",0.249992964548766
"2390","2704",0.249990317833172
"2391","2705",0.251480151279698
"2392","2706",0.241277477071806
"2393","2707",0.241277507853932
"2394","2708",0.242740783035521
"2395","2709",0.24348185897906
"2396","2710",0.253167546258235
"2397","2711",0.253167546258235
"2398","2712",0.246451606843612
"2399","2713",0.246451643845095
"2400","2714",0.246451643845095
"2401","2715",0.244946227227226
"2402","2716",0.256242644197365
"2403","2717",0.258311293082597
"2404","2718",0.247590441855376
"2405","2719",0.244437982185657
"2406","2720",0.30685488769875
"2407","2721",0.30685488769875
"2408","2722",0.30743524230476
"2409","2723",0.155118492173631
"2410","2724",0.155118492173631
"2411","2725",0.155118492173631
"2412","2726",0.155118492173631
"2413","2727",0.155118492173631
"2414","2728",0.155118492173631
"2415","2729",0.199934030524322
"2416","2730",0.199934030524322
"2417","2731",0.199934030524322
"2418","2732",0.199934030524322
"2419","2733",0.199934030524322
"2420","2734",0.199934030524322
"2421","2735",0.199934030524322
"2422","2736",0.435983293084445
"2423","2737",0.435983293084445
"2424","2738",0.435983293084445
"2425","2739",0.315929602697512
"2426","2740",0.315929602697512
"2427","2741",0.315929602697512
"2428","2742",0.342632881255387
"2429","2743",0.352874635015599
"2430","2744",0.352874635015599
"2431","2745",0.342381433603821
"2432","2746",0.342381433603821
"2433","2747",0.342381433603821
"2434","2748",0.342381433603821
"2435","2749",0.342381433603821
"2436","2750",0.342381433603821
"2437","2751",0.372880748195015
"2438","2752",0.445612849409152
"2439","2753",0.445612849409152
"2440","2754",0.445612849409152
"2441","2761",0.49816577414164
"2442","2762",0.49816577414164
"2443","2781",0.210205819741143
"2444","2782",0.210205819741143
"2445","2783",0.210205819741143
"2446","2784",0.210205819741143
"2447","2798",0.342799134094441
"2448","2799",0.270342253235227
"2449","2800",0.274785713577594
"2450","2801",0.273875779017402
"2451","2802",0.274653492313753
"2452","2803",0.243613591297311
"2453","2804",0.243481828560822
"2454","2805",0.24348185897906
"2455","2806",0.24348185897906
"2456","2807",0.24348185897906
"2457","2808",0.244437982185657
"2458","2809",0.30685488769875
"2459","2810",0.30685488769875
"2460","2811",0.226346630702093
"2461","2812",0.226346630702093
"2462","2813",0.317966447343506
"2463","2814",0.276468773636533
"2464","2815",0.276468773636533
"2465","2816",0.228880551661451
"2466","2817",0.228880551661451
"2467","2818",0.228880551661451
"2468","2819",0.228880551661451
"2469","2820",0.228880551661451
"2470","2821",0.228880551661451
"2471","2822",0.210964324258386
"2472","2823",0.155118492173631
"2473","2824",0.155118492173631
"2474","2825",0.155118492173631
"2475","2826",0.155118492173631
"2476","2827",0.199934030524322
"2477","2828",0.199934030524322
"2478","2829",0.199934030524322
"2479","2830",0.199934030524322
"2480","2831",0.199934030524322
"2481","2832",0.199934030524322
"2482","2833",0.199934030524322
"2483","2834",0.199934030524322
"2484","2835",0.435983293084445
"2485","2836",0.435983293084445
"2486","2837",0.31747788102446
"2487","2838",0.31747788102446
"2488","2839",0.359019542582589
"2489","2840",0.359019542582589
"2490","2846",0.436856173423057
"2491","2860",0.49816577414164
"2492","2889",0.210205819741143
"2493","2890",0.210205819741143
"2494","2907",0.342799134094441
"2495","2908",0.271639826129188
"2496","2909",0.270342253235227
"2497","2910",0.282080281096118
"2498","2911",0.275461625880335
"2499","2912",0.244437951951837
"2500","2913",0.275461655439756
"2501","2914",0.275461655439756
"2502","2915",0.275461655439756
"2503","2916",0.274523734598451
"2504","2917",0.489673784858061
"2505","2921",0.338764441623772
"2506","2922",0.338764441623772
"2507","2923",0.338764441623772
"2508","2924",0.338764441623772
"2509","2925",0.228880551661451
"2510","2926",0.228880551661451
"2511","2927",0.228880551661451
"2512","2928",0.228880551661451
"2513","2929",0.228880551661451
"2514","2930",0.228880551661451
"2515","2931",0.210964324258387
"2516","2932",0.210964324258387
"2517","2933",0.210964324258387
"2518","2944",0.199934030524322
"2519","2945",0.199934030524322
"2520","2946",0.199934030524322
"2521","2947",0.504114677908587
"2522","3024",0.343194388423778
"2523","3027",0.488788036561879
"2524","3028",0.360632612151539
"2525","3029",0.33471953050918
"2526","3030",0.490563541851544
"2527","3031",0.490563541851544
"2528","3032",0.489673784858061
"2529","3033",0.519009125277507
