"","cell_id","SR"
"1",1,3
"2",2,4
"3",3,4
"4",4,4
"5",5,4
"6",6,4
"7",7,2
"8",8,4
"9",9,4
"10",10,2
"11",11,1
"12",12,4
"13",13,4
"14",14,1
"15",15,1
"16",16,4
"17",17,4
"18",18,1
"19",19,1
"20",20,2
"21",21,1
"22",22,4
"23",23,6
"24",24,2
"25",25,2
"26",26,3
"27",27,8
"28",28,2
"29",29,1
"30",30,7
"31",31,8
"32",32,4
"33",33,3
"34",34,4
"35",35,2
"36",36,7
"37",37,8
"38",38,3
"39",39,4
"40",40,6
"41",41,7
"42",42,2
"43",43,2
"44",44,6
"45",45,7
"46",46,3
"47",47,6
"48",48,10
"49",49,9
"50",50,8
"51",51,7
"52",52,14
"53",53,16
"54",54,19
"55",55,19
"56",56,23
"57",57,8
"58",58,8
"59",59,7
"60",60,13
"61",61,13
"62",62,11
"63",63,17
"64",64,8
"65",65,15
"66",66,18
"67",67,18
"68",68,19
"69",69,19
"70",70,25
"71",71,8
"72",72,8
"73",73,9
"74",74,15
"75",75,15
"76",76,20
"77",77,19
"78",78,19
"79",79,16
"80",80,15
"81",81,13
"82",82,12
"83",83,15
"84",84,15
"85",85,20
"86",86,9
"87",87,8
"88",88,8
"89",89,8
"90",90,8
"91",91,11
"92",92,15
"93",93,16
"94",94,15
"95",95,16
"96",96,16
"97",97,25
"98",98,29
"99",99,8
"100",100,9
"101",101,12
"102",102,18
"103",103,16
"104",104,22
"105",105,25
"106",106,25
"107",107,21
"108",108,22
"109",109,10
"110",110,7
"111",111,8
"112",112,11
"113",113,21
"114",114,27
"115",115,9
"116",116,10
"117",117,10
"118",118,10
"119",119,7
"120",120,6
"121",121,7
"122",122,8
"123",123,9
"124",124,9
"125",125,11
"126",126,12
"127",127,12
"128",128,13
"129",129,14
"130",130,15
"131",131,21
"132",132,30
"133",133,8
"134",134,9
"135",135,16
"136",136,24
"137",137,20
"138",138,23
"139",139,31
"140",140,34
"141",141,37
"142",142,33
"143",143,40
"144",144,12
"145",145,14
"146",146,11
"147",147,12
"148",148,11
"149",149,12
"150",150,29
"151",151,38
"152",152,8
"153",153,10
"154",154,10
"155",155,9
"156",156,8
"157",157,7
"158",158,7
"159",159,6
"160",160,8
"161",161,8
"162",162,9
"163",163,12
"164",164,11
"165",165,11
"166",166,12
"167",167,15
"168",168,17
"169",169,22
"170",170,30
"171",171,33
"172",172,7
"173",173,21
"174",174,32
"175",175,20
"176",176,22
"177",177,36
"178",178,44
"179",179,42
"180",180,50
"181",181,49
"182",182,50
"183",183,13
"184",184,10
"185",185,7
"186",186,10
"187",187,12
"188",188,18
"189",189,23
"190",190,34
"191",191,9
"192",192,8
"193",193,9
"194",194,11
"195",195,11
"196",196,8
"197",197,8
"198",198,10
"199",199,11
"200",200,12
"201",201,12
"202",202,11
"203",203,10
"204",204,9
"205",205,14
"206",206,16
"207",207,18
"208",208,20
"209",209,33
"210",210,33
"211",211,5
"212",212,17
"213",213,37
"214",214,32
"215",215,26
"216",216,40
"217",217,50
"218",218,50
"219",219,50
"220",220,58
"221",221,63
"222",222,12
"223",223,14
"224",224,11
"225",225,6
"226",226,6
"227",227,14
"228",228,24
"229",229,28
"230",230,41
"231",231,32
"232",232,14
"233",233,13
"234",234,13
"235",235,13
"236",236,11
"237",237,10
"238",238,8
"239",239,8
"240",240,11
"241",241,12
"242",242,12
"243",243,13
"244",244,10
"245",245,10
"246",246,11
"247",247,15
"248",248,18
"249",249,21
"250",250,30
"251",251,31
"252",252,5
"253",253,13
"254",254,36
"255",255,38
"256",256,30
"257",257,41
"258",258,52
"259",259,55
"260",260,59
"261",261,64
"262",262,65
"263",263,70
"264",264,71
"265",265,15
"266",266,16
"267",267,9
"268",268,7
"269",269,7
"270",270,12
"271",271,20
"272",272,34
"273",273,50
"274",274,37
"275",275,20
"276",276,26
"277",277,19
"278",278,19
"279",279,17
"280",280,17
"281",281,14
"282",282,11
"283",283,8
"284",284,8
"285",285,8
"286",286,13
"287",287,15
"288",288,15
"289",289,11
"290",290,11
"291",291,14
"292",292,14
"293",293,19
"294",294,28
"295",295,33
"296",296,6
"297",297,12
"298",298,37
"299",299,43
"300",300,35
"301",301,42
"302",302,57
"303",303,59
"304",304,58
"305",305,66
"306",306,67
"307",307,67
"308",308,70
"309",309,74
"310",310,75
"311",311,16
"312",312,17
"313",313,14
"314",314,15
"315",315,21
"316",316,17
"317",317,30
"318",318,41
"319",319,53
"320",320,55
"321",321,28
"322",322,28
"323",323,20
"324",324,19
"325",325,19
"326",326,20
"327",327,14
"328",328,10
"329",329,10
"330",330,10
"331",331,11
"332",332,13
"333",333,12
"334",334,13
"335",335,17
"336",336,13
"337",337,17
"338",338,27
"339",339,33
"340",340,32
"341",341,11
"342",342,27
"343",343,65
"344",344,67
"345",345,56
"346",346,59
"347",347,62
"348",348,63
"349",349,62
"350",350,67
"351",351,67
"352",352,69
"353",353,72
"354",354,77
"355",355,75
"356",356,13
"357",357,19
"358",358,18
"359",359,19
"360",360,26
"361",361,29
"362",362,35
"363",363,49
"364",364,50
"365",365,55
"366",366,60
"367",367,38
"368",368,22
"369",369,20
"370",370,23
"371",371,24
"372",372,22
"373",373,20
"374",374,17
"375",375,11
"376",376,11
"377",377,12
"378",378,20
"379",379,27
"380",380,22
"381",381,21
"382",382,39
"383",383,23
"384",384,53
"385",385,80
"386",386,92
"387",387,88
"388",388,82
"389",389,71
"390",390,68
"391",391,65
"392",392,64
"393",393,64
"394",394,64
"395",395,64
"396",396,68
"397",397,73
"398",398,73
"399",399,21
"400",400,18
"401",401,17
"402",402,16
"403",403,21
"404",404,28
"405",405,41
"406",406,56
"407",407,59
"408",408,61
"409",409,60
"410",410,57
"411",411,20
"412",412,22
"413",413,21
"414",414,21
"415",415,26
"416",416,25
"417",417,21
"418",418,21
"419",419,21
"420",420,17
"421",421,22
"422",422,25
"423",423,21
"424",424,27
"425",425,35
"426",426,23
"427",427,48
"428",428,81
"429",429,100
"430",430,101
"431",431,97
"432",432,90
"433",433,87
"434",434,82
"435",435,69
"436",436,70
"437",437,70
"438",438,65
"439",439,66
"440",440,66
"441",441,65
"442",442,70
"443",443,72
"444",444,70
"445",445,24
"446",446,24
"447",447,22
"448",448,22
"449",449,28
"450",450,38
"451",451,41
"452",452,50
"453",453,55
"454",454,62
"455",455,63
"456",456,61
"457",457,33
"458",458,12
"459",459,26
"460",460,24
"461",461,27
"462",462,27
"463",463,24
"464",464,25
"465",465,31
"466",466,88
"467",467,110
"468",468,113
"469",469,112
"470",470,104
"471",471,94
"472",472,91
"473",473,88
"474",474,77
"475",475,74
"476",476,69
"477",477,67
"478",478,65
"479",479,66
"480",480,64
"481",481,65
"482",482,64
"483",483,72
"484",484,72
"485",485,23
"486",486,31
"487",487,27
"488",488,26
"489",489,31
"490",490,40
"491",491,46
"492",492,50
"493",493,53
"494",494,54
"495",495,62
"496",496,55
"497",497,28
"498",498,17
"499",499,21
"500",500,29
"501",501,30
"502",502,26
"503",503,34
"504",504,79
"505",505,119
"506",506,116
"507",507,116
"508",508,110
"509",509,95
"510",510,94
"511",511,88
"512",512,81
"513",513,77
"514",514,74
"515",515,70
"516",516,69
"517",517,64
"518",518,64
"519",519,66
"520",520,65
"521",521,65
"522",522,73
"523",523,76
"524",524,71
"525",525,27
"526",526,33
"527",527,30
"528",528,37
"529",529,41
"530",530,48
"531",531,52
"532",532,53
"533",533,51
"534",534,57
"535",535,50
"536",536,31
"537",537,33
"538",538,108
"539",539,123
"540",540,112
"541",541,103
"542",542,98
"543",543,95
"544",544,95
"545",545,91
"546",546,87
"547",547,85
"548",548,80
"549",549,76
"550",550,72
"551",551,71
"552",552,66
"553",553,65
"554",554,63
"555",555,66
"556",556,73
"557",557,73
"558",558,74
"559",559,35
"560",560,32
"561",561,32
"562",562,33
"563",563,36
"564",564,45
"565",565,51
"566",566,51
"567",567,56
"568",568,58
"569",569,48
"570",570,48
"571",571,40
"572",572,53
"573",573,85
"574",574,117
"575",575,115
"576",576,104
"577",577,97
"578",578,92
"579",579,90
"580",580,88
"581",581,91
"582",582,90
"583",583,87
"584",584,82
"585",585,82
"586",586,75
"587",587,75
"588",588,74
"589",589,67
"590",590,67
"591",591,72
"592",592,73
"593",593,74
"594",594,72
"595",595,71
"596",596,35
"597",597,34
"598",598,31
"599",599,37
"600",600,42
"601",601,46
"602",602,39
"603",603,44
"604",604,52
"605",605,48
"606",606,42
"607",607,47
"608",608,52
"609",609,62
"610",610,63
"611",611,61
"612",612,52
"613",613,18
"614",614,34
"615",615,46
"616",616,54
"617",617,51
"618",618,56
"619",619,112
"620",620,114
"621",621,111
"622",622,108
"623",623,106
"624",624,99
"625",625,92
"626",626,92
"627",627,93
"628",628,95
"629",629,91
"630",630,91
"631",631,91
"632",632,88
"633",633,87
"634",634,84
"635",635,82
"636",636,71
"637",637,70
"638",638,71
"639",639,70
"640",640,68
"641",641,49
"642",642,50
"643",643,47
"644",644,49
"645",645,44
"646",646,45
"647",647,47
"648",648,47
"649",649,56
"650",650,43
"651",651,41
"652",652,43
"653",653,55
"654",654,74
"655",655,64
"656",656,27
"657",657,46
"658",658,43
"659",659,48
"660",660,120
"661",661,118
"662",662,108
"663",663,107
"664",664,102
"665",665,106
"666",666,95
"667",667,97
"668",668,98
"669",669,100
"670",670,98
"671",671,96
"672",672,97
"673",673,97
"674",674,94
"675",675,94
"676",676,90
"677",677,77
"678",678,64
"679",679,67
"680",680,34
"681",681,44
"682",682,49
"683",683,47
"684",684,40
"685",685,37
"686",686,34
"687",687,40
"688",688,52
"689",689,73
"690",690,44
"691",691,41
"692",692,55
"693",693,68
"694",694,74
"695",695,52
"696",696,51
"697",697,52
"698",698,53
"699",699,55
"700",700,16
"701",701,18
"702",702,21
"703",703,26
"704",704,35
"705",705,112
"706",706,123
"707",707,120
"708",708,112
"709",709,111
"710",710,108
"711",711,103
"712",712,98
"713",713,99
"714",714,100
"715",715,100
"716",716,97
"717",717,102
"718",718,101
"719",719,97
"720",720,92
"721",721,88
"722",722,38
"723",723,45
"724",724,48
"725",725,51
"726",726,49
"727",727,45
"728",728,43
"729",729,44
"730",730,51
"731",731,78
"732",732,65
"733",733,74
"734",734,73
"735",735,58
"736",736,35
"737",737,58
"738",738,57
"739",739,52
"740",740,49
"741",741,55
"742",742,52
"743",743,18
"744",744,110
"745",745,142
"746",746,133
"747",747,113
"748",748,113
"749",749,115
"750",750,119
"751",751,117
"752",752,113
"753",753,106
"754",754,112
"755",755,110
"756",756,104
"757",757,100
"758",758,96
"759",759,54
"760",760,57
"761",761,53
"762",762,53
"763",763,53
"764",764,52
"765",765,53
"766",766,54
"767",767,56
"768",768,82
"769",769,81
"770",770,69
"771",771,81
"772",772,67
"773",773,43
"774",774,22
"775",775,26
"776",776,54
"777",777,57
"778",778,79
"779",779,62
"780",780,58
"781",781,54
"782",782,52
"783",783,130
"784",784,142
"785",785,130
"786",786,114
"787",787,110
"788",788,120
"789",789,119
"790",790,119
"791",791,113
"792",792,122
"793",793,113
"794",794,109
"795",795,102
"796",796,99
"797",797,62
"798",798,61
"799",799,57
"800",800,61
"801",801,59
"802",802,57
"803",803,62
"804",804,63
"805",805,69
"806",806,76
"807",807,77
"808",808,66
"809",809,63
"810",810,49
"811",811,26
"812",812,14
"813",813,21
"814",814,18
"815",815,59
"816",816,87
"817",817,59
"818",818,68
"819",819,55
"820",820,112
"821",821,135
"822",822,141
"823",823,127
"824",824,116
"825",825,126
"826",826,122
"827",827,126
"828",828,128
"829",829,123
"830",830,116
"831",831,108
"832",832,106
"833",833,49
"834",834,42
"835",835,63
"836",836,70
"837",837,59
"838",838,44
"839",839,47
"840",840,48
"841",841,39
"842",842,41
"843",843,41
"844",844,51
"845",845,59
"846",846,62
"847",847,60
"848",848,53
"849",849,55
"850",850,44
"851",851,26
"852",852,16
"853",853,10
"854",854,9
"855",855,55
"856",856,98
"857",857,87
"858",858,77
"859",859,84
"860",860,118
"861",861,115
"862",862,131
"863",863,133
"864",864,126
"865",865,131
"866",866,128
"867",867,125
"868",868,127
"869",869,112
"870",870,56
"871",871,72
"872",872,71
"873",873,69
"874",874,71
"875",875,75
"876",876,62
"877",877,55
"878",878,49
"879",879,44
"880",880,47
"881",881,38
"882",882,35
"883",883,32
"884",884,33
"885",885,34
"886",886,33
"887",887,34
"888",888,36
"889",889,36
"890",890,39
"891",891,41
"892",892,38
"893",893,47
"894",894,54
"895",895,51
"896",896,33
"897",897,17
"898",898,7
"899",899,11
"900",900,5
"901",901,29
"902",902,46
"903",903,102
"904",904,105
"905",905,123
"906",906,128
"907",907,125
"908",908,122
"909",909,122
"910",910,122
"911",911,119
"912",912,60
"913",913,65
"914",914,74
"915",915,54
"916",916,54
"917",917,63
"918",918,60
"919",919,59
"920",920,53
"921",921,46
"922",922,45
"923",923,47
"924",924,41
"925",925,42
"926",926,34
"927",927,31
"928",928,34
"929",929,32
"930",930,30
"931",931,29
"932",932,31
"933",933,36
"934",934,36
"935",935,37
"936",936,45
"937",937,43
"938",938,48
"939",939,37
"940",940,32
"941",941,18
"942",942,13
"943",943,10
"944",944,37
"945",945,60
"946",946,48
"947",947,106
"948",948,115
"949",949,118
"950",950,122
"951",951,35
"952",952,49
"953",953,47
"954",954,39
"955",955,32
"956",956,37
"957",957,40
"958",958,41
"959",959,44
"960",960,39
"961",961,39
"962",962,40
"963",963,40
"964",964,34
"965",965,31
"966",966,32
"967",967,24
"968",968,21
"969",969,20
"970",970,20
"971",971,24
"972",972,24
"973",973,34
"974",974,39
"975",975,37
"976",976,41
"977",977,37
"978",978,35
"979",979,31
"980",980,25
"981",981,7
"982",982,39
"983",983,25
"984",984,50
"985",985,51
"986",986,87
"987",987,92
"988",988,45
"989",989,43
"990",990,33
"991",991,28
"992",992,24
"993",993,25
"994",994,23
"995",995,23
"996",996,26
"997",997,27
"998",998,26
"999",999,21
"1000",1000,18
"1001",1001,18
"1002",1002,21
"1003",1003,22
"1004",1004,15
"1005",1005,13
"1006",1006,14
"1007",1007,15
"1008",1008,16
"1009",1009,16
"1010",1010,17
"1011",1011,24
"1012",1012,33
"1013",1013,35
"1014",1014,32
"1015",1015,29
"1016",1016,20
"1017",1017,31
"1018",1018,22
"1019",1019,32
"1020",1020,31
"1021",1021,26
"1022",1022,61
"1023",1023,65
"1024",1024,54
"1025",1025,54
"1026",1026,48
"1027",1027,92
"1028",1028,94
"1029",1029,94
"1030",1030,82
"1031",1031,27
"1032",1032,23
"1033",1033,18
"1034",1034,11
"1035",1035,10
"1036",1036,14
"1037",1037,17
"1038",1038,18
"1039",1039,16
"1040",1040,8
"1041",1041,8
"1042",1042,7
"1043",1043,7
"1044",1044,7
"1045",1045,7
"1046",1046,7
"1047",1047,6
"1048",1048,6
"1049",1049,6
"1050",1050,6
"1051",1051,6
"1052",1052,9
"1053",1053,9
"1054",1054,19
"1055",1055,24
"1056",1056,26
"1057",1057,23
"1058",1058,25
"1059",1059,23
"1060",1060,20
"1061",1061,12
"1062",1062,9
"1063",1063,39
"1064",1064,29
"1065",1065,22
"1066",1066,70
"1067",1067,68
"1068",1068,57
"1069",1069,52
"1070",1070,59
"1071",1071,46
"1072",1072,64
"1073",1073,78
"1074",1074,94
"1075",1075,97
"1076",1076,94
"1077",1077,80
"1078",1078,12
"1079",1079,7
"1080",1080,4
"1081",1081,6
"1082",1082,6
"1083",1083,5
"1084",1084,7
"1085",1085,5
"1086",1086,5
"1087",1087,5
"1088",1088,5
"1089",1089,5
"1090",1090,6
"1091",1091,5
"1092",1092,5
"1093",1093,5
"1094",1094,4
"1095",1095,4
"1096",1096,4
"1097",1097,4
"1098",1098,4
"1099",1099,5
"1100",1100,7
"1101",1101,12
"1102",1102,13
"1103",1103,15
"1104",1104,14
"1105",1105,14
"1106",1106,20
"1107",1107,15
"1108",1108,8
"1109",1109,9
"1110",1110,8
"1111",1111,8
"1112",1112,31
"1113",1113,22
"1114",1114,22
"1115",1115,17
"1116",1116,35
"1117",1117,62
"1118",1118,69
"1119",1119,68
"1120",1120,60
"1121",1121,66
"1122",1122,64
"1123",1123,46
"1124",1124,67
"1125",1125,69
"1126",1126,69
"1127",1127,82
"1128",1128,57
"1129",1129,57
"1130",1130,18
"1131",1131,4
"1132",1132,3
"1133",1133,4
"1134",1134,4
"1135",1135,4
"1136",1136,4
"1137",1137,4
"1138",1138,4
"1139",1139,4
"1140",1140,4
"1141",1141,4
"1142",1142,3
"1143",1143,5
"1144",1144,3
"1145",1145,3
"1146",1146,3
"1147",1147,3
"1148",1148,3
"1149",1149,3
"1150",1150,3
"1151",1151,3
"1152",1152,4
"1153",1153,6
"1154",1154,7
"1155",1155,8
"1156",1156,10
"1157",1157,8
"1158",1158,17
"1159",1159,9
"1160",1160,6
"1161",1161,5
"1162",1162,5
"1163",1163,6
"1164",1164,6
"1165",1165,5
"1166",1166,30
"1167",1167,28
"1168",1168,23
"1169",1169,21
"1170",1170,18
"1171",1171,19
"1172",1172,36
"1173",1173,66
"1174",1174,73
"1175",1175,75
"1176",1176,67
"1177",1177,77
"1178",1178,62
"1179",1179,62
"1180",1180,46
"1181",1181,64
"1182",1182,40
"1183",1183,23
"1184",1184,3
"1185",1185,4
"1186",1186,3
"1187",1187,3
"1188",1188,3
"1189",1189,3
"1190",1190,3
"1191",1191,3
"1192",1192,3
"1193",1193,3
"1194",1194,4
"1195",1195,4
"1196",1196,3
"1197",1197,3
"1198",1198,3
"1199",1199,3
"1200",1200,3
"1201",1201,3
"1202",1202,4
"1203",1203,4
"1204",1204,3
"1205",1205,3
"1206",1206,4
"1207",1207,7
"1208",1208,7
"1209",1209,5
"1210",1210,6
"1211",1211,17
"1212",1212,13
"1213",1213,6
"1214",1214,4
"1215",1215,4
"1216",1216,2
"1217",1217,3
"1218",1218,5
"1219",1219,7
"1220",1220,16
"1221",1221,24
"1222",1222,25
"1223",1223,25
"1224",1224,29
"1225",1225,20
"1226",1226,17
"1227",1227,24
"1228",1228,27
"1229",1229,39
"1230",1230,42
"1231",1231,62
"1232",1232,71
"1233",1233,74
"1234",1234,69
"1235",1235,73
"1236",1236,64
"1237",1237,56
"1238",1238,43
"1239",1239,43
"1240",1240,56
"1241",1241,3
"1242",1242,4
"1243",1243,4
"1244",1244,3
"1245",1245,3
"1246",1246,3
"1247",1247,3
"1248",1248,3
"1249",1249,3
"1250",1250,3
"1251",1251,5
"1252",1252,5
"1253",1253,4
"1254",1254,4
"1255",1255,3
"1256",1256,3
"1257",1257,3
"1258",1258,3
"1259",1259,4
"1260",1260,4
"1261",1261,3
"1262",1262,3
"1263",1263,4
"1264",1264,7
"1265",1265,10
"1266",1266,5
"1267",1267,14
"1268",1268,13
"1269",1269,5
"1270",1270,5
"1271",1271,2
"1272",1272,2
"1273",1273,3
"1274",1274,3
"1275",1275,8
"1276",1276,11
"1277",1277,12
"1278",1278,15
"1279",1279,17
"1280",1280,22
"1281",1281,20
"1282",1282,23
"1283",1283,26
"1284",1284,20
"1285",1285,16
"1286",1286,20
"1287",1287,27
"1288",1288,30
"1289",1289,28
"1290",1290,46
"1291",1291,45
"1292",1292,62
"1293",1293,66
"1294",1294,59
"1295",1295,69
"1296",1296,72
"1297",1297,65
"1298",1298,37
"1299",1299,33
"1300",1300,36
"1301",1301,32
"1302",1302,19
"1303",1303,47
"1304",1304,48
"1305",1305,26
"1306",1306,35
"1307",1307,40
"1308",1308,5
"1309",1309,4
"1310",1310,4
"1311",1311,3
"1312",1312,3
"1313",1313,3
"1314",1314,3
"1315",1315,3
"1316",1316,3
"1317",1317,3
"1318",1318,4
"1319",1319,4
"1320",1320,4
"1321",1321,4
"1322",1322,4
"1323",1323,3
"1324",1324,3
"1325",1325,3
"1326",1326,3
"1327",1327,3
"1328",1328,3
"1329",1329,5
"1330",1330,9
"1331",1331,10
"1332",1332,10
"1333",1333,5
"1334",1334,4
"1335",1335,4
"1336",1336,3
"1337",1337,3
"1338",1338,4
"1339",1339,15
"1340",1340,15
"1341",1341,15
"1342",1342,22
"1343",1343,18
"1344",1344,20
"1345",1345,17
"1346",1346,16
"1347",1347,16
"1348",1348,20
"1349",1349,21
"1350",1350,49
"1351",1351,56
"1352",1352,56
"1353",1353,49
"1354",1354,64
"1355",1355,64
"1356",1356,35
"1357",1357,35
"1358",1358,38
"1359",1359,39
"1360",1360,37
"1361",1361,35
"1362",1362,26
"1363",1363,27
"1364",1364,30
"1365",1365,18
"1366",1366,41
"1367",1367,43
"1368",1368,28
"1369",1369,27
"1370",1370,33
"1371",1371,27
"1372",1372,10
"1373",1373,5
"1374",1374,4
"1375",1375,4
"1376",1376,4
"1377",1377,4
"1378",1378,3
"1379",1379,3
"1380",1380,3
"1381",1381,3
"1382",1382,3
"1383",1383,3
"1384",1384,3
"1385",1385,3
"1386",1386,4
"1387",1387,4
"1388",1388,3
"1389",1389,3
"1390",1390,3
"1391",1391,3
"1392",1392,3
"1393",1393,3
"1394",1394,6
"1395",1395,10
"1396",1396,13
"1397",1397,8
"1398",1398,6
"1399",1399,5
"1400",1400,3
"1401",1401,4
"1402",1402,4
"1403",1403,3
"1404",1404,14
"1405",1405,13
"1406",1406,10
"1407",1407,8
"1408",1408,6
"1409",1409,5
"1410",1410,14
"1411",1411,18
"1412",1412,12
"1413",1413,17
"1414",1414,17
"1415",1415,20
"1416",1416,18
"1417",1417,25
"1418",1418,34
"1419",1419,45
"1420",1420,46
"1421",1421,64
"1422",1422,50
"1423",1423,44
"1424",1424,50
"1425",1425,52
"1426",1426,54
"1427",1427,32
"1428",1428,32
"1429",1429,37
"1430",1430,36
"1431",1431,34
"1432",1432,27
"1433",1433,20
"1434",1434,22
"1435",1435,34
"1436",1436,36
"1437",1437,30
"1438",1438,34
"1439",1439,28
"1440",1440,25
"1441",1441,27
"1442",1442,28
"1443",1443,15
"1444",1444,13
"1445",1445,10
"1446",1446,13
"1447",1447,11
"1448",1448,7
"1449",1449,7
"1450",1450,4
"1451",1451,3
"1452",1452,3
"1453",1453,3
"1454",1454,3
"1455",1455,3
"1456",1456,3
"1457",1457,3
"1458",1458,3
"1459",1459,3
"1460",1460,4
"1461",1461,4
"1462",1462,4
"1463",1463,4
"1464",1464,4
"1465",1465,10
"1466",1466,14
"1467",1467,19
"1468",1468,17
"1469",1469,8
"1470",1470,4
"1471",1471,3
"1472",1472,3
"1473",1473,3
"1474",1474,7
"1475",1475,16
"1476",1476,16
"1477",1477,12
"1478",1478,10
"1479",1479,9
"1480",1480,9
"1481",1481,5
"1482",1482,5
"1483",1483,11
"1484",1484,15
"1485",1485,11
"1486",1486,9
"1487",1487,12
"1488",1488,29
"1489",1489,35
"1490",1490,33
"1491",1491,31
"1492",1492,36
"1493",1493,14
"1494",1494,19
"1495",1495,6
"1496",1496,13
"1497",1497,24
"1498",1498,37
"1499",1499,31
"1500",1500,19
"1501",1501,32
"1502",1502,34
"1503",1503,35
"1504",1504,33
"1505",1505,19
"1506",1506,20
"1507",1507,22
"1508",1508,29
"1509",1509,34
"1510",1510,23
"1511",1511,21
"1512",1512,23
"1513",1513,29
"1514",1514,29
"1515",1515,27
"1516",1516,25
"1517",1517,23
"1518",1518,19
"1519",1519,13
"1520",1520,10
"1521",1521,12
"1522",1522,11
"1523",1523,12
"1524",1524,13
"1525",1525,14
"1526",1526,14
"1527",1527,13
"1528",1528,24
"1529",1529,28
"1530",1530,24
"1531",1531,15
"1532",1532,10
"1533",1533,3
"1534",1534,3
"1535",1535,3
"1536",1536,3
"1537",1537,4
"1538",1538,7
"1539",1539,8
"1540",1540,6
"1541",1541,4
"1542",1542,10
"1543",1543,9
"1544",1544,6
"1545",1545,7
"1546",1546,10
"1547",1547,17
"1548",1548,14
"1549",1549,22
"1550",1550,12
"1551",1551,5
"1552",1552,4
"1553",1553,3
"1554",1554,6
"1555",1555,10
"1556",1556,18
"1557",1557,21
"1558",1558,17
"1559",1559,10
"1560",1560,6
"1561",1561,6
"1562",1562,6
"1563",1563,6
"1564",1564,8
"1565",1565,12
"1566",1566,14
"1567",1567,16
"1568",1568,19
"1569",1569,29
"1570",1570,36
"1571",1571,36
"1572",1572,27
"1573",1573,11
"1574",1574,1
"1575",1578,3
"1576",1579,7
"1577",1580,4
"1578",1581,7
"1579",1582,13
"1580",1583,23
"1581",1584,25
"1582",1585,30
"1583",1586,32
"1584",1587,21
"1585",1588,13
"1586",1589,17
"1587",1590,27
"1588",1591,32
"1589",1592,26
"1590",1593,21
"1591",1594,22
"1592",1595,27
"1593",1596,28
"1594",1597,27
"1595",1598,23
"1596",1599,22
"1597",1600,20
"1598",1601,12
"1599",1602,11
"1600",1603,10
"1601",1604,15
"1602",1605,14
"1603",1606,13
"1604",1607,14
"1605",1608,15
"1606",1609,15
"1607",1610,14
"1608",1611,13
"1609",1612,21
"1610",1613,25
"1611",1614,20
"1612",1615,17
"1613",1616,13
"1614",1617,10
"1615",1618,10
"1616",1619,11
"1617",1620,11
"1618",1621,10
"1619",1622,24
"1620",1623,8
"1621",1624,6
"1622",1625,8
"1623",1626,9
"1624",1627,18
"1625",1628,21
"1626",1629,18
"1627",1630,12
"1628",1631,10
"1629",1632,6
"1630",1633,7
"1631",1634,10
"1632",1635,10
"1633",1636,10
"1634",1637,12
"1635",1638,18
"1636",1639,28
"1637",1640,34
"1638",1641,35
"1639",1642,27
"1640",1643,15
"1641",1644,2
"1642",1645,1
"1643",1651,1
"1644",1652,2
"1645",1653,5
"1646",1654,6
"1647",1655,13
"1648",1656,19
"1649",1657,19
"1650",1658,24
"1651",1659,16
"1652",1660,9
"1653",1661,11
"1654",1662,14
"1655",1663,16
"1656",1664,10
"1657",1665,17
"1658",1666,22
"1659",1667,22
"1660",1668,25
"1661",1669,24
"1662",1670,20
"1663",1671,19
"1664",1672,18
"1665",1673,15
"1666",1674,13
"1667",1675,12
"1668",1676,11
"1669",1677,13
"1670",1678,16
"1671",1679,15
"1672",1680,15
"1673",1681,15
"1674",1682,14
"1675",1683,16
"1676",1684,16
"1677",1685,14
"1678",1686,11
"1679",1687,21
"1680",1688,18
"1681",1689,20
"1682",1690,21
"1683",1691,21
"1684",1692,18
"1685",1693,18
"1686",1694,17
"1687",1695,24
"1688",1696,11
"1689",1697,8
"1690",1698,7
"1691",1699,14
"1692",1700,18
"1693",1701,20
"1694",1702,16
"1695",1703,15
"1696",1704,14
"1697",1705,10
"1698",1706,11
"1699",1707,13
"1700",1708,13
"1701",1709,13
"1702",1710,13
"1703",1711,27
"1704",1712,32
"1705",1713,29
"1706",1714,23
"1707",1715,12
"1708",1716,6
"1709",1717,2
"1710",1724,1
"1711",1725,2
"1712",1726,3
"1713",1727,4
"1714",1728,6
"1715",1729,9
"1716",1730,12
"1717",1731,15
"1718",1732,15
"1719",1733,11
"1720",1734,10
"1721",1735,11
"1722",1736,9
"1723",1737,8
"1724",1738,13
"1725",1739,14
"1726",1740,16
"1727",1741,16
"1728",1742,17
"1729",1743,16
"1730",1744,19
"1731",1745,22
"1732",1746,20
"1733",1747,19
"1734",1748,19
"1735",1749,18
"1736",1750,16
"1737",1751,14
"1738",1752,12
"1739",1753,10
"1740",1754,12
"1741",1755,13
"1742",1756,13
"1743",1757,13
"1744",1758,14
"1745",1759,14
"1746",1760,13
"1747",1761,13
"1748",1762,13
"1749",1763,12
"1750",1764,22
"1751",1765,22
"1752",1766,21
"1753",1767,16
"1754",1768,21
"1755",1769,25
"1756",1770,21
"1757",1771,22
"1758",1772,22
"1759",1773,20
"1760",1774,13
"1761",1775,15
"1762",1776,21
"1763",1777,18
"1764",1778,21
"1765",1779,20
"1766",1780,18
"1767",1781,17
"1768",1782,16
"1769",1783,13
"1770",1784,15
"1771",1785,18
"1772",1786,19
"1773",1787,20
"1774",1788,16
"1775",1789,14
"1776",1790,8
"1777",1791,3
"1778",1792,2
"1779",1793,1
"1780",1794,1
"1781",1795,1
"1782",1796,1
"1783",1797,1
"1784",1798,1
"1785",1799,2
"1786",1800,3
"1787",1801,4
"1788",1802,5
"1789",1803,7
"1790",1804,6
"1791",1805,9
"1792",1806,6
"1793",1807,8
"1794",1808,9
"1795",1809,10
"1796",1810,12
"1797",1811,8
"1798",1812,5
"1799",1813,11
"1800",1814,12
"1801",1815,18
"1802",1816,15
"1803",1817,16
"1804",1818,16
"1805",1819,16
"1806",1820,15
"1807",1821,17
"1808",1822,18
"1809",1823,18
"1810",1824,16
"1811",1825,15
"1812",1826,12
"1813",1827,9
"1814",1828,10
"1815",1829,11
"1816",1830,10
"1817",1831,11
"1818",1832,12
"1819",1833,13
"1820",1834,14
"1821",1835,14
"1822",1836,14
"1823",1837,12
"1824",1838,12
"1825",1839,10
"1826",1840,12
"1827",1841,23
"1828",1842,24
"1829",1843,25
"1830",1844,25
"1831",1845,21
"1832",1846,31
"1833",1847,31
"1834",1848,21
"1835",1849,23
"1836",1850,19
"1837",1851,15
"1838",1852,15
"1839",1853,14
"1840",1854,16
"1841",1855,13
"1842",1856,16
"1843",1857,27
"1844",1858,28
"1845",1859,23
"1846",1860,17
"1847",1861,17
"1848",1862,15
"1849",1863,14
"1850",1864,13
"1851",1865,13
"1852",1866,16
"1853",1867,16
"1854",1868,16
"1855",1869,15
"1856",1870,9
"1857",1871,6
"1858",1872,5
"1859",1873,2
"1860",1874,2
"1861",1875,2
"1862",1876,2
"1863",1877,1
"1864",1878,1
"1865",1879,1
"1866",1880,2
"1867",1881,2
"1868",1882,2
"1869",1883,3
"1870",1884,3
"1871",1885,4
"1872",1886,5
"1873",1887,2
"1874",1888,3
"1875",1889,7
"1876",1890,9
"1877",1891,12
"1878",1892,10
"1879",1893,16
"1880",1894,14
"1881",1895,16
"1882",1896,15
"1883",1897,15
"1884",1898,15
"1885",1899,15
"1886",1900,16
"1887",1901,16
"1888",1902,15
"1889",1903,10
"1890",1904,11
"1891",1905,7
"1892",1906,9
"1893",1907,11
"1894",1908,10
"1895",1909,10
"1896",1910,11
"1897",1911,13
"1898",1912,12
"1899",1913,11
"1900",1914,10
"1901",1915,10
"1902",1916,10
"1903",1917,10
"1904",1918,12
"1905",1919,10
"1906",1920,25
"1907",1921,24
"1908",1922,23
"1909",1923,26
"1910",1924,25
"1911",1925,25
"1912",1926,30
"1913",1927,31
"1914",1928,31
"1915",1929,27
"1916",1930,23
"1917",1931,15
"1918",1932,12
"1919",1933,14
"1920",1934,14
"1921",1935,30
"1922",1936,31
"1923",1937,31
"1924",1938,28
"1925",1939,26
"1926",1940,6
"1927",1941,9
"1928",1942,8
"1929",1943,9
"1930",1944,9
"1931",1945,9
"1932",1946,11
"1933",1947,15
"1934",1948,16
"1935",1949,15
"1936",1950,11
"1937",1951,9
"1938",1952,9
"1939",1953,3
"1940",1954,3
"1941",1955,3
"1942",1956,2
"1943",1957,1
"1944",1958,1
"1945",1959,1
"1946",1960,2
"1947",1961,2
"1948",1962,2
"1949",1963,1
"1950",1964,2
"1951",1965,2
"1952",1966,3
"1953",1967,3
"1954",1968,3
"1955",1969,2
"1956",1970,7
"1957",1971,11
"1958",1972,6
"1959",1973,7
"1960",1974,4
"1961",1975,10
"1962",1976,14
"1963",1977,11
"1964",1978,18
"1965",1979,14
"1966",1980,15
"1967",1981,15
"1968",1982,14
"1969",1983,15
"1970",1984,15
"1971",1985,15
"1972",1986,11
"1973",1987,10
"1974",1988,10
"1975",1989,10
"1976",1990,8
"1977",1991,6
"1978",1992,9
"1979",1993,8
"1980",1994,8
"1981",1995,9
"1982",1996,9
"1983",1997,8
"1984",1998,10
"1985",1999,8
"1986",2000,8
"1987",2001,10
"1988",2002,10
"1989",2003,9
"1990",2004,9
"1991",2005,22
"1992",2006,23
"1993",2007,25
"1994",2008,28
"1995",2009,28
"1996",2010,26
"1997",2011,23
"1998",2012,24
"1999",2013,30
"2000",2014,30
"2001",2015,30
"2002",2016,30
"2003",2017,28
"2004",2018,28
"2005",2019,29
"2006",2020,27
"2007",2021,23
"2008",2022,6
"2009",2023,5
"2010",2024,5
"2011",2025,7
"2012",2026,7
"2013",2027,6
"2014",2028,8
"2015",2029,6
"2016",2030,10
"2017",2031,11
"2018",2032,12
"2019",2033,13
"2020",2034,9
"2021",2035,8
"2022",2036,6
"2023",2037,4
"2024",2038,3
"2025",2039,2
"2026",2040,2
"2027",2041,1
"2028",2042,1
"2029",2043,1
"2030",2044,2
"2031",2045,2
"2032",2046,2
"2033",2047,2
"2034",2048,3
"2035",2049,4
"2036",2050,3
"2037",2051,3
"2038",2052,3
"2039",2053,2
"2040",2054,3
"2041",2055,3
"2042",2056,4
"2043",2057,4
"2044",2058,8
"2045",2059,11
"2046",2060,15
"2047",2061,14
"2048",2062,14
"2049",2063,14
"2050",2064,14
"2051",2065,14
"2052",2066,14
"2053",2067,15
"2054",2068,14
"2055",2069,14
"2056",2070,11
"2057",2071,11
"2058",2072,9
"2059",2073,9
"2060",2074,10
"2061",2075,8
"2062",2076,7
"2063",2077,6
"2064",2078,7
"2065",2079,7
"2066",2080,7
"2067",2081,7
"2068",2082,6
"2069",2083,8
"2070",2084,8
"2071",2085,9
"2072",2086,9
"2073",2087,9
"2074",2088,9
"2075",2089,8
"2076",2090,7
"2077",2091,6
"2078",2092,23
"2079",2093,26
"2080",2094,26
"2081",2095,27
"2082",2096,29
"2083",2097,27
"2084",2098,28
"2085",2099,31
"2086",2100,32
"2087",2101,29
"2088",2102,29
"2089",2103,30
"2090",2104,29
"2091",2105,30
"2092",2106,26
"2093",2107,24
"2094",2108,23
"2095",2109,21
"2096",2110,17
"2097",2111,13
"2098",2112,5
"2099",2113,4
"2100",2114,4
"2101",2115,5
"2102",2116,5
"2103",2117,7
"2104",2118,7
"2105",2119,7
"2106",2120,6
"2107",2121,5
"2108",2122,6
"2109",2123,5
"2110",2124,7
"2111",2125,7
"2112",2126,6
"2113",2127,5
"2114",2128,4
"2115",2129,2
"2116",2130,2
"2117",2131,2
"2118",2132,2
"2119",2133,2
"2120",2134,2
"2121",2135,2
"2122",2136,2
"2123",2137,2
"2124",2138,2
"2125",2139,2
"2126",2140,4
"2127",2141,5
"2128",2142,5
"2129",2143,5
"2130",2144,6
"2131",2145,5
"2132",2146,4
"2133",2147,4
"2134",2148,7
"2135",2149,9
"2136",2150,13
"2137",2151,12
"2138",2152,14
"2139",2153,14
"2140",2154,14
"2141",2155,13
"2142",2156,14
"2143",2157,16
"2144",2158,14
"2145",2159,12
"2146",2160,11
"2147",2161,10
"2148",2162,9
"2149",2163,9
"2150",2164,9
"2151",2165,6
"2152",2166,6
"2153",2167,6
"2154",2168,7
"2155",2169,7
"2156",2170,7
"2157",2171,7
"2158",2172,6
"2159",2173,6
"2160",2174,6
"2161",2175,6
"2162",2176,6
"2163",2177,8
"2164",2178,8
"2165",2179,7
"2166",2180,7
"2167",2181,7
"2168",2182,7
"2169",2183,21
"2170",2184,23
"2171",2185,24
"2172",2186,28
"2173",2187,29
"2174",2188,28
"2175",2189,28
"2176",2190,27
"2177",2191,27
"2178",2192,28
"2179",2193,28
"2180",2194,29
"2181",2195,29
"2182",2196,27
"2183",2197,24
"2184",2198,20
"2185",2199,19
"2186",2200,15
"2187",2201,13
"2188",2202,11
"2189",2203,12
"2190",2204,12
"2191",2205,10
"2192",2206,9
"2193",2207,9
"2194",2208,9
"2195",2209,4
"2196",2210,5
"2197",2211,5
"2198",2212,5
"2199",2213,6
"2200",2214,6
"2201",2215,6
"2202",2216,5
"2203",2217,5
"2204",2218,2
"2205",2219,2
"2206",2220,2
"2207",2221,3
"2208",2222,3
"2209",2223,3
"2210",2224,5
"2211",2225,6
"2212",2226,8
"2213",2227,7
"2214",2228,5
"2215",2229,2
"2216",2230,2
"2217",2231,3
"2218",2232,3
"2219",2233,3
"2220",2234,3
"2221",2235,3
"2222",2236,4
"2223",2237,4
"2224",2238,3
"2225",2239,3
"2226",2240,3
"2227",2241,3
"2228",2242,5
"2229",2243,6
"2230",2244,7
"2231",2245,6
"2232",2246,6
"2233",2247,6
"2234",2248,8
"2235",2249,10
"2236",2250,10
"2237",2251,9
"2238",2252,7
"2239",2253,11
"2240",2254,11
"2241",2255,13
"2242",2256,13
"2243",2257,14
"2244",2258,12
"2245",2259,12
"2246",2260,10
"2247",2261,8
"2248",2262,8
"2249",2263,8
"2250",2264,8
"2251",2265,6
"2252",2266,6
"2253",2267,6
"2254",2268,6
"2255",2269,6
"2256",2270,5
"2257",2271,5
"2258",2272,5
"2259",2273,6
"2260",2274,6
"2261",2275,5
"2262",2276,5
"2263",2277,5
"2264",2278,5
"2265",2279,4
"2266",2280,4
"2267",2281,5
"2268",2282,4
"2269",2283,1
"2270",2284,1
"2271",2285,19
"2272",2286,20
"2273",2287,21
"2274",2288,24
"2275",2289,22
"2276",2290,20
"2277",2291,20
"2278",2292,21
"2279",2293,22
"2280",2294,24
"2281",2295,27
"2282",2296,27
"2283",2297,25
"2284",2298,21
"2285",2299,21
"2286",2300,21
"2287",2301,15
"2288",2302,15
"2289",2303,13
"2290",2304,12
"2291",2305,13
"2292",2306,13
"2293",2307,13
"2294",2308,13
"2295",2309,12
"2296",2310,7
"2297",2311,9
"2298",2312,8
"2299",2313,5
"2300",2314,5
"2301",2315,5
"2302",2316,5
"2303",2317,4
"2304",2318,1
"2305",2319,1
"2306",2320,1
"2307",2322,1
"2308",2323,2
"2309",2324,5
"2310",2325,4
"2311",2326,7
"2312",2327,9
"2313",2328,9
"2314",2329,8
"2315",2330,8
"2316",2331,7
"2317",2332,4
"2318",2333,3
"2319",2334,3
"2320",2335,3
"2321",2336,3
"2322",2337,6
"2323",2338,6
"2324",2339,6
"2325",2340,6
"2326",2341,5
"2327",2342,4
"2328",2343,4
"2329",2344,5
"2330",2345,6
"2331",2346,6
"2332",2347,6
"2333",2348,7
"2334",2349,8
"2335",2350,8
"2336",2351,6
"2337",2352,7
"2338",2353,8
"2339",2354,6
"2340",2355,5
"2341",2356,6
"2342",2357,8
"2343",2358,10
"2344",2359,10
"2345",2360,11
"2346",2361,14
"2347",2362,13
"2348",2363,10
"2349",2364,7
"2350",2365,8
"2351",2366,7
"2352",2367,7
"2353",2368,6
"2354",2369,7
"2355",2370,6
"2356",2371,5
"2357",2372,5
"2358",2373,5
"2359",2374,5
"2360",2375,5
"2361",2376,5
"2362",2377,5
"2363",2378,5
"2364",2379,4
"2365",2380,4
"2366",2381,4
"2367",2382,4
"2368",2383,3
"2369",2384,3
"2370",2385,3
"2371",2386,3
"2372",2387,3
"2373",2388,3
"2374",2389,3
"2375",2390,3
"2376",2391,3
"2377",2392,2
"2378",2393,16
"2379",2394,17
"2380",2395,20
"2381",2396,20
"2382",2397,20
"2383",2398,19
"2384",2399,19
"2385",2400,20
"2386",2401,21
"2387",2402,20
"2388",2403,22
"2389",2404,22
"2390",2405,21
"2391",2406,20
"2392",2407,16
"2393",2408,15
"2394",2409,15
"2395",2410,14
"2396",2411,14
"2397",2412,14
"2398",2413,15
"2399",2414,15
"2400",2415,14
"2401",2416,13
"2402",2417,14
"2403",2418,10
"2404",2419,12
"2405",2420,12
"2406",2421,10
"2407",2422,9
"2408",2423,8
"2409",2424,6
"2410",2425,4
"2411",2426,3
"2412",2427,2
"2413",2428,2
"2414",2429,1
"2415",2430,2
"2416",2431,4
"2417",2432,5
"2418",2433,5
"2419",2434,8
"2420",2435,9
"2421",2436,8
"2422",2437,10
"2423",2438,9
"2424",2439,8
"2425",2440,7
"2426",2441,6
"2427",2442,5
"2428",2443,5
"2429",2444,6
"2430",2445,9
"2431",2446,9
"2432",2447,9
"2433",2448,8
"2434",2449,7
"2435",2450,8
"2436",2451,6
"2437",2452,6
"2438",2453,6
"2439",2454,7
"2440",2455,7
"2441",2456,8
"2442",2457,8
"2443",2458,7
"2444",2459,6
"2445",2460,6
"2446",2461,6
"2447",2462,7
"2448",2463,6
"2449",2464,6
"2450",2465,6
"2451",2466,7
"2452",2467,7
"2453",2468,9
"2454",2469,10
"2455",2470,12
"2456",2471,8
"2457",2472,7
"2458",2473,8
"2459",2474,7
"2460",2475,5
"2461",2476,4
"2462",2477,5
"2463",2478,5
"2464",2479,5
"2465",2480,5
"2466",2481,5
"2467",2482,5
"2468",2483,4
"2469",2484,4
"2470",2485,4
"2471",2486,4
"2472",2487,4
"2473",2488,2
"2474",2489,2
"2475",2490,2
"2476",2491,2
"2477",2492,2
"2478",2493,2
"2479",2494,2
"2480",2495,2
"2481",2496,2
"2482",2497,2
"2483",2498,2
"2484",2499,2
"2485",2500,9
"2486",2501,8
"2487",2502,15
"2488",2503,14
"2489",2504,15
"2490",2505,17
"2491",2506,18
"2492",2507,18
"2493",2508,18
"2494",2509,18
"2495",2510,18
"2496",2511,18
"2497",2512,19
"2498",2513,18
"2499",2514,15
"2500",2515,15
"2501",2516,14
"2502",2517,14
"2503",2518,14
"2504",2519,13
"2505",2520,14
"2506",2521,14
"2507",2522,15
"2508",2523,14
"2509",2524,14
"2510",2525,12
"2511",2526,11
"2512",2527,11
"2513",2528,10
"2514",2529,8
"2515",2530,7
"2516",2531,5
"2517",2532,4
"2518",2533,4
"2519",2534,4
"2520",2535,3
"2521",2536,3
"2522",2537,3
"2523",2538,4
"2524",2539,4
"2525",2540,5
"2526",2541,7
"2527",2542,9
"2528",2543,8
"2529",2544,10
"2530",2545,10
"2531",2546,8
"2532",2547,7
"2533",2548,7
"2534",2549,6
"2535",2550,6
"2536",2551,7
"2537",2552,9
"2538",2553,9
"2539",2554,9
"2540",2555,8
"2541",2556,8
"2542",2557,7
"2543",2558,6
"2544",2559,5
"2545",2560,5
"2546",2561,6
"2547",2562,6
"2548",2563,6
"2549",2564,5
"2550",2565,4
"2551",2566,4
"2552",2567,5
"2553",2568,6
"2554",2569,7
"2555",2570,6
"2556",2571,6
"2557",2574,6
"2558",2575,6
"2559",2576,5
"2560",2577,6
"2561",2578,8
"2562",2579,7
"2563",2580,6
"2564",2581,7
"2565",2582,6
"2566",2583,7
"2567",2584,6
"2568",2585,5
"2569",2586,4
"2570",2587,4
"2571",2588,4
"2572",2589,4
"2573",2590,3
"2574",2591,2
"2575",2592,2
"2576",2593,2
"2577",2594,2
"2578",2595,2
"2579",2596,2
"2580",2597,2
"2581",2598,2
"2582",2599,2
"2583",2600,2
"2584",2601,2
"2585",2602,2
"2586",2603,2
"2587",2604,2
"2588",2605,2
"2589",2606,2
"2590",2607,2
"2591",2608,8
"2592",2609,10
"2593",2610,14
"2594",2611,15
"2595",2612,15
"2596",2613,16
"2597",2614,16
"2598",2615,16
"2599",2616,14
"2600",2617,13
"2601",2618,14
"2602",2619,13
"2603",2620,11
"2604",2621,13
"2605",2622,13
"2606",2623,13
"2607",2624,13
"2608",2625,14
"2609",2626,11
"2610",2627,9
"2611",2628,8
"2612",2629,7
"2613",2630,6
"2614",2631,5
"2615",2632,5
"2616",2633,5
"2617",2634,5
"2618",2635,4
"2619",2636,3
"2620",2637,4
"2621",2638,4
"2622",2639,4
"2623",2640,5
"2624",2641,5
"2625",2642,6
"2626",2643,6
"2627",2644,7
"2628",2645,9
"2629",2646,9
"2630",2647,9
"2631",2648,8
"2632",2649,6
"2633",2650,6
"2634",2651,6
"2635",2652,7
"2636",2653,7
"2637",2654,7
"2638",2655,7
"2639",2656,7
"2640",2657,7
"2641",2658,6
"2642",2659,5
"2643",2660,5
"2644",2661,5
"2645",2662,5
"2646",2663,5
"2647",2664,4
"2648",2665,3
"2649",2666,3
"2650",2667,3
"2651",2668,4
"2652",2672,3
"2653",2673,4
"2654",2674,4
"2655",2675,3
"2656",2676,1
"2657",2677,3
"2658",2678,4
"2659",2679,3
"2660",2680,4
"2661",2681,4
"2662",2682,4
"2663",2683,4
"2664",2684,4
"2665",2685,4
"2666",2686,4
"2667",2687,2
"2668",2688,2
"2669",2689,2
"2670",2690,2
"2671",2691,2
"2672",2692,2
"2673",2693,2
"2674",2694,2
"2675",2695,2
"2676",2696,2
"2677",2697,2
"2678",2698,2
"2679",2699,2
"2680",2700,2
"2681",2701,7
"2682",2702,9
"2683",2703,17
"2684",2704,16
"2685",2705,14
"2686",2706,15
"2687",2707,14
"2688",2708,12
"2689",2709,11
"2690",2710,11
"2691",2711,11
"2692",2712,13
"2693",2713,12
"2694",2714,12
"2695",2715,11
"2696",2716,10
"2697",2717,11
"2698",2718,11
"2699",2719,10
"2700",2720,8
"2701",2721,8
"2702",2722,7
"2703",2723,5
"2704",2724,5
"2705",2725,5
"2706",2726,5
"2707",2727,5
"2708",2728,5
"2709",2729,4
"2710",2730,4
"2711",2731,4
"2712",2732,4
"2713",2733,4
"2714",2734,4
"2715",2735,4
"2716",2736,5
"2717",2737,5
"2718",2738,5
"2719",2739,9
"2720",2740,9
"2721",2741,9
"2722",2742,6
"2723",2743,5
"2724",2744,5
"2725",2745,6
"2726",2746,6
"2727",2747,6
"2728",2748,6
"2729",2749,6
"2730",2750,6
"2731",2751,5
"2732",2752,4
"2733",2753,4
"2734",2754,4
"2735",2755,2
"2736",2756,2
"2737",2757,2
"2738",2758,2
"2739",2759,2
"2740",2760,3
"2741",2761,4
"2742",2762,4
"2743",2766,1
"2744",2767,1
"2745",2768,1
"2746",2769,1
"2747",2770,3
"2748",2771,3
"2749",2772,3
"2750",2773,3
"2751",2774,3
"2752",2775,1
"2753",2776,2
"2754",2777,2
"2755",2778,2
"2756",2779,3
"2757",2780,3
"2758",2781,4
"2759",2782,4
"2760",2783,4
"2761",2784,4
"2762",2785,3
"2763",2786,2
"2764",2787,2
"2765",2788,2
"2766",2789,2
"2767",2790,1
"2768",2791,1
"2769",2792,1
"2770",2793,1
"2771",2794,1
"2772",2795,1
"2773",2796,1
"2774",2797,1
"2775",2798,6
"2776",2799,9
"2777",2800,10
"2778",2801,11
"2779",2802,11
"2780",2803,12
"2781",2804,12
"2782",2805,11
"2783",2806,11
"2784",2807,11
"2785",2808,10
"2786",2809,8
"2787",2810,8
"2788",2811,6
"2789",2812,6
"2790",2813,6
"2791",2814,7
"2792",2815,7
"2793",2816,5
"2794",2817,5
"2795",2818,5
"2796",2819,5
"2797",2820,5
"2798",2821,5
"2799",2822,4
"2800",2823,5
"2801",2824,5
"2802",2825,5
"2803",2826,5
"2804",2827,4
"2805",2828,4
"2806",2829,4
"2807",2830,4
"2808",2831,4
"2809",2832,4
"2810",2833,4
"2811",2834,4
"2812",2835,5
"2813",2836,5
"2814",2837,7
"2815",2838,7
"2816",2839,4
"2817",2840,4
"2818",2841,3
"2819",2842,3
"2820",2843,3
"2821",2844,3
"2822",2845,3
"2823",2846,4
"2824",2847,3
"2825",2848,3
"2826",2849,3
"2827",2850,3
"2828",2851,3
"2829",2852,1
"2830",2853,1
"2831",2854,1
"2832",2855,1
"2833",2856,2
"2834",2857,2
"2835",2858,2
"2836",2859,3
"2837",2860,4
"2838",2861,3
"2839",2862,3
"2840",2865,1
"2841",2866,1
"2842",2867,1
"2843",2868,1
"2844",2869,1
"2845",2870,1
"2846",2871,1
"2847",2872,2
"2848",2873,2
"2849",2874,2
"2850",2875,2
"2851",2876,2
"2852",2877,2
"2853",2878,3
"2854",2879,3
"2855",2880,3
"2856",2881,2
"2857",2882,1
"2858",2883,1
"2859",2884,2
"2860",2885,2
"2861",2886,2
"2862",2887,2
"2863",2888,2
"2864",2889,4
"2865",2890,4
"2866",2891,2
"2867",2892,2
"2868",2893,1
"2869",2894,1
"2870",2895,1
"2871",2896,1
"2872",2897,1
"2873",2898,1
"2874",2899,1
"2875",2900,1
"2876",2901,1
"2877",2902,1
"2878",2903,1
"2879",2907,6
"2880",2908,8
"2881",2909,9
"2882",2910,6
"2883",2911,10
"2884",2912,11
"2885",2913,9
"2886",2914,9
"2887",2915,9
"2888",2916,10
"2889",2917,5
"2890",2918,3
"2891",2919,3
"2892",2920,3
"2893",2921,4
"2894",2922,4
"2895",2923,4
"2896",2924,4
"2897",2925,5
"2898",2926,5
"2899",2927,5
"2900",2928,5
"2901",2929,5
"2902",2930,5
"2903",2931,4
"2904",2932,4
"2905",2933,4
"2906",2934,3
"2907",2935,3
"2908",2936,2
"2909",2937,2
"2910",2938,2
"2911",2939,1
"2912",2940,2
"2913",2941,2
"2914",2942,2
"2915",2943,3
"2916",2944,4
"2917",2945,4
"2918",2946,4
"2919",2947,4
"2920",2948,2
"2921",2949,2
"2922",2950,2
"2923",2951,2
"2924",2952,2
"2925",2953,2
"2926",2954,2
"2927",2955,2
"2928",2956,2
"2929",2957,2
"2930",2958,2
"2931",2959,2
"2932",2960,1
"2933",2961,1
"2934",2962,1
"2935",2963,1
"2936",2964,1
"2937",2965,1
"2938",2966,1
"2939",2969,1
"2940",2970,1
"2941",2971,2
"2942",2972,2
"2943",2973,2
"2944",2974,2
"2945",2975,2
"2946",2976,2
"2947",2977,2
"2948",2978,2
"2949",2985,1
"2950",2986,1
"2951",2987,1
"2952",2988,1
"2953",2989,1
"2954",2990,1
"2955",2991,2
"2956",2992,2
"2957",2993,2
"2958",2994,2
"2959",2995,2
"2960",2996,2
"2961",2997,1
"2962",2998,1
"2963",2999,1
"2964",3000,1
"2965",3001,1
"2966",3002,1
"2967",3003,1
"2968",3004,1
"2969",3005,1
"2970",3006,1
"2971",3009,1
"2972",3010,1
"2973",3011,1
"2974",3012,1
"2975",3013,1
"2976",3014,1
"2977",3015,1
"2978",3016,1
"2979",3017,1
"2980",3018,1
"2981",3019,1
"2982",3024,5
"2983",3025,2
"2984",3026,3
"2985",3027,4
"2986",3028,6
"2987",3029,6
"2988",3030,6
"2989",3031,6
"2990",3032,5
"2991",3033,4
"2992",3034,3
"2993",3035,2
"2994",3036,3
"2995",3037,3
"2996",3038,2
"2997",3039,3
"2998",3040,3
"2999",3041,3
"3000",3042,3
"3001",3043,3
"3002",3044,3
"3003",3045,3
"3004",3046,2
"3005",3047,2
"3006",3048,1
"3007",3049,1
"3008",3050,1
"3009",3051,1
"3010",3060,2
"3011",3061,3
"3012",3062,2
"3013",3063,1
"3014",3064,1
"3015",3066,1
"3016",3067,1
"3017",3068,1
"3018",3069,1
"3019",3070,1
"3020",3071,1
"3021",3088,1
"3022",3089,1
"3023",3090,1
"3024",3091,1
"3025",3092,1
"3026",3093,1
"3027",3094,1
"3028",3112,1
"3029",3113,1
"3030",3114,1
"3031",3115,1
"3032",3116,1
"3033",3117,1
"3034",3118,1
"3035",3119,1
"3036",3120,1
"3037",3121,1
"3038",3122,1
"3039",3123,1
"3040",3124,1
"3041",3125,1
"3042",3136,1
"3043",3137,1
"3044",3138,1
"3045",3139,1
"3046",3140,1
"3047",3141,1
"3048",3142,1
"3049",3143,1
"3050",3144,1
"3051",3145,1
"3052",3146,1
"3053",3147,1
"3054",3161,1
"3055",3162,2
"3056",3163,2
"3057",3164,3
"3058",3165,3
"3059",3166,3
"3060",3167,3
"3061",3168,3
"3062",3169,2
"3063",3170,2
"3064",3171,1
"3065",3172,2
"3066",3173,2
"3067",3174,2
"3068",3175,1
"3069",3176,1
"3070",3248,1
"3071",3249,1
"3072",3250,1
"3073",3251,1
"3074",3252,1
"3075",3253,1
"3076",3254,1
"3077",3255,1
"3078",3256,1
"3079",3277,1
"3080",3278,1
"3081",3279,1
"3082",3280,1
"3083",3281,1
"3084",3297,1
"3085",3298,1
"3086",3299,1
"3087",3300,1
"3088",3301,1
"3089",3302,1
"3090",3303,1
"3091",3304,1
"3092",3305,1
"3093",3306,1
"3094",3307,1
"3095",3308,1
"3096",3309,1
"3097",3421,1
"3098",3422,1
"3099",3423,1
"3100",3424,1
"3101",3425,1
"3102",3426,1
"3103",3427,1
"3104",3428,1
"3105",3429,1
