"","cell_id","PD"
"1","1",1.0998600447991
"2","2",1.1207706350591
"3","3",1.1207706350591
"4","4",1.1207706350591
"5","5",1.1207706350591
"6","6",1.1207706350591
"7","7",0.7949553617591
"8","8",1.1207706350591
"9","9",1.1207706350591
"10","10",0.5508659634191
"11","11",0.5299553731561
"12","12",1.1207706350591
"13","13",1.1207706350591
"14","14",0.5299553731561
"15","15",0.5299553731561
"16","16",1.1207706350591
"17","17",1.1207706350591
"18","18",0.5299553731561
"19","19",0.5299553731561
"20","20",1.0363789414714
"21","21",0.5299553731514
"22","22",1.1207706350591
"23","23",1.2745189992091
"24","24",0.7949553617591
"25","25",1.0089297312111
"26","26",1.5153532994601
"27","27",1.1958955725521
"28","28",1.0363789414714
"29","29",0.5299553731514
"30","30",1.7413575905211
"31","31",1.8280130159581
"32","32",1.4662869063001
"33","33",1.3138344142631
"34","34",1.5788344028761
"35","35",1.0363789414714
"36","36",1.7413575905211
"37","37",1.8938100825581
"38","38",1.3138344142631
"39","39",1.5788344028761
"40","40",1.7400617184131
"41","41",2.0185961293951
"42","42",1.0363789414714
"43","43",1.0363789414714
"44","44",1.7400617184091
"45","45",1.8925142104461
"46","46",1.3138344142631
"47","47",1.7003661205478
"48","48",2.0262190390078
"49","49",2.1401278470668
"50","50",1.9876753550298
"51","51",1.9187530581578
"52","52",2.6804927971761
"53","53",3.2780639862471
"54","54",3.96541609264031
"55","55",3.96541609264031
"56","56",4.70441153596081
"57","57",2.3989377786951
"58","58",2.2277002790598
"59","59",2.2067896887968
"60","60",2.8206455685158
"61","61",2.4666744923058
"62","62",2.1710750555788
"63","63",3.4059555119168
"64","64",1.5269710400291
"65","65",2.8143219120371
"66","66",3.0762294255751
"67","67",3.5822745841211
"68","68",3.6061847987631
"69","69",3.89780027675731
"70","70",4.89617804717481
"71","71",2.3989377786951
"72","72",2.2277002790598
"73","73",2.3840282802988
"74","74",3.0682685134618
"75","75",3.0649910169188
"76","76",3.6438628306658
"77","77",3.6811359347268
"78","78",3.6597424557028
"79","79",3.3880430519078
"80","80",3.3570560617818
"81","81",4.23320191092343
"82","82",4.18269205261253
"83","83",4.58126606077353
"84","84",4.47078112067453
"85","85",5.23165614990633
"86","86",1.5762568598561
"87","87",1.7909699482481
"88","88",1.7909699482481
"89","89",1.7909699482481
"90","90",1.5157530048001
"91","91",2.3605729286171
"92","92",2.8048178564251
"93","93",3.0211430358511
"94","94",3.4291708659451
"95","95",3.4291708659451
"96","96",3.3813734815811
"97","97",4.58118169192631
"98","98",5.57665061293881
"99","99",2.3989377786951
"100","100",2.3840282802998
"101","101",2.7836453185388
"102","102",3.2748056686218
"103","103",3.1262697254088
"104","104",4.1676184990078
"105","105",4.3118469399658
"106","106",4.0164562495228
"107","107",4.1266171828468
"108","108",4.2222484654918
"109","109",3.83913886585003
"110","110",2.91717686103203
"111","111",3.33389964691503
"112","112",3.35073327724303
"113","113",5.34000831740333
"114","114",6.29864265915923
"115","115",1.8699435076941
"116","116",1.8699435076941
"117","117",1.8699435076941
"118","118",1.8699435076941
"119","119",1.7416841284211
"120","120",1.2627097703751
"121","121",1.7416841284211
"122","122",1.8206576878671
"123","123",1.8206576878671
"124","124",1.8206576878671
"125","125",2.3605729286171
"126","126",2.4693767239931
"127","127",2.7473344979871
"128","128",3.2772898711751
"129","129",3.3567076365561
"130","130",3.4187324341121
"131","131",4.22389632565031
"132","132",5.26312087776081
"133","133",2.3086187942176
"134","134",2.5155701820833
"135","135",3.3130010686258
"136","136",3.9351278802978
"137","137",3.5240710306258
"138","138",4.2664377387718
"139","139",5.2363670441088
"140","140",5.5842882274298
"141","141",6.0063743840581
"142","142",5.6844801991071
"143","143",6.5132851801621
"144","144",3.85098327019003
"145","145",4.12050561821433
"146","146",3.64629850848333
"147","147",3.88543627208933
"148","148",3.03905612740933
"149","149",3.87310865015603
"150","150",6.44189043448203
"151","151",7.43077867006623
"152","152",2.2395405562711
"153","153",2.3677999355441
"154","154",1.8699435076941
"155","155",1.8206576878671
"156","156",1.7108355059471
"157","157",1.7416841284211
"158","158",1.7416841284211
"159","159",1.5965379747611
"160","160",1.7416841284171
"161","161",1.7416841284171
"162","162",2.2086919338471
"163","163",2.7019205895931
"164","164",2.4273179111431
"165","165",2.6683609385371
"166","166",2.7477787039221
"167","167",3.4059934563867
"168","168",3.4469172881787
"169","169",4.20982073309991
"170","170",4.79922417242091
"171","171",5.87874368857841
"172","172",2.3592421808433
"173","173",3.7143455957008
"174","174",4.9672131183288
"175","175",3.8718820156448
"176","176",4.1622506088738
"177","177",5.7164771487108
"178","178",6.3144371376861
"179","179",6.2944910728561
"180","180",7.7653655472111
"181","181",8.2441636163441
"182","182",8.2925589441011
"183","183",3.93594613039823
"184","184",3.24581586352233
"185","185",2.9201553924497
"186","186",3.49248541985933
"187","187",3.78656064301933
"188","188",4.79923248294803
"189","189",5.96724530491763
"190","190",7.11064911606933
"191","191",2.7694959294657
"192","192",2.4043210528577
"193","193",2.4140687095677
"194","194",2.4930422690137
"195","195",2.5325804321277
"196","196",2.4043210528511
"197","197",2.4043210528511
"198","198",2.5141432347711
"199","199",2.5931167942171
"200","200",2.6725345595981
"201","201",2.6725345595981
"202","202",2.5920984076731
"203","203",2.3174957292231
"204","204",2.2934865110171
"205","205",2.6607159683647
"206","206",3.2004189982627
"207","207",3.3968794933267
"208","208",3.5234716912987
"209","209",5.79820634032141
"210","210",5.95692664039841
"211","211",1.8202579825216
"212","212",3.4447402697548
"213","213",5.9705476743318
"214","214",5.3908278020868
"215","215",4.7873415028318
"216","216",6.1717347421278
"217","217",7.3164971222221
"218","218",7.5431198548781
"219","219",8.1447634710271
"220","220",9.3402778598871
"221","221",9.7396051332241
"222","222",3.98245391641723
"223","223",4.21175096321723
"224","224",3.52162069634133
"225","225",2.5533612853047
"226","226",2.2385044979897
"227","227",4.18280407666733
"228","228",5.62747050204303
"229","229",6.33746063456403
"230","230",7.55610404516833
"231","231",6.40886726863533
"232","232",3.9718948458656
"233","233",3.4768076647973
"234","234",3.4189395056403
"235","235",3.4189395056403
"236","236",2.7059844918793
"237","237",2.5228725049437
"238","238",2.4043210528577
"239","239",2.4043210528577
"240","240",2.5935610001521
"241","241",2.6725345595981
"242","242",2.6725345595981
"243","243",2.7813383549741
"244","244",2.3174957292231
"245","245",2.3174957292231
"246","246",2.3667815490537
"247","247",2.9306601445057
"248","248",3.4848382418777
"249","249",4.1563025416737
"250","250",6.05351053159141
"251","251",6.28628061377031
"252","252",1.8202579825216
"253","253",3.0671022748918
"254","254",6.1444229456398
"255","255",6.2888583515318
"256","256",5.4831779812838
"257","257",6.9315321536171
"258","258",7.5925525298071
"259","259",8.4379963510111
"260","260",9.0464377798021
"261","261",9.8737316138821
"262","262",10.1686542009011
"263","263",10.3044477177951
"264","264",11.2233161892781
"265","265",4.06774505302123
"266","266",4.17623415102723
"267","267",2.62166847018333
"268","268",2.5716316756457
"269","269",2.8200088398917
"270","270",3.5097548176987
"271","271",5.47414788161103
"272","272",7.06395675807283
"273","273",8.57247348966193
"274","274",7.24386076595233
"275","275",5.54043139063473
"276","276",5.3570328150512
"277","277",5.0809280729862
"278","278",4.3967405119603
"279","279",4.3972022296993
"280","280",4.4383902092193
"281","281",3.5287616875603
"282","282",3.0528278781437
"283","283",2.4043210528577
"284","284",2.4043210528577
"285","285",2.4043210528577
"286","286",2.7208019928847
"287","287",3.3605795479787
"288","288",3.3605795479787
"289","289",2.5920984076797
"290","290",2.8474511024037
"291","291",3.5884222055427
"292","292",3.3210413848897
"293","293",3.6092382876757
"294","294",6.01018247808641
"295","295",6.85956190552041
"296","296",2.2086260556606
"297","297",3.3165461364328
"298","298",6.2779895424468
"299","299",7.0592534741528
"300","300",6.2865230255628
"301","301",7.0007666507491
"302","302",8.6047134870481
"303","303",8.8390477014781
"304","304",8.9797384264181
"305","305",9.9861231404221
"306","306",10.1489237704651
"307","307",10.3477537913171
"308","308",10.8489356878511
"309","309",10.9795107033949
"310","310",11.3696828213539
"311","311",4.29186598019633
"312","312",4.11687361980633
"313","313",3.72515809956733
"314","314",4.40075167068733
"315","315",5.6171523258749
"316","316",4.8994658310599
"317","317",6.78074026479363
"318","318",8.00700153553233
"319","319",8.75450206110133
"320","320",9.18722085386883
"321","321",6.38892191511473
"322","322",5.4499935307033
"323","323",5.2432022847482
"324","324",4.3234507069903
"325","325",4.3234507069903
"326","326",4.5727607283183
"327","327",3.7600641025517
"328","328",2.6961244887947
"329","329",2.6961244887947
"330","330",2.6961244887947
"331","331",2.7750980482407
"332","332",2.8545158136217
"333","333",3.3050534214147
"334","334",3.7616741894087
"335","335",4.5133195325703
"336","336",3.7714218461037
"337","337",3.6003273986837
"338","338",5.42881102081191
"339","339",6.72423574645041
"340","340",6.61543195105041
"341","341",2.86707266594352
"342","342",4.74776617971632
"343","343",8.43409997672352
"344","344",8.9047064469973
"345","345",8.2787655054053
"346","346",8.8815280498631
"347","347",9.3853552679781
"348","348",9.3727488251091
"349","349",9.4912863128551
"350","350",10.2235732324981
"351","351",9.8613113168021
"352","352",10.3735007423721
"353","353",10.9045331907911
"354","354",11.6629045362059
"355","355",11.4226376474479
"356","356",3.53836048849833
"357","357",4.63663685476433
"358","358",4.35327683582333
"359","359",4.61917153573533
"360","360",6.03503663354253
"361","361",6.47497177931913
"362","362",7.14705134612173
"363","363",8.30543943503763
"364","364",8.81417913133413
"365","365",9.17616980420863
"366","366",9.39711375093783
"367","367",7.51320693428173
"368","368",4.9466483445369
"369","369",5.2414964178752
"370","370",5.3755012776442
"371","371",4.8253575500413
"372","372",5.0175123885623
"373","373",4.7780364579743
"374","374",4.6417298168833
"375","375",3.2260798619827
"376","376",3.2260798619827
"377","377",3.4091918489183
"378","378",5.1740512901143
"379","379",5.8933610533293
"380","380",4.7987619830427
"381","381",5.17846785665191
"382","382",7.35310631132141
"383","383",4.43542010935152
"384","384",7.43491140805952
"385","385",10.3224093941893
"386","386",11.4050140423613
"387","387",11.6126355284173
"388","388",11.4989447445233
"389","389",10.5584601373731
"390","390",10.2767067528191
"391","391",10.1082734095681
"392","392",9.7572555589781
"393","393",9.8880875988081
"394","394",9.7711054821371
"395","395",10.1387291976671
"396","396",10.6700050824701
"397","397",11.3745456049311
"398","398",11.2492086280999
"399","399",5.15824913931333
"400","400",4.63291228235133
"401","401",4.03008172183633
"402","402",4.03008172183633
"403","403",5.13739369251253
"404","404",6.10268929591233
"405","405",7.64701917927023
"406","406",8.89126213056153
"407","407",9.36933571801293
"408","408",9.76848225774003
"409","409",9.96680693607403
"410","410",9.03681843734373
"411","411",4.65983715676623
"412","412",5.2481517216316
"413","413",5.2801112109559
"414","414",5.4194507433972
"415","415",5.5601355656313
"416","416",5.5168256405723
"417","417",5.1902799799303
"418","418",4.9892797183553
"419","419",4.9892797183553
"420","420",4.1630316817293
"421","421",5.0055089966893
"422","422",5.5928269374023
"423","423",4.6690273215377
"424","424",5.88261595406191
"425","425",7.13550724713041
"426","426",5.0162501962833
"427","427",6.88995776607972
"428","428",10.9150080790338
"429","429",12.3487691533803
"430","430",12.1551771860873
"431","431",12.3826592109723
"432","432",11.9744996363481
"433","433",12.0189125327921
"434","434",11.6786154621771
"435","435",10.4438688311421
"436","436",10.3798441534861
"437","437",10.7251504240081
"438","438",9.9069904068781
"439","439",10.0535455945251
"440","440",10.3067345058881
"441","441",10.6497137857391
"442","442",11.1978323777521
"443","443",11.2127616551399
"444","444",11.0735968437369
"445","445",5.39173691661603
"446","446",5.65642315097003
"447","447",5.34362782278113
"448","448",5.22881100694213
"449","449",5.88362957033333
"450","450",7.51800911160933
"451","451",7.63002149913473
"452","452",8.56191536916823
"453","453",8.93433543089923
"454","454",9.39870563229923
"455","455",9.51429674670623
"456","456",9.36681040780843
"457","457",6.23128580185973
"458","458",3.20047747975623
"459","459",5.8852426182009
"460","460",5.5168256405723
"461","461",5.9289034781193
"462","462",5.8932393963493
"463","463",5.3520120171613
"464","464",5.5928269374023
"465","465",6.89123905012931
"466","466",12.0331594460818
"467","467",13.6055290093041
"468","468",13.5653890702501
"469","469",13.4542244219363
"470","470",12.8261084706503
"471","471",12.3046737243099
"472","472",12.2030800275849
"473","473",12.0066463914379
"474","474",11.4145270569791
"475","475",10.9388241308451
"476","476",10.6204325802151
"477","477",10.2392807081431
"478","478",9.9460539144691
"479","479",10.0649406211841
"480","480",9.9827590846141
"481","481",10.9236224649401
"482","482",10.5904964451351
"483","483",11.2417034348299
"484","484",11.2928893515909
"485","485",5.15925055049413
"486","486",6.10855753112963
"487","487",5.51130812175063
"488","488",5.73833357618413
"489","489",6.44692622123933
"490","490",7.93887905845733
"491","491",8.06094121834943
"492","492",8.58850782621733
"493","493",8.95432344115823
"494","494",8.76131888407423
"495","495",9.36110378467923
"496","496",8.81638208277933
"497","497",6.17835749387673
"498","498",4.29265736767523
"499","499",4.7706831889746
"500","500",5.9802212489593
"501","501",6.1847465607403
"502","502",5.6441447082423
"503","503",7.13198411716031
"504","504",10.0385596625298
"505","505",14.2692908831856
"506","506",13.9436066137781
"507","507",14.0578833865471
"508","508",13.5198250504983
"509","509",12.3744162402059
"510","510",12.2834302306819
"511","511",11.9850630897309
"512","512",11.4525444514929
"513","513",11.2627787470571
"514","514",11.1074010525911
"515","515",10.8896623375511
"516","516",10.6122670663711
"517","517",9.8428428287451
"518","518",9.7439949421961
"519","519",10.3438646583111
"520","520",10.8000621843421
"521","521",10.9165922691051
"522","522",11.8326944282421
"523","523",12.2195108224799
"524","524",11.3332487188039
"525","525",6.16218101525263
"526","526",6.39000204473253
"527","527",6.19015235704653
"528","528",7.12592042994573
"529","529",7.56715043568673
"530","530",8.26264015770873
"531","531",8.97931561897393
"532","532",8.87210210940283
"533","533",8.49941422457523
"534","534",9.09729839898123
"535","535",8.52992042696323
"536","536",6.70954744841263
"537","537",7.32589841545273
"538","538",13.8367661665791
"539","539",14.7069607699911
"540","540",13.9056421742023
"541","541",13.1383706562161
"542","542",12.8767290678419
"543","543",12.5954919162851
"544","544",12.4636626974871
"545","545",12.2610820863391
"546","546",12.0634531177991
"547","547",12.0189394610021
"548","548",11.4776043824811
"549","549",11.1171434546001
"550","550",10.9984514840171
"551","551",10.9829608474771
"552","552",10.5690596993071
"553","553",10.8264885686221
"554","554",10.9121297039741
"555","555",11.2020920192441
"556","556",11.6478128775821
"557","557",11.9811125348129
"558","558",11.9118729606489
"559","559",7.002554421973
"560","560",6.342154242105
"561","561",6.132348515542
"562","562",6.148099462471
"563","563",6.561241895569
"564","564",7.90848640209403
"565","565",8.58642087091503
"566","566",8.61208623940843
"567","567",9.47181379157373
"568","568",9.45655388703683
"569","569",8.48412714615503
"570","570",8.79720259961093
"571","571",8.14784813964263
"572","572",9.57250859798121
"573","573",11.4435725293685
"574","574",14.0912674630341
"575","575",14.2027623810711
"576","576",13.3422731880563
"577","577",12.7773606528149
"578","578",12.1303190340081
"579","579",11.7448141370311
"580","580",11.6777057868531
"581","581",12.1226863114491
"582","582",12.1394978965291
"583","583",12.0450788113591
"584","584",11.8707313334811
"585","585",11.7849668647911
"586","586",11.4967970271741
"587","587",11.5782622229101
"588","588",11.6729817842231
"589","589",11.1898602850581
"590","590",11.0657886068721
"591","591",11.6277260217961
"592","592",11.7615050562081
"593","593",11.9202386322899
"594","594",11.6571581046749
"595","595",11.4985522130069
"596","596",6.673238121691
"597","597",6.462230885038
"598","598",6.033823402287
"599","599",6.72369218345
"600","600",7.6638751704622
"601","601",7.999298584228
"602","602",7.274243219026
"603","603",7.88012576427263
"604","604",9.11832206075113
"605","605",8.78369594780653
"606","606",8.13172375634583
"607","607",8.65070292156614
"608","608",9.15899928803393
"609","609",9.99664566794423
"610","610",11.5373066528618
"611","611",11.3322177433078
"612","612",10.1940595955972
"613","613",4.0494698177117
"614","614",6.6659784676669
"615","615",7.64287522451261
"616","616",9.10433543149831
"617","617",8.98655989835481
"618","618",9.6602829626676
"619","619",14.2316822766801
"620","620",13.8098568763861
"621","621",13.9990820020263
"622","622",13.4464876215593
"623","623",12.8737107566793
"624","624",12.4525416022211
"625","625",11.9109259700371
"626","626",12.0009731705631
"627","627",12.2358526291591
"628","628",12.3945204739791
"629","629",12.2465458489431
"630","630",12.1635865698909
"631","631",12.5537318085629
"632","632",12.3501450037979
"633","633",12.9840524201561
"634","634",12.5978847020611
"635","635",12.2829470839401
"636","636",11.6405555202229
"637","637",11.2204673312689
"638","638",11.3026470132879
"639","639",11.2677264549269
"640","640",11.0647116996649
"641","641",8.7642476761095
"642","642",9.02867454575513
"643","643",9.0543749869465
"644","644",9.1649874603095
"645","645",8.46352831571
"646","646",8.277810480887
"647","647",8.194103314178
"648","648",8.299626720909
"649","649",9.08477801432213
"650","650",8.18260101238653
"651","651",8.38171520869863
"652","652",8.17124625862253
"653","653",9.61998461543353
"654","654",11.3744832816314
"655","655",11.5325719031918
"656","656",5.2897140933047
"657","657",7.53166087430281
"658","658",7.46061175734341
"659","659",7.5820866507423
"660","660",14.5061800185941
"661","661",14.0672850465021
"662","662",13.6621103037913
"663","663",13.1110581223481
"664","664",12.7006050694281
"665","665",12.6887137617711
"666","666",12.1521668547189
"667","667",12.1943589937389
"668","668",12.2391135997789
"669","669",12.5904687641749
"670","670",12.6072158716159
"671","671",12.4486908438079
"672","672",12.9458493760799
"673","673",13.5065298074509
"674","674",13.4406214129659
"675","675",13.4406214129659
"676","676",12.8814679726519
"677","677",12.0856651800979
"678","678",10.3243409490849
"679","679",10.7119166543749
"680","680",6.909031963762
"681","681",8.7356510140315
"682","682",9.4612436881565
"683","683",9.2278656976635
"684","684",8.783279254245
"685","685",8.2344730791965
"686","686",7.6585080913325
"687","687",8.0505601280905
"688","688",8.628738799452
"689","689",10.9982841682701
"690","690",7.87107787239843
"691","691",7.89520956851393
"692","692",9.15615449498753
"693","693",10.9639405776338
"694","694",11.3321473669774
"695","695",9.5756140641993
"696","696",9.4232471348203
"697","697",9.46638059287481
"698","698",9.79322063518481
"699","699",9.99369438012931
"700","700",3.5919599790077
"701","701",4.0515592784197
"702","702",4.5001097174997
"703","703",5.3920975492967
"704","704",6.7385976583566
"705","705",13.8034834631611
"706","706",14.4542084615401
"707","707",14.3444525582991
"708","708",13.3930580429571
"709","709",13.1809025242091
"710","710",13.0260886858721
"711","711",12.4633659346629
"712","712",12.2749625018689
"713","713",12.5169545159849
"714","714",12.5169545159849
"715","715",12.5967675744849
"716","716",12.5641381111939
"717","717",13.6344784716159
"718","718",13.8652842698909
"719","719",13.6576044122249
"720","720",13.0755181476769
"721","721",12.7033769823189
"722","722",7.6637308615537
"723","723",8.9387739334777
"724","724",9.3759606700967
"725","725",9.3733106925376
"726","726",9.5045947468774
"727","727",9.0392501383174
"728","728",8.4984453169214
"729","729",8.8026796597484
"730","730",9.448343012222
"731","731",12.1680934407417
"732","732",10.3444401866035
"733","733",11.5383475022413
"734","734",11.5615513043845
"735","735",10.4461255516899
"736","736",7.62207681467233
"737","737",10.0003916144445
"738","738",10.3403961649645
"739","739",9.65808359908881
"740","740",9.53222834490481
"741","741",10.3020960758158
"742","742",9.27777230711381
"743","743",3.7664138668412
"744","744",13.2824378615953
"745","745",15.7176650262141
"746","746",15.5237597109811
"747","747",14.0086889821313
"748","748",13.8513337630861
"749","749",13.7628192918761
"750","750",13.9774777383431
"751","751",13.8486041202571
"752","752",13.4561128372971
"753","753",13.0420993159109
"754","754",14.1191762752563
"755","755",14.1589796210993
"756","756",13.9390233714783
"757","757",13.7263189170779
"758","758",13.3475017513619
"759","759",9.8852260726773
"760","760",10.4696407487546
"761","761",10.1460598390771
"762","762",10.0151252021231
"763","763",9.7643801372614
"764","764",9.6390653917654
"765","765",9.91414952688503
"766","766",9.95008211319003
"767","767",10.5530125136316
"768","768",12.3870878730816
"769","769",12.0511340198396
"770","770",10.4378577411121
"771","771",12.2957243754808
"772","772",11.1499553631856
"773","773",8.78048407238713
"774","774",5.6472480710321
"775","775",6.30237828248773
"776","776",9.7742709699143
"777","777",9.87622309933051
"778","778",12.6304828364909
"779","779",10.6324458403278
"780","780",10.3227495343468
"781","781",9.72343906244181
"782","782",9.10102683638881
"783","783",15.0458545783491
"784","784",16.2158619035041
"785","785",15.5941983374121
"786","786",14.1399808537831
"787","787",13.5307104139159
"788","788",14.2652612841521
"789","789",14.2023196459931
"790","790",14.0323876067221
"791","791",13.7294093015169
"792","792",14.8560355559183
"793","793",14.5501629394393
"794","794",14.3429646830413
"795","795",13.6358738064323
"796","796",13.4639533866543
"797","797",10.7931556950345
"798","798",10.6970368958635
"799","799",10.1481828248342
"800","800",10.7105837483005
"801","801",10.5112013262445
"802","802",10.468239425792
"803","803",11.229067055028
"804","804",11.045729503108
"805","805",11.7251095738531
"806","806",11.9214101766436
"807","807",11.5843404044213
"808","808",10.2738937843539
"809","809",10.3882852845694
"810","810",9.42216079886163
"811","811",5.91767378725453
"812","812",3.7645985949251
"813","813",5.71199365221373
"814","814",5.0884518928321
"815","815",10.5098117512741
"816","816",13.3147356061448
"817","817",10.2977503549588
"818","818",11.2195493526908
"819","819",9.54742792497581
"820","820",13.9217200634361
"821","821",15.6305522675071
"822","822",16.6761848003705
"823","823",15.6578841461307
"824","824",14.8080644695533
"825","825",15.7214571993555
"826","826",15.0330534713955
"827","827",15.2895730050935
"828","828",15.4958261165805
"829","829",14.9666206595305
"830","830",14.4729560415135
"831","831",14.0426494583555
"832","832",13.8532786761283
"833","833",7.528876583889
"834","834",7.373253694258
"835","835",10.0903338870459
"836","836",10.6575362442884
"837","837",9.22324959594043
"838","838",7.30995576232553
"839","839",8.12842656882553
"840","840",8.53709659999853
"841","841",7.37051950115363
"842","842",8.02015777441063
"843","843",8.00760851754063
"844","844",8.84440552403223
"845","845",9.46103848674613
"846","846",9.92816929994783
"847","847",10.1839168470037
"848","848",9.54998699834993
"849","849",9.87416055942293
"850","850",8.41819753950433
"851","851",6.10806601514263
"852","852",4.8277283095381
"853","853",3.2902952186911
"854","854",2.8596802747721
"855","855",10.2361069306215
"856","856",14.1170569899448
"857","857",13.1784583953138
"858","858",11.8802561504098
"859","859",13.1296112027131
"860","860",15.0077521261073
"861","861",15.1763389688285
"862","862",16.0397250830433
"863","863",16.0192670383955
"864","864",15.5544954289683
"865","865",15.8935008221955
"866","866",15.5189263173075
"867","867",15.2955104453635
"868","868",15.5123961299665
"869","869",14.4813247231503
"870","870",8.8112898604069
"871","871",9.49863759385674
"872","872",9.63617334989513
"873","873",9.66054578831723
"874","874",10.1348663036698
"875","875",10.9175009353771
"876","876",9.6892496440426
"877","877",8.670964869917
"878","878",7.9480273981533
"879","879",7.437714434909
"880","880",8.70754978809463
"881","881",7.88004985487563
"882","882",7.24906598716263
"883","883",6.43406684557463
"884","884",6.67488176581463
"885","885",7.04884858586663
"886","886",6.99045871569663
"887","887",7.25587241675663
"888","888",7.47633319752063
"889","889",7.05217869948663
"890","890",7.11223295654623
"891","891",7.28673539752023
"892","892",7.78176588999913
"893","893",8.98942512392633
"894","894",9.27684618259593
"895","895",9.41212132178593
"896","896",7.06836490686093
"897","897",5.0510028488513
"898","898",2.9082352995404
"899","899",3.35244653810503
"900","900",1.919080369991
"901","901",6.7738472509096
"902","902",9.06672875207221
"903","903",14.1980239285233
"904","904",14.5103557566383
"905","905",15.5860963419156
"906","906",15.7929702173488
"907","907",15.7231093713543
"908","908",15.5233144036233
"909","909",15.5216161575043
"910","910",15.2546245791243
"911","911",15.1992496138403
"912","912",9.25753294154153
"913","913",9.72562640189353
"914","914",10.7010393691687
"915","915",8.56546181302883
"916","916",8.25649109777043
"917","917",9.20443562057713
"918","918",9.45283816788863
"919","919",9.77416681539363
"920","920",8.97307547970713
"921","921",8.02677791635153
"922","922",7.97921415637253
"923","923",8.79857507877353
"924","924",8.34626770665463
"925","925",8.14286637362263
"926","926",6.98558368089863
"927","927",6.77543164437753
"928","928",7.11757653419253
"929","929",6.93127592592253
"930","930",6.85910994514653
"931","931",6.29017103369153
"932","932",6.63765136240553
"933","933",7.17347468634313
"934","934",7.54828092812313
"935","935",7.45139567752213
"936","936",8.58082062665253
"937","937",7.76420725340243
"938","938",9.27927868224143
"939","939",7.76023235673753
"940","940",7.57313217295053
"941","941",4.84392462079103
"942","942",3.35197982924503
"943","943",3.19115495733003
"944","944",8.31193410533691
"945","945",10.0477077574158
"946","946",9.05424434671821
"947","947",14.5676043305433
"948","948",15.0896090820098
"949","949",15.4670853517678
"950","950",15.7667639034618
"951","951",6.50347841737743
"952","952",8.28172405430783
"953","953",7.77780670656383
"954","954",6.65966589616483
"955","955",6.05592360861783
"956","956",6.58560104372783
"957","957",7.18991876377483
"958","958",7.00454255838483
"959","959",7.89354443143383
"960","960",7.25262794296953
"961","961",7.15224857169553
"962","962",7.18720742297253
"963","963",7.97884436703553
"964","964",7.29498233551853
"965","965",6.90085913068353
"966","966",6.56082467659053
"967","967",5.6622309471824
"968","968",5.0482267479684
"969","969",5.3160670628509
"970","970",5.4051586479719
"971","971",6.0710329059609
"972","972",6.2253479415809
"973","973",7.3344538058755
"974","974",7.83066603249113
"975","975",7.49314882476413
"976","976",7.24764490208853
"977","977",7.72646328068013
"978","978",7.44515844069293
"979","979",6.75402252480153
"980","980",6.25438459938323
"981","981",2.307575818321
"982","982",8.03928350367321
"983","983",5.65438651934691
"984","984",8.26250928602881
"985","985",8.80193814625051
"986","986",12.5489188951774
"987","987",12.7589241412453
"988","988",7.60082838062743
"989","989",7.16870410452183
"990","990",5.92068675058883
"991","991",5.77995752964883
"992","992",5.44971979100383
"993","993",5.75095814798643
"994","994",4.99127557183683
"995","995",5.10486335923253
"996","996",5.68903988395813
"997","997",5.79719717470213
"998","998",5.69414401005213
"999","999",4.94948482540153
"1000","1000",4.65084506143553
"1001","1001",4.63160883074203
"1002","1002",5.34877830761403
"1003","1003",5.5480827553839
"1004","1004",4.2538888904134
"1005","1005",3.6823938015404
"1006","1006",3.9387362955444
"1007","1007",4.4279622427974
"1008","1008",4.5401682968174
"1009","1009",4.6665174087699
"1010","1010",4.5830073343789
"1011","1011",6.1328557508965
"1012","1012",7.15756759093313
"1013","1013",7.20386499715913
"1014","1014",6.80576594987823
"1015","1015",6.66642373950993
"1016","1016",5.55224297470893
"1017","1017",7.87981831223763
"1018","1018",6.09672602764363
"1019","1019",7.06548040433791
"1020","1020",6.66804425286421
"1021","1021",5.81908104809921
"1022","1022",10.6058602477895
"1023","1023",10.3367658334958
"1024","1024",9.36149775723481
"1025","1025",9.55140931512291
"1026","1026",8.30343752227391
"1027","1027",13.7721950779474
"1028","1028",13.8714885783774
"1029","1029",13.5691650898634
"1030","1030",12.2485635221933
"1031","1031",6.88996803827013
"1032","1032",5.49948000353713
"1033","1033",4.80025157785513
"1034","1034",3.1082055808624
"1035","1035",2.9080950859604
"1036","1036",3.5831729974634
"1037","1037",4.1654144184694
"1038","1038",4.5468496816624
"1039","1039",4.3664280594074
"1040","1040",2.7989890374744
"1041","1041",2.7989890374744
"1042","1042",2.5231842046634
"1043","1043",2.5231842046634
"1044","1044",2.0512894554244
"1045","1045",2.0512894554244
"1046","1046",2.0512894554244
"1047","1047",2.0442098466114
"1048","1048",2.0442098466114
"1049","1049",2.0442098466114
"1050","1050",2.0442098465854
"1051","1051",2.0442098465854
"1052","1052",2.8888415014204
"1053","1053",2.8888415014204
"1054","1054",5.356900222136
"1055","1055",6.171828821745
"1056","1056",6.514059322785
"1057","1057",6.20183395251003
"1058","1058",6.20037393484493
"1059","1059",6.09035264678363
"1060","1060",5.62454075236963
"1061","1061",3.88486781502703
"1062","1062",2.99999707813173
"1063","1063",8.42436418480851
"1064","1064",6.18059860617791
"1065","1065",4.92892914939951
"1066","1066",10.9339562792958
"1067","1067",10.5104825556384
"1068","1068",9.61424056542851
"1069","1069",9.31371919172051
"1070","1070",9.75812226364051
"1071","1071",8.78395318205991
"1072","1072",10.3555504771591
"1073","1073",12.8597280070224
"1074","1074",14.0551150079474
"1075","1075",14.3003512433284
"1076","1076",14.2904188397944
"1077","1077",13.0223973844423
"1078","1078",4.052271096598
"1079","1079",2.444084494662
"1080","1080",1.4703127391351
"1081","1081",1.8221582515464
"1082","1082",1.8221582515464
"1083","1083",1.5463534187354
"1084","1084",2.2308537765634
"1085","1085",1.5463534187354
"1086","1086",1.5463534187354
"1087","1087",1.5463534187354
"1088","1088",1.5463534187354
"1089","1089",1.5463534187354
"1090","1090",2.0029741867394
"1091","1091",1.5463534187354
"1092","1092",1.5463534187354
"1093","1093",1.5463534187354
"1094","1094",1.4703127391054
"1095","1095",1.4703127391054
"1096","1096",1.4703127391054
"1097","1097",1.4703127391054
"1098","1098",1.4703127391054
"1099","1099",1.5463534187354
"1100","1100",2.492977477461
"1101","1101",3.885100950049
"1102","1102",4.07174487996
"1103","1103",4.992607279134
"1104","1104",4.6817265829333
"1105","1105",4.60069116428793
"1106","1106",5.56035408204663
"1107","1107",4.32144840968403
"1108","1108",2.70398275992173
"1109","1109",3.16060352790173
"1110","1110",2.71039574151873
"1111","1111",2.71039574151873
"1112","1112",7.23069340211651
"1113","1113",5.57880605223061
"1114","1114",5.13678803093051
"1115","1115",4.65257773957791
"1116","1116",7.11329008966061
"1117","1117",10.2359264414382
"1118","1118",10.8779661341999
"1119","1119",10.4561493720359
"1120","1120",9.23827219041891
"1121","1121",10.7072428974229
"1122","1122",9.89702892982251
"1123","1123",8.88803964203421
"1124","1124",10.1188843527141
"1125","1125",10.2696263346341
"1126","1126",10.5054138780981
"1127","1127",12.8919834346374
"1128","1128",10.6029826650716
"1129","1129",10.5138592482395
"1130","1130",4.9269032391281
"1131","1131",1.470312739088
"1132","1132",0.940357365954
"1133","1133",1.016398045584
"1134","1134",1.016398045584
"1135","1135",1.016398045584
"1136","1136",1.016398045584
"1137","1137",1.016398045584
"1138","1138",1.016398045584
"1139","1139",1.016398045584
"1140","1140",1.016398045584
"1141","1141",1.016398045584
"1142","1142",0.940357365954
"1143","1143",1.9269335071514
"1144","1144",0.940357365954
"1145","1145",0.940357365954
"1146","1146",0.940357365954
"1147","1147",0.940357365954
"1148","1148",0.940357365954
"1149","1149",0.940357365954
"1150","1150",0.940357365954
"1151","1151",0.940357365954
"1152","1152",1.016398045584
"1153","1153",2.0442098465877
"1154","1154",2.4929774774437
"1155","1155",2.9719518354957
"1156","1156",3.529260906382
"1157","1157",2.85017605348
"1158","1158",5.03865284502703
"1159","1159",3.14175970379203
"1160","1160",1.98419348162073
"1161","1161",1.7069598685121
"1162","1162",1.7069598685121
"1163","1163",1.98836127247873
"1164","1164",1.98836127247873
"1165","1165",1.7111276593701
"1166","1166",7.04042192558051
"1167","1167",6.66355651293651
"1168","1168",5.87885737146851
"1169","1169",5.51868031434191
"1170","1170",5.17847293493091
"1171","1171",5.35912328045091
"1172","1172",7.65248856403461
"1173","1173",10.5011975657972
"1174","1174",10.8098406344659
"1175","1175",11.4091390944569
"1176","1176",10.2938261019179
"1177","1177",12.0412305901569
"1178","1178",9.6651159518771
"1179","1179",9.5604028287921
"1180","1180",8.4213618630431
"1181","1181",10.0894548319871
"1182","1182",8.7111485266965
"1183","1183",5.7194467999881
"1184","1184",0.940357365954
"1185","1185",1.016398045584
"1186","1186",0.940357365954
"1187","1187",0.940357365954
"1188","1188",0.940357365954
"1189","1189",0.940357365954
"1190","1190",0.940357365954
"1191","1191",0.940357365954
"1192","1192",0.940357365954
"1193","1193",0.940357365954
"1194","1194",1.21759097906263
"1195","1195",1.21759097906263
"1196","1196",0.940357365954
"1197","1197",0.940357365954
"1198","1198",0.940357365954
"1199","1199",0.940357365954
"1200","1200",0.940357365954
"1201","1201",0.940357365954
"1202","1202",1.470312739088
"1203","1203",1.470312739088
"1204","1204",0.940357365954
"1205","1205",0.940357365954
"1206","1206",1.016398045584
"1207","1207",2.4517418175736
"1208","1208",2.492977477486
"1209","1209",1.5463534187344
"1210","1210",2.0442098466384
"1211","1211",5.38217479737563
"1212","1212",4.02919990404803
"1213","1213",1.98419348162073
"1214","1214",1.2965578757621
"1215","1215",1.2965578757621
"1216","1216",1.0599107463621
"1217","1217",1.4703127391121
"1218","1218",1.9477747887701
"1219","1219",2.4900083905071
"1220","1220",4.817703265611
"1221","1221",5.96970177951181
"1222","1222",5.90914375810881
"1223","1223",5.94599385090481
"1224","1224",6.59104899861681
"1225","1225",5.29045883015291
"1226","1226",4.73519104013291
"1227","1227",5.90218804129491
"1228","1228",6.54624339726721
"1229","1229",7.99466236851121
"1230","1230",7.75584566471961
"1231","1231",9.98084698743721
"1232","1232",10.7166181423559
"1233","1233",10.7255024740699
"1234","1234",10.8272512691559
"1235","1235",10.8437960600239
"1236","1236",9.98055746267591
"1237","1237",9.0950499765744
"1238","1238",7.6854074114774
"1239","1239",7.7161933657481
"1240","1240",9.7303894457811
"1241","1241",0.940357365954
"1242","1242",1.016398045584
"1243","1243",1.016398045584
"1244","1244",0.940357365954
"1245","1245",0.940357365954
"1246","1246",0.940357365954
"1247","1247",0.940357365954
"1248","1248",0.940357365954
"1249","1249",0.940357365954
"1250","1250",0.940357365954
"1251","1251",1.74754635223873
"1252","1252",1.74754635223873
"1253","1253",1.21759097906263
"1254","1254",1.21759097906263
"1255","1255",0.940357365954
"1256","1256",0.940357365954
"1257","1257",0.940357365954
"1258","1258",0.940357365954
"1259","1259",1.470312739088
"1260","1260",1.470312739088
"1261","1261",0.940357365954
"1262","1262",0.940357365954
"1263","1263",1.016398045584
"1264","1264",2.4517418175736
"1265","1265",3.49183184717463
"1266","1266",1.5463534187344
"1267","1267",4.24766123424303
"1268","1268",3.74980480636703
"1269","1269",1.7069598685121
"1270","1270",1.5615578643791
"1271","1271",1.0599107463621
"1272","1272",1.0599107463621
"1273","1273",1.2965578757621
"1274","1274",1.2965578757621
"1275","1275",2.9470428709351
"1276","1276",3.9097118134387
"1277","1277",4.3886861714817
"1278","1278",4.796859025745
"1279","1279",4.931163982928
"1280","1280",5.64659007806221
"1281","1281",5.42956355399221
"1282","1282",5.73565237168681
"1283","1283",6.15020883426981
"1284","1284",5.24321718907621
"1285","1285",4.65864721753491
"1286","1286",5.48054555254121
"1287","1287",7.10532747415721
"1288","1288",7.39266100701481
"1289","1289",6.49693215701721
"1290","1290",8.79467184246821
"1291","1291",8.14807369246561
"1292","1292",9.96197946984821
"1293","1293",9.87989310657954
"1294","1294",9.20176558232954
"1295","1295",9.90697334971154
"1296","1296",11.1788543517139
"1297","1297",9.85624376532391
"1298","1298",7.21693749692061
"1299","1299",6.63473519783561
"1300","1300",7.30084983257391
"1301","1301",7.03780764943391
"1302","1302",4.6948948119964
"1303","1303",8.3457952364054
"1304","1304",7.8555702786404
"1305","1305",5.1891333051944
"1306","1306",6.6356273777664
"1307","1307",7.2434599749174
"1308","1308",1.5463534187421
"1309","1309",1.016398045584
"1310","1310",1.016398045584
"1311","1311",0.940357365954
"1312","1312",0.940357365954
"1313","1313",0.940357365954
"1314","1314",0.940357365954
"1315","1315",0.940357365954
"1316","1316",0.940357365954
"1317","1317",0.940357365954
"1318","1318",1.21759097906263
"1319","1319",1.21759097906263
"1320","1320",1.21759097906263
"1321","1321",1.21759097906263
"1322","1322",1.21759097906263
"1323","1323",0.940357365954
"1324","1324",0.940357365954
"1325","1325",0.940357365954
"1326","1326",0.940357365954
"1327","1327",0.940357365954
"1328","1328",0.940357365954
"1329","1329",1.5463534187421
"1330","1330",3.22683185856433
"1331","1331",3.70580621660733
"1332","1332",2.97751769793403
"1333","1333",1.9269335070921
"1334","1334",1.3249107349791
"1335","1335",1.60214434808773
"1336","1336",1.33714435947073
"1337","1337",1.2965578757621
"1338","1338",1.5615578643791
"1339","1339",4.749685262656
"1340","1340",4.627672944396
"1341","1341",4.4788558705086
"1342","1342",5.87775965838381
"1343","1343",5.57506927652421
"1344","1344",5.75767363459921
"1345","1345",5.38290552689061
"1346","1346",5.25038549206361
"1347","1347",4.97602781977961
"1348","1348",5.31086038804321
"1349","1349",5.50217240091424
"1350","1350",9.35695973220084
"1351","1351",10.1780737054825
"1352","1352",9.89854006415014
"1353","1353",8.19294636538354
"1354","1354",9.50331008521991
"1355","1355",9.58171263658754
"1356","1356",6.29519404277454
"1357","1357",6.21120647053784
"1358","1358",7.00674082218654
"1359","1359",7.15951830469091
"1360","1360",6.89875132446854
"1361","1361",7.10311909198054
"1362","1362",5.63706124343354
"1363","1363",5.30173662539354
"1364","1364",5.89502243755091
"1365","1365",4.5424423199534
"1366","1366",7.7186597003094
"1367","1367",7.9438519595084
"1368","1368",5.3652749256074
"1369","1369",5.3167586581514
"1370","1370",6.5276508455524
"1371","1371",6.0669049439284
"1372","1372",2.7402728901922
"1373","1373",1.5463534187421
"1374","1374",1.016398045584
"1375","1375",1.016398045584
"1376","1376",1.016398045584
"1377","1377",1.016398045584
"1378","1378",0.940357365954
"1379","1379",0.940357365954
"1380","1380",0.940357365954
"1381","1381",0.940357365954
"1382","1382",0.940357365954
"1383","1383",0.940357365954
"1384","1384",0.940357365954
"1385","1385",0.940357365954
"1386","1386",1.21759097906263
"1387","1387",1.21759097906263
"1388","1388",0.940357365954
"1389","1389",0.940357365954
"1390","1390",0.940357365954
"1391","1391",0.940357365954
"1392","1392",0.940357365954
"1393","1393",0.940357365954
"1394","1394",2.002974186698
"1395","1395",3.49183184718233
"1396","1396",4.29633349690533
"1397","1397",2.30164782077103
"1398","1398",1.9476568471124
"1399","1399",1.9269335070921
"1400","1400",1.3249107349791
"1401","1401",1.60214434808773
"1402","1402",1.57379148887073
"1403","1403",1.2965578757621
"1404","1404",4.13211456892133
"1405","1405",3.94911492836333
"1406","1406",2.92940873409773
"1407","1407",2.75686872044773
"1408","1408",2.1747304242871
"1409","1409",1.9262089777011
"1410","1410",4.2455128959544
"1411","1411",5.37618907954
"1412","1412",4.128075867393
"1413","1413",5.24377879003521
"1414","1414",5.34779975953521
"1415","1415",5.78702311997761
"1416","1416",5.40173118477261
"1417","1417",6.19237659030724
"1418","1418",7.60225905225824
"1419","1419",8.42232897714384
"1420","1420",8.90687969356384
"1421","1421",11.3205664429084
"1422","1422",9.06890921793354
"1423","1423",7.27971397969554
"1424","1424",8.06475567764154
"1425","1425",8.19410132034484
"1426","1426",9.06286842104154
"1427","1427",6.39885344250324
"1428","1428",6.18521962473124
"1429","1429",6.48623272025224
"1430","1430",6.57875133310824
"1431","1431",6.53485561017224
"1432","1432",4.79771163300624
"1433","1433",3.62980914968054
"1434","1434",3.73705808789754
"1435","1435",5.79035398829354
"1436","1436",6.34877874181891
"1437","1437",6.2185765739014
"1438","1438",6.4871894193024
"1439","1439",5.3300514602564
"1440","1440",4.9264538808554
"1441","1441",5.4758684842824
"1442","1442",5.6604118070404
"1443","1443",3.9935935031122
"1444","1444",3.5770747118492
"1445","1445",2.7242616142352
"1446","1446",3.8303865188741
"1447","1447",3.2821209222251
"1448","1448",2.3025613898991
"1449","1449",2.0885870204291
"1450","1450",1.4703127390621
"1451","1451",0.940357365954
"1452","1452",0.940357365954
"1453","1453",0.940357365954
"1454","1454",0.940357365954
"1455","1455",0.940357365954
"1456","1456",0.940357365954
"1457","1457",0.940357365954
"1458","1458",0.940357365954
"1459","1459",0.940357365954
"1460","1460",1.4703127391121
"1461","1461",1.4703127391121
"1462","1462",1.4703127391121
"1463","1463",1.4703127391121
"1464","1464",1.4703127391111
"1465","1465",3.3579996168907
"1466","1466",4.24881412174263
"1467","1467",5.48077462163663
"1468","1468",4.66444984636103
"1469","1469",2.66744612541803
"1470","1470",1.4703127391121
"1471","1471",1.4703127391121
"1472","1472",1.4703127391121
"1473","1473",1.4703127391121
"1474","1474",2.6144711571071
"1475","1475",3.77912233790373
"1476","1476",3.77912233790373
"1477","1477",3.29954241552573
"1478","1478",2.58392092807873
"1479","1479",2.59488015294073
"1480","1480",3.28405725094973
"1481","1481",1.98419348162773
"1482","1482",1.98419348162773
"1483","1483",3.78843321662503
"1484","1484",4.70445608378803
"1485","1485",3.5818865010174
"1486","1486",3.19179446871361
"1487","1487",4.07518426455461
"1488","1488",6.38369487344461
"1489","1489",6.71684984776184
"1490","1490",6.62027600957784
"1491","1491",6.62164533080724
"1492","1492",6.49510684083784
"1493","1493",3.71134648787624
"1494","1494",4.80033557711203
"1495","1495",2.29502544990973
"1496","1496",3.5181261820034
"1497","1497",5.20416182257263
"1498","1498",6.75309351911584
"1499","1499",6.63020998660554
"1500","1500",4.51517463251403
"1501","1501",6.32322853655224
"1502","1502",6.48363243580124
"1503","1503",6.52307235329124
"1504","1504",6.10674099180924
"1505","1505",3.67631695457824
"1506","1506",3.76602733577703
"1507","1507",3.89098322175124
"1508","1508",4.91897245145424
"1509","1509",5.47736620903124
"1510","1510",3.69457914837891
"1511","1511",4.5920156419724
"1512","1512",5.0192487798314
"1513","1513",5.5471826601884
"1514","1514",5.4741968200064
"1515","1515",5.1298080872064
"1516","1516",5.0855637070004
"1517","1517",4.5505784333692
"1518","1518",4.0843268099982
"1519","1519",3.5770747118492
"1520","1520",2.6794436837822
"1521","1521",2.9776477114652
"1522","1522",2.9240741402052
"1523","1523",3.0178273135302
"1524","1524",3.0495045713802
"1525","1525",3.1046871183192
"1526","1526",3.1046871183192
"1527","1527",3.0495045713802
"1528","1528",5.27322425029173
"1529","1529",5.86273274433073
"1530","1530",5.07110754858673
"1531","1531",3.94647008613973
"1532","1532",2.80871558458373
"1533","1533",0.940357365954
"1534","1534",0.940357365954
"1535","1535",0.940357365954
"1536","1536",0.940357365954
"1537","1537",1.4703127391121
"1538","1538",2.08084534994573
"1539","1539",2.38575003298373
"1540","1540",2.0160323424061
"1541","1541",1.4703127391121
"1542","1542",2.79154859921473
"1543","1543",2.73228352659173
"1544","1544",2.20416712020073
"1545","1545",2.46916710881773
"1546","1546",3.49183184719933
"1547","1547",5.02786847267063
"1548","1548",4.06344873792563
"1549","1549",5.52637527145063
"1550","1550",3.01591720623573
"1551","1551",2.0253277767891
"1552","1552",1.5463534187421
"1553","1553",1.4703127391121
"1554","1554",2.5138887703501
"1555","1555",3.0374907990651
"1556","1556",4.33054467379273
"1557","1557",4.21354736366973
"1558","1558",3.58034253763273
"1559","1559",2.33347845128773
"1560","1560",1.81458905616573
"1561","1561",1.93806013216573
"1562","1562",1.93806013216573
"1563","1563",2.11181499551573
"1564","1564",2.02379811538673
"1565","1565",2.99997351870994
"1566","1566",3.79107134614303
"1567","1567",4.24998447622503
"1568","1568",5.0581024580374
"1569","1569",6.49482776568424
"1570","1570",6.63517602960254
"1571","1571",6.65716658044984
"1572","1572",5.21218368566284
"1573","1573",2.87072316708994
"1574","1574",0.5299553731101
"1575","1578",1.2896390202321
"1576","1579",2.4156093299567
"1577","1580",1.3406749649864
"1578","1581",2.2450965946904
"1579","1582",3.04042323287603
"1580","1583",4.63696649971554
"1581","1584",5.21317350119724
"1582","1585",5.51784465756724
"1583","1586",5.75567566839724
"1584","1587",4.17486479567724
"1585","1588",3.08141672105603
"1586","1589",3.48150670598303
"1587","1590",4.77676908894003
"1588","1591",4.99125480752524
"1589","1592",4.02427357455654
"1590","1593",4.2650183308474
"1591","1594",4.4928967752804
"1592","1595",5.1445504815884
"1593","1596",5.027707673472
"1594","1597",4.951180152912
"1595","1598",4.3817525643282
"1596","1599",4.0555311666692
"1597","1600",3.8371172702952
"1598","1601",2.7917501073112
"1599","1602",2.9060259409702
"1600","1603",2.6794436837822
"1601","1604",3.1793332089942
"1602","1605",3.1257596377342
"1603","1606",3.0730098604692
"1604","1607",3.1046871183192
"1605","1608",3.1574368955872
"1606","1609",3.1574368955872
"1607","1610",3.1046871183202
"1608","1611",3.0730098604702
"1609","1612",4.47031898138873
"1610","1613",5.47464369473773
"1611","1614",4.43049870671673
"1612","1615",4.05207059363573
"1613","1616",3.76186369268073
"1614","1617",3.34501566637473
"1615","1618",3.23183961297473
"1616","1619",2.84647887067973
"1617","1620",3.23829009345673
"1618","1621",2.88408476921273
"1619","1622",5.25090793709273
"1620","1623",2.5690100147931
"1621","1624",2.30256138990473
"1622","1625",2.65655236356273
"1623","1626",2.9890906061721
"1624","1627",4.30233254827973
"1625","1628",4.38761756036673
"1626","1629",3.66084628512973
"1627","1630",2.59847843985773
"1628","1631",2.44743505732973
"1629","1632",1.70141300276573
"1630","1633",1.93806013216573
"1631","1634",2.43838034818673
"1632","1635",2.41094227800773
"1633","1636",2.42389258342373
"1634","1637",3.10516126404894
"1635","1638",4.21677075751973
"1636","1639",5.77090314434524
"1637","1640",7.03500802118224
"1638","1641",6.70956556393224
"1639","1642",5.68838042245224
"1640","1643",3.40288936421094
"1641","1644",0.8348600561531
"1642","1645",0.5299553731101
"1643","1651",0.5299553731201
"1644","1652",0.8348600561731
"1645","1653",1.8706303381504
"1646","1654",1.9989853944444
"1647","1655",2.98378928821503
"1648","1656",3.73513418082624
"1649","1657",3.63127575017724
"1650","1658",4.54654838504724
"1651","1659",3.49556771839024
"1652","1660",2.52711623593573
"1653","1661",2.64805995200973
"1654","1662",3.05620171675973
"1655","1663",3.18985760155303
"1656","1664",2.72635900786094
"1657","1665",3.2614908199116
"1658","1666",4.3794794760996
"1659","1667",3.9267969036482
"1660","1668",4.1495522795432
"1661","1669",4.1356312247682
"1662","1670",3.2677861247232
"1663","1671",3.2557431609532
"1664","1672",3.1876860666342
"1665","1673",2.8661913628172
"1666","1674",2.8855032806282
"1667","1675",2.9997791142952
"1668","1676",2.6813868948462
"1669","1677",2.9787671285322
"1670","1678",3.1327607542062
"1671","1679",3.0549203462182
"1672","1680",3.0549203462182
"1673","1681",3.0549203462182
"1674","1682",3.0232430883682
"1675","1683",3.2019128554182
"1676","1684",3.2019128554182
"1677","1685",3.1046871183202
"1678","1686",2.4470429932002
"1679","1687",4.43979403245773
"1680","1688",3.65108467892473
"1681","1689",4.13600633035973
"1682","1690",4.41323994352373
"1683","1691",4.41323994352373
"1684","1692",4.05054957269073
"1685","1693",4.22066037046273
"1686","1694",4.08741839583773
"1687","1695",5.19652643152573
"1688","1696",3.59397200336473
"1689","1697",3.03724030220273
"1690","1698",2.58051168393273
"1691","1699",3.43329715541773
"1692","1700",3.49925704548573
"1693","1701",3.90751114936773
"1694","1702",3.47483363082573
"1695","1703",3.26248239250973
"1696","1704",3.17077966577173
"1697","1705",2.51430357755773
"1698","1706",2.75893403401473
"1699","1707",2.92228998411473
"1700","1708",2.77829834557573
"1701","1709",2.68510752781494
"1702","1710",3.06672443102594
"1703","1711",5.75873403230194
"1704","1712",6.51932760142494
"1705","1713",6.01539730994224
"1706","1714",4.54014694354724
"1707","1715",2.66591021873673
"1708","1716",1.98380639159673
"1709","1717",0.8348600561531
"1710","1724",0.5299553731201
"1711","1725",0.7297678991291
"1712","1726",1.0346725821721
"1713","1727",1.3406749649844
"1714","1728",2.0704428641857
"1715","1729",2.87637813948773
"1716","1730",3.32304037708473
"1717","1731",3.58410220284354
"1718","1732",3.29613176242494
"1719","1733",2.71121518420573
"1720","1734",2.61262508617673
"1721","1735",2.99338297377173
"1722","1736",2.52283977964473
"1723","1737",1.7781692514801
"1724","1738",3.24690820997994
"1725","1739",3.51190819858994
"1726","1740",3.89460650477794
"1727","1741",2.8171523043982
"1728","1742",3.0144758437772
"1729","1743",2.8581478425372
"1730","1744",3.6525743720442
"1731","1745",3.8791030079432
"1732","1746",3.7353850841532
"1733","1747",3.2289615159032
"1734","1748",3.2289615159032
"1735","1749",3.0537697105692
"1736","1750",2.8749303245582
"1737","1751",3.1768890410352
"1738","1752",2.8288211643832
"1739","1753",2.5754517462262
"1740","1754",2.8235547664301
"1741","1755",2.9173079397462
"1742","1756",2.4700108395282
"1743","1757",2.4700108395282
"1744","1758",2.5759459881482
"1745","1759",2.6221091382862
"1746","1760",2.5161739896662
"1747","1761",2.5161739896662
"1748","1762",2.5161739896662
"1749","1763",2.5447582889151
"1750","1764",3.92700179198073
"1751","1765",3.92700179198073
"1752","1766",3.85178568955373
"1753","1767",3.39535947920173
"1754","1768",4.18815905711973
"1755","1769",4.70232156105273
"1756","1770",4.25881776882773
"1757","1771",4.47116900714773
"1758","1772",4.50344822528473
"1759","1773",4.14028616504273
"1760","1774",3.59472876187973
"1761","1775",3.61665459853373
"1762","1776",3.80376806511773
"1763","1777",2.89543604940173
"1764","1778",3.66983944344073
"1765","1779",3.82474381571173
"1766","1780",3.54210081746673
"1767","1781",3.42892476406673
"1768","1782",3.35440510538173
"1769","1783",2.70920050359673
"1770","1784",2.85442961349494
"1771","1785",3.19780959381073
"1772","1786",3.60821158656073
"1773","1787",3.81098575245673
"1774","1788",3.21284711605773
"1775","1789",3.01739993915773
"1776","1790",2.1364387231201
"1777","1791",1.0998600447811
"1778","1792",0.8348600562111
"1779","1793",0.5299553731461
"1780","1794",0.5299553731461
"1781","1795",0.5299553731461
"1782","1796",0.5299553731681
"1783","1797",0.5299553731681
"1784","1798",0.5299553731681
"1785","1799",0.7297678991381
"1786","1800",0.7658480101931
"1787","1801",1.0707526932361
"1788","1802",1.3357526818061
"1789","1803",2.1065229752497
"1790","1804",1.7506372770564
"1791","1805",2.3528850984271
"1792","1806",2.07074083307673
"1793","1807",2.25598675950173
"1794","1808",2.45279332798573
"1795","1809",2.96697524462273
"1796","1810",3.19018954225173
"1797","1811",2.1090751271481
"1798","1812",1.2906957508131
"1799","1813",2.92034095731273
"1800","1814",3.01424861198673
"1801","1815",4.08468264112694
"1802","1816",2.6608243031582
"1803","1817",2.8581478425372
"1804","1818",2.8581478425372
"1805","1819",2.8581478425372
"1806","1820",3.0071290203032
"1807","1821",3.0144758437742
"1808","1822",3.0232148055152
"1809","1823",3.0232148055152
"1810","1824",2.9294616322021
"1811","1825",2.8185444426652
"1812","1826",2.6927417962462
"1813","1827",2.6811203677741
"1814","1828",2.7648996556972
"1815","1829",2.6282015234942
"1816","1830",2.5344483501811
"1817","1831",2.1937031252582
"1818","1832",2.2253803831082
"1819","1833",2.4700108395282
"1820","1834",2.5759459881482
"1821","1835",2.9951483477362
"1822","1836",2.9951483477362
"1823","1837",2.4383335816762
"1824","1838",2.4383335816762
"1825","1839",2.0999499519421
"1826","1840",2.3528776097621
"1827","1841",4.26376397550073
"1828","1842",4.41621646753073
"1829","1843",4.43536002601073
"1830","1844",4.36953063500673
"1831","1845",3.97022927320473
"1832","1846",4.85196405363373
"1833","1847",4.85196405363373
"1834","1848",3.76238220461773
"1835","1849",4.10759070798073
"1836","1850",3.98219226669573
"1837","1851",3.61145592023273
"1838","1852",3.67128985778973
"1839","1853",3.40331808191073
"1840","1854",3.61566932023073
"1841","1855",3.22920641581773
"1842","1856",3.40683767764473
"1843","1857",4.73037475636773
"1844","1858",4.82428241103673
"1845","1859",3.94663904832773
"1846","1860",3.58153362003173
"1847","1861",3.48273685721673
"1848","1862",2.89058644576973
"1849","1863",3.23577607250173
"1850","1864",3.20077517868873
"1851","1865",3.19240010560173
"1852","1866",3.47545392668673
"1853","1867",3.26582436404273
"1854","1868",3.26582436404273
"1855","1869",2.78685000599573
"1856","1870",1.8390182838601
"1857","1871",1.4690300213301
"1858","1872",1.2282151010701
"1859","1873",0.8348600562111
"1860","1874",0.8348600562111
"1861","1875",0.8348600562111
"1862","1876",0.8348600562111
"1863","1877",0.5299553731681
"1864","1878",0.5299553731681
"1865","1879",0.5299553731681
"1866","1880",0.7297678991381
"1867","1881",0.7297678991381
"1868","1882",0.7297678991381
"1869","1883",0.7658480101931
"1870","1884",0.7658480101931
"1871","1885",1.0308479987631
"1872","1886",1.2716629190131
"1873","1887",0.7949553617201
"1874","1888",1.0349705511061
"1875","1889",2.12447495608773
"1876","1890",2.85475631435173
"1877","1891",3.69732075903673
"1878","1892",2.4233072895451
"1879","1893",3.40890171456194
"1880","1894",2.6608243031582
"1881","1895",2.8581478425372
"1882","1896",2.7178311172672
"1883","1897",2.7178311172672
"1884","1898",2.7178311172672
"1885","1899",2.8581478425372
"1886","1900",2.8668868042782
"1887","1901",2.8668868042782
"1888","1902",2.7731336309651
"1889","1903",1.8458704897141
"1890","1904",2.4168589416101
"1891","1905",1.9741462010401
"1892","1906",2.5202691992792
"1893","1907",2.6282015234942
"1894","1908",2.5344483501811
"1895","1909",2.1492271654272
"1896","1910",2.6282015234972
"1897","1911",2.9045092377672
"1898","1912",2.4255348796972
"1899","1913",2.5789243100121
"1900","1914",2.0999499519421
"1901","1915",2.0999499519421
"1902","1916",2.0999499519421
"1903","1917",2.0999499519421
"1904","1918",2.3528776097621
"1905","1919",1.9642956624761
"1906","1920",4.41621646753073
"1907","1921",4.44501562307173
"1908","1922",4.30207321600173
"1909","1923",4.57990563783073
"1910","1924",4.55212451364173
"1911","1925",4.52467912675673
"1912","1926",5.11537909381073
"1913","1927",5.06622929403773
"1914","1928",5.06622929403773
"1915","1929",4.68086076585373
"1916","1930",4.31984419642273
"1917","1931",3.46719148942673
"1918","1932",3.10828384615173
"1919","1933",3.26374067684573
"1920","1934",3.40849139336373
"1921","1935",4.96273402368273
"1922","1936",5.06509710637673
"1923","1937",5.03811922646773
"1924","1938",4.75145670583873
"1925","1939",4.61960907917773
"1926","1940",1.99898539447473
"1927","1941",2.36733875780573
"1928","1942",2.08381531932573
"1929","1943",2.56278967737273
"1930","1944",2.56278967737273
"1931","1945",2.58417956255373
"1932","1946",2.68276966057473
"1933","1947",3.23082347022973
"1934","1948",3.26582436404273
"1935","1949",2.78685000599573
"1936","1950",2.48107049316673
"1937","1951",2.33289354596073
"1938","1952",2.33289354596073
"1939","1953",1.0756749764711
"1940","1954",1.0756749764711
"1941","1955",1.0756749764711
"1942","1956",0.8348600562111
"1943","1957",0.5299553731681
"1944","1958",0.5299553731681
"1945","1959",0.5299553731681
"1946","1960",0.7297678991381
"1947","1961",0.7297678991381
"1948","1962",0.7297678991381
"1949","1963",0.5299553731681
"1950","1964",0.5660354842231
"1951","1965",0.5660354842231
"1952","1966",0.8068504044731
"1953","1967",1.0756749764711
"1954","1968",1.0349705511061
"1955","1969",0.7300658680531
"1956","1970",2.45240654036573
"1957","1971",3.47984328384773
"1958","1972",2.20080215634473
"1959","1973",2.19832876853573
"1960","1974",1.52502122982073
"1961","1975",2.79371159945273
"1962","1976",3.32908329313473
"1963","1977",2.1233469934221
"1964","1978",3.69819236054294
"1965","1979",2.6608243031582
"1966","1980",2.7178311172672
"1967","1981",2.7178311172672
"1968","1982",2.2388567591972
"1969","1983",2.3791734844672
"1970","1984",2.3879124462082
"1971","1985",2.3879124462082
"1972","1986",2.0975498441462
"1973","1987",1.8458704897141
"1974","1988",1.8458704897141
"1975","1989",1.9378845835401
"1976","1990",1.7791996576531
"1977","1991",1.4951718429751
"1978","1992",2.0472001746751
"1979","1993",2.0027242148441
"1980","1994",2.0027242148441
"1981","1995",2.4816985729141
"1982","1996",2.4816985729141
"1983","1997",1.8305684189111
"1984","1998",2.0999499519421
"1985","1999",1.7645533760091
"1986","2000",1.7645533760091
"1987","2001",1.9232383018961
"1988","2002",1.9232383018961
"1989","2003",1.8173031532761
"1990","2004",1.8173031532761
"1991","2005",4.20816556133273
"1992","2006",4.39181907158173
"1993","2007",4.42392510172173
"1994","2008",4.68282064180673
"1995","2009",4.68282064180673
"1996","2010",4.61666161865673
"1997","2011",4.31903008321673
"1998","2012",4.47148257526673
"1999","2013",5.01248409413673
"2000","2014",5.07766062956173
"2001","2015",5.01303274254773
"2002","2016",5.05326682237773
"2003","2017",4.52109591284073
"2004","2018",4.93441521416273
"2005","2019",4.98761176565273
"2006","2020",4.87204493691373
"2007","2021",4.66188204611573
"2008","2022",1.5068973504481
"2009","2023",1.4690300213191
"2010","2024",1.80574084446173
"2011","2025",1.95057334470073
"2012","2026",1.95057334470073
"2013","2027",1.84360817359073
"2014","2028",2.11064780483873
"2015","2029",1.4468947750691
"2016","2030",2.62025967361773
"2017","2031",2.86519374096273
"2018","2032",2.86519374096273
"2019","2033",2.99612496226873
"2020","2034",2.14184099757373
"2021","2035",2.01348594128473
"2022","2036",1.4474504570741
"2023","2037",1.2094726330921
"2024","2038",1.0756749764711
"2025","2039",0.8348600562111
"2026","2040",0.8348600562111
"2027","2041",0.5299553731681
"2028","2042",0.5299553731681
"2029","2043",0.5299553731681
"2030","2044",0.7707702933801
"2031","2045",0.7707702933801
"2032","2046",0.7707702933801
"2033","2047",0.7707702933801
"2034","2048",0.8068504044351
"2035","2049",1.0036569729531
"2036","2050",0.9675768618981
"2037","2051",0.9675768618981
"2038","2052",1.0357702820281
"2039","2053",0.7949553617601
"2040","2054",1.0998600448031
"2041","2055",1.0998600448031
"2042","2056",1.2966666132831
"2043","2057",1.52171730339573
"2044","2058",2.27971173723073
"2045","2059",2.60756187957873
"2046","2060",3.12984321695073
"2047","2061",2.5998878437951
"2048","2062",2.7352890818671
"2049","2063",3.21092406166694
"2050","2064",2.6608243031582
"2051","2065",2.1818499450882
"2052","2066",2.2388567591972
"2053","2067",2.3791734844672
"2054","2068",2.3485150879482
"2055","2069",2.3485150879482
"2056","2070",2.0975498441462
"2057","2071",2.0975498441462
"2058","2072",1.8064731314541
"2059","2073",1.8064731314541
"2060","2074",1.9378845835401
"2061","2075",1.7791996576531
"2062","2076",1.5396478028091
"2063","2077",1.4951718429781
"2064","2078",1.7200774161781
"2065","2079",1.7200774161781
"2066","2080",1.7200774161781
"2067","2081",1.7200774161781
"2068","2082",1.4951718429781
"2069","2083",1.7645533760091
"2070","2084",1.7645533760091
"2071","2085",1.8173031532761
"2072","2086",1.8173031532761
"2073","2087",1.8173031532761
"2074","2088",1.8173031532761
"2075","2089",1.7645533760091
"2076","2090",1.7200774161781
"2077","2091",1.5202648901781
"2078","2092",3.93673969725073
"2079","2093",4.53764159839673
"2080","2094",4.53764159839673
"2081","2095",4.69986737097973
"2082","2096",4.90273782665573
"2083","2097",4.77067634481573
"2084","2098",4.89903140110973
"2085","2099",5.14879265641073
"2086","2100",5.26719254993073
"2087","2101",4.56559576196773
"2088","2102",4.56176403270473
"2089","2103",4.60256676524973
"2090","2104",4.64864022681973
"2091","2105",4.64864022681973
"2092","2106",4.47059812194973
"2093","2107",4.58821910096973
"2094","2108",4.60120250893873
"2095","2109",4.46796053431373
"2096","2110",3.96808297245973
"2097","2111",3.41831087993773
"2098","2112",1.2418973618311
"2099","2113",1.1135423055421
"2100","2114",1.0756749764131
"2101","2115",1.1135423055421
"2102","2116",1.1496224166061
"2103","2117",1.4835305681291
"2104","2118",1.4835305681291
"2105","2119",1.4835305681291
"2106","2120",1.7908399404271
"2107","2121",1.5907294455251
"2108","2122",1.7908399404271
"2109","2123",1.4095831279371
"2110","2124",1.4835305681291
"2111","2125",1.4835305681291
"2112","2126",1.4474504570741
"2113","2127",1.4095831279461
"2114","2128",1.2094726330921
"2115","2129",0.8348600562111
"2116","2130",0.8348600562111
"2117","2131",0.7707702933801
"2118","2132",0.7707702933801
"2119","2133",0.7707702933801
"2120","2134",0.7707702933801
"2121","2135",0.7707702933801
"2122","2136",0.7707702933801
"2123","2137",0.7707702933801
"2124","2138",0.7707702933801
"2125","2139",0.7707702933801
"2126","2140",1.2325768505081
"2127","2141",1.3176832577881
"2128","2142",1.3176832577881
"2129","2143",1.3817730205631
"2130","2144",1.5101280768521
"2131","2145",1.4250216695721
"2132","2146",1.2966666132831
"2133","2147",1.2966666132771
"2134","2148",1.8548604383441
"2135","2149",2.0376624836171
"2136","2150",2.5181808351741
"2137","2151",2.3420216695641
"2138","2152",2.7352890818671
"2139","2153",2.7352890818671
"2140","2154",2.1886233048832
"2141","2155",2.1818499450882
"2142","2156",2.2388567591972
"2143","2157",2.3879124462082
"2144","2158",2.3485150879482
"2145","2159",2.1062888058872
"2146","2160",2.0975498441462
"2147","2161",1.9002263047672
"2148","2162",1.8064731314541
"2149","2163",1.8064731314541
"2150","2164",1.6677778236361
"2151","2165",1.4951718429781
"2152","2166",1.4951718429781
"2153","2167",1.4951718429781
"2154","2168",1.7200774161781
"2155","2169",1.7200774161781
"2156","2170",1.7200774161781
"2157","2171",1.7200774161781
"2158","2172",1.3993310775591
"2159","2173",1.3993310775591
"2160","2174",1.3993310775591
"2161","2175",1.3993310775591
"2162","2176",1.3993310775591
"2163","2177",1.7645533760091
"2164","2178",1.7645533760091
"2165","2179",1.7200774161781
"2166","2180",1.7200774161781
"2167","2181",1.7200774161781
"2168","2182",1.7200774161781
"2169","2183",3.87130207905073
"2170","2184",4.00264215594073
"2171","2185",4.00264215594073
"2172","2186",4.75023538955073
"2173","2187",4.83400683504673
"2174","2188",4.92382834800373
"2175","2189",4.99898685280773
"2176","2190",4.44485398995673
"2177","2191",4.44485398995673
"2178","2192",4.39961608783773
"2179","2193",4.39961608783773
"2180","2194",4.45898004808773
"2181","2195",4.45898004808773
"2182","2196",4.39961608783773
"2183","2197",4.2794158321301
"2184","2198",3.6662621348591
"2185","2199",3.4390455466221
"2186","2200",3.0946319014171
"2187","2201",2.8776419098661
"2188","2202",2.2843405478151
"2189","2203",2.3476865367181
"2190","2204",2.2339253964241
"2191","2205",1.9840178182441
"2192","2206",1.7633701386781
"2193","2207",1.7633701386781
"2194","2208",1.7633701386781
"2195","2209",1.1779129581251
"2196","2210",1.2918632141131
"2197","2211",1.1135423055511
"2198","2212",1.1135423055511
"2199","2213",1.1496224166061
"2200","2214",1.1496224166061
"2201","2215",1.3497329115091
"2202","2216",1.3118655823811
"2203","2217",1.3118655823811
"2204","2218",0.5660354842231
"2205","2219",0.5660354842231
"2206","2220",0.5660354842231
"2207","2221",0.9708807882741
"2208","2222",0.9708807882741
"2209","2223",0.9708807882741
"2210","2224",1.4041405276141
"2211","2225",1.5033502967741
"2212","2226",1.8044303964331
"2213","2227",1.6043199015301
"2214","2228",1.3032398018711
"2215","2229",0.7707702933801
"2216","2230",0.7707702933801
"2217","2231",1.0756749764171
"2218","2232",1.0756749764171
"2219","2233",1.0756749764171
"2220","2234",1.0756749764171
"2221","2235",1.0756749764171
"2222","2236",1.3406749650271
"2223","2237",1.3406749650271
"2224","2238",1.0998600447591
"2225","2239",0.8800617690021
"2226","2240",0.8800617690021
"2227","2241",0.8800617690021
"2228","2242",1.3133215083341
"2229","2243",1.4119116063591
"2230","2244",1.6087181748771
"2231","2245",1.5101280768511
"2232","2246",1.5101280768511
"2233","2247",1.6547499434391
"2234","2248",1.8384464487491
"2235","2249",2.1324645983211
"2236","2250",2.1554887675961
"2237","2251",1.9993866244281
"2238","2252",1.7629009915791
"2239","2253",1.9069996645622
"2240","2254",1.9069996645622
"2241","2255",2.1812764814122
"2242","2256",2.2388567591972
"2243","2257",2.3485150879482
"2244","2258",2.1062888058872
"2245","2259",2.1062888058872
"2246","2260",1.9002263047672
"2247","2261",1.5618426750361
"2248","2262",1.5618426750361
"2249","2263",1.5618426750361
"2250","2264",1.6150280463711
"2251","2265",1.4951718429781
"2252","2266",1.4951718429781
"2253","2267",1.4951718429781
"2254","2268",1.4951718429781
"2255","2269",1.4951718429781
"2256","2270",1.3548551177281
"2257","2271",1.3548551177281
"2258","2272",1.3548551177281
"2259","2273",1.3993310775591
"2260","2274",1.3993310775591
"2261","2275",1.3548551177281
"2262","2276",1.3548551177281
"2263","2277",1.3548551177281
"2264","2278",1.3548551177281
"2265","2279",1.1550425917581
"2266","2280",1.1550425917581
"2267","2281",1.3548551177281
"2268","2282",1.1550425917281
"2269","2283",0.5299553731531
"2270","2284",0.5299553731531
"2271","2285",3.39255922115873
"2272","2286",3.51165823133873
"2273","2287",4.04034751445273
"2274","2288",4.30896639001573
"2275","2289",4.07364616257373
"2276","2290",3.60108439150373
"2277","2291",3.5716797835921
"2278","2292",3.6786449547001
"2279","2293",3.72029062932173
"2280","2294",4.17988992873173
"2281","2295",4.29265091672973
"2282","2296",4.29265091672973
"2283","2297",3.77378654468973
"2284","2298",3.5944514681321
"2285","2299",3.5944514681321
"2286","2300",3.1707621494121
"2287","2301",2.6140409560181
"2288","2302",2.6140409560181
"2289","2303",2.2038436791071
"2290","2304",2.1506471276171
"2291","2305",2.2588975837241
"2292","2306",2.2690470211371
"2293","2307",2.2690470211371
"2294","2308",2.2690470211371
"2295","2309",2.0040470325271
"2296","2310",1.5532500134421
"2297","2311",1.8145923140321
"2298","2312",1.7015629392531
"2299","2313",1.2040300327111
"2300","2314",1.2040300327111
"2301","2315",1.1117550874781
"2302","2316",1.1117550874781
"2303","2317",1.1117550874781
"2304","2318",0.5299553731681
"2305","2319",0.5299553731681
"2306","2320",0.5299553731681
"2307","2322",0.5299553731531
"2308","2323",0.8348600562361
"2309","2324",1.4041405276391
"2310","2325",1.2757854713051
"2311","2326",1.6551831176751
"2312","2327",2.0385829998051
"2313","2328",1.9760730128431
"2314","2329",1.7567723935801
"2315","2330",1.7567723935801
"2316","2331",1.6575626244201
"2317","2332",1.1117550874661
"2318","2333",1.0756749764021
"2319","2334",1.0756749764021
"2320","2335",1.0756749764021
"2321","2336",1.0756749764021
"2322","2337",1.5541364285861
"2323","2338",1.5541364285861
"2324","2339",1.5541364285861
"2325","2340",1.5541364285861
"2326","2341",1.4257813722921
"2327","2342",1.1849664520391
"2328","2343",1.1849664520391
"2329","2344",1.2835565500651
"2330","2345",1.4119116063591
"2331","2346",1.4119116063591
"2332","2347",1.4119116063631
"2333","2348",1.5643640984131
"2334","2349",1.7940923722811
"2335","2350",1.7940923722811
"2336","2351",1.5132848239371
"2337","2352",1.6071924786061
"2338","2353",1.7585717041751
"2339","2354",1.5220860713671
"2340","2355",1.4281784166981
"2341","2356",1.6103958670121
"2342","2357",1.2570524942612
"2343","2358",1.7666829392922
"2344","2359",1.7666829392922
"2345","2360",1.8066537612282
"2346","2361",2.2833327190312
"2347","2362",2.0177948639222
"2348","2363",1.7686485412292
"2349","2364",1.4215259497661
"2350","2365",1.5618426750361
"2351","2366",1.5090928977691
"2352","2367",1.5090928977691
"2353","2368",1.4951718429951
"2354","2369",1.6011069915981
"2355","2370",1.4951718429781
"2356","2371",1.3548551177281
"2357","2372",1.3548551177281
"2358","2373",1.3548551177281
"2359","2374",1.3548551177281
"2360","2375",1.3548551177281
"2361","2376",1.3548551177281
"2362","2377",1.3548551177281
"2363","2378",1.3548551177281
"2364","2379",1.1550425917281
"2365","2380",1.1550425917281
"2366","2381",1.1550425917281
"2367","2382",1.1550425917281
"2368","2383",0.8900426031481
"2369","2384",0.8900426031481
"2370","2385",0.8900426031481
"2371","2386",0.8900426031481
"2372","2387",0.8900426031481
"2373","2388",0.8900426031481
"2374","2389",0.8900426031481
"2375","2390",0.8900426031481
"2376","2391",0.8900426031481
"2377","2392",0.8348600562081
"2378","2393",3.17790043412573
"2379","2394",3.19086290578573
"2380","2395",3.67389353878873
"2381","2396",3.67389353878873
"2382","2397",3.61626339443773
"2383","2398",3.4830214198051
"2384","2399",3.4830214198051
"2385","2400",3.6162633944301
"2386","2401",3.6292258660901
"2387","2402",3.6162633944301
"2388","2403",3.74858300631973
"2389","2404",3.74858300631973
"2390","2405",3.51512744995473
"2391","2406",3.5021649782871
"2392","2407",2.7505857403001
"2393","2408",2.6140409560581
"2394","2409",2.6140409560581
"2395","2410",2.4016897177381
"2396","2411",2.4016897177381
"2397","2412",2.4016897177381
"2398","2413",2.5200896112181
"2399","2414",2.5200896112181
"2400","2415",2.4214995131871
"2401","2416",2.2690470211371
"2402","2417",2.4214995131871
"2403","2418",2.0891023876221
"2404","2419",2.3306348927231
"2405","2420",2.2329173471691
"2406","2421",1.9715750466191
"2407","2422",1.7714645517161
"2408","2423",1.5262743585551
"2409","2424",1.3585100372801
"2410","2425",1.1117550874661
"2411","2426",0.8068504044291
"2412","2427",0.7707702933651
"2413","2428",0.7707702933651
"2414","2429",0.5299553731531
"2415","2430",0.8348600561901
"2416","2431",1.2040300327361
"2417","2432",1.4041405276391
"2418","2433",1.4041405276391
"2419","2434",1.8861305077551
"2420","2435",2.0385829998051
"2421","2436",1.9399929017791
"2422","2437",2.2683112736721
"2423","2438",2.0682007787691
"2424","2439",1.8872908982881
"2425","2440",1.7589358419941
"2426","2441",1.7228557309301
"2427","2442",1.5704032388801
"2428","2443",1.5704032388801
"2429","2444",1.6987582951741
"2430","2445",2.0349072925341
"2431","2446",2.0349072925341
"2432","2447",2.0349072925341
"2433","2448",1.8824548004841
"2434","2449",1.7973483932041
"2435","2450",1.8824548004841
"2436","2451",1.5132848239371
"2437","2452",1.5132848239371
"2438","2453",1.5132848239371
"2439","2454",1.6416398802311
"2440","2455",1.6416398802311
"2441","2456",1.7940923722811
"2442","2457",1.7940923722811
"2443","2458",1.6657373159871
"2444","2459",1.5132848239371
"2445","2460",1.5220860713261
"2446","2461",1.5220860713671
"2447","2462",1.6745385634171
"2448","2463",1.5806309087481
"2449","2464",1.6103958670121
"2450","2465",1.0504666084662
"2451","2466",1.0572399682612
"2452","2467",1.2502791344662
"2453","2468",1.5226259465152
"2454","2469",1.5671019063492
"2455","2470",2.0090559021812
"2456","2471",1.6661564061781
"2457","2472",1.4215259497691
"2458","2473",1.4660019096001
"2459","2474",1.4215259497661
"2460","2475",1.3548551177251
"2461","2476",1.2996725707881
"2462","2477",1.3548551177281
"2463","2478",1.3548551177281
"2464","2479",1.3548551177281
"2465","2480",1.3548551177281
"2466","2481",1.3548551177281
"2467","2482",1.3548551177281
"2468","2483",1.1550425917281
"2469","2484",1.1550425917281
"2470","2485",1.1550425917281
"2471","2486",1.1550425917281
"2472","2487",1.1550425917281
"2473","2488",0.8348600562081
"2474","2489",0.8348600562081
"2475","2490",0.8348600562081
"2476","2491",0.8348600562081
"2477","2492",0.8348600562081
"2478","2493",0.8348600562081
"2479","2494",0.8348600562081
"2480","2495",0.8348600562081
"2481","2496",0.8348600562081
"2482","2497",0.8348600562081
"2483","2498",0.8348600562081
"2484","2499",0.8348600562081
"2485","2500",2.2802034544501
"2486","2501",1.6808392500521
"2487","2502",3.05348948893573
"2488","2503",2.9403134355281
"2489","2504",2.7601467207581
"2490","2505",3.4145130390961
"2491","2506",3.4298248683151
"2492","2507",3.4298248683151
"2493","2508",2.9530660466571
"2494","2509",2.9530660466571
"2495","2510",2.9530660466571
"2496","2511",2.9530660466571
"2497","2512",2.9722096051391
"2498","2513",2.8976899464591
"2499","2514",2.6261747951101
"2500","2515",2.6261747951101
"2501","2516",2.4016897177381
"2502","2517",2.4016897177381
"2503","2518",2.4016897177381
"2504","2519",2.2947245466301
"2505","2520",2.4016897177381
"2506","2521",2.4016897177381
"2507","2522",2.5200896112181
"2508","2523",2.4214995131871
"2509","2524",2.4214995131871
"2510","2525",2.2953907835951
"2511","2526",2.1968372361051
"2512","2527",2.1968372361051
"2513","2528",2.0784373426251
"2514","2529",1.7353844406521
"2515","2530",1.6367943426211
"2516","2531",1.3564825247861
"2517","2532",1.2281274684521
"2518","2533",1.2281274684521
"2519","2534",1.2281274684521
"2520","2535",1.0756749764021
"2521","2536",1.0756749764021
"2522","2537",1.0756749764021
"2523","2538",1.2040300327361
"2524","2539",1.2040300327361
"2525","2540",1.4041405276391
"2526","2541",1.7677306142751
"2527","2542",2.0385829998051
"2528","2543",1.9399929017791
"2529","2544",2.2683112736721
"2530","2545",2.2683112736721
"2531","2546",1.9696106807441
"2532","2547",1.8512107872241
"2533","2548",1.8512107872241
"2534","2549",1.7228557309301
"2535","2550",1.7228557309301
"2536","2551",1.8214458289551
"2537","2552",2.0437085399231
"2538","2553",2.0437085399231
"2539","2554",2.0437085399231
"2540","2555",1.9498008852541
"2541","2556",1.9498008852541
"2542","2557",1.7973483932041
"2543","2558",1.6689933369101
"2544","2559",1.4281784166571
"2545","2560",1.4281784166571
"2546","2561",1.5565334729511
"2547","2562",1.5565334729511
"2548","2563",1.5565334729511
"2549","2564",1.4281784166571
"2550","2565",1.1631784280851
"2551","2566",1.1631784280851
"2552","2567",1.2570860827541
"2553","2568",1.5220860713671
"2554","2569",1.6745385634171
"2555","2570",1.5806309087481
"2556","2571",1.5806309087481
"2557","2574",1.0504666084662
"2558","2575",1.0504666084662
"2559","2576",1.0365455536922
"2560","2577",1.2363580796922
"2561","2578",1.2947550943002
"2562","2579",1.2010019209871
"2563","2580",1.1565259611561
"2564","2581",1.4215259497691
"2565","2582",1.4076048949951
"2566","2583",1.4520808548261
"2567","2584",1.3993310775591
"2568","2585",1.1995185515891
"2569","2586",1.1550425917581
"2570","2587",1.1550425917581
"2571","2588",1.1550425917581
"2572","2589",1.1550425917581
"2573","2590",0.8900426031481
"2574","2591",0.8348600562081
"2575","2592",0.8348600562081
"2576","2593",0.8348600562081
"2577","2594",0.8348600562081
"2578","2595",0.8348600562081
"2579","2596",0.8348600562081
"2580","2597",0.8348600562081
"2581","2598",0.8348600562081
"2582","2599",0.8348600562081
"2583","2600",0.8348600562081
"2584","2601",0.8348600562081
"2585","2602",0.8348600562081
"2586","2603",0.8348600562081
"2587","2604",0.8348600562081
"2588","2605",0.8348600562081
"2589","2606",0.8348600562081
"2590","2607",0.8348600562081
"2591","2608",1.6808392500521
"2592","2609",1.8632842491321
"2593","2610",2.6003366074191
"2594","2611",2.6602277881181
"2595","2612",2.6602277881181
"2596","2613",2.6793713466001
"2597","2614",2.6793713466001
"2598","2615",2.6793713466001
"2599","2616",2.3479210981201
"2600","2617",2.2947245466301
"2601","2618",2.3479210981201
"2602","2619",2.2845751092171
"2603","2620",2.2160667285021
"2604","2621",2.3863778885131
"2605","2622",2.3863778885131
"2606","2623",2.4068868006421
"2607","2624",2.3985117275631
"2608","2625",2.5169116210431
"2609","2626",2.3006244170401
"2610","2627",2.0836344255291
"2611","2628",1.9406920184361
"2612","2629",1.8215930082761
"2613","2630",1.6214825133961
"2614","2631",1.3564825247861
"2615","2632",1.3564825247861
"2616","2633",1.3564825247861
"2617","2634",1.3564825247861
"2618","2635",1.2281274684521
"2619","2636",1.0756749764021
"2620","2637",1.2040300327361
"2621","2638",1.2040300327361
"2622","2639",1.2040300327361
"2623","2640",1.4041405276391
"2624","2641",1.4041405276391
"2625","2642",1.6691405162491
"2626","2643",1.6691405162491
"2627","2644",1.8988687901171
"2628","2645",2.1499113801921
"2629","2646",2.0682007787691
"2630","2647",2.0682007787691
"2631","2648",1.9498008852491
"2632","2649",1.7228557309301
"2633","2650",1.7228557309301
"2634","2651",1.7228557309301
"2635","2652",1.8214458289551
"2636","2653",1.8214458289551
"2637","2654",1.8214458289551
"2638","2655",1.8512107872241
"2639","2656",1.8512107872241
"2640","2657",1.8512107872241
"2641","2658",1.6689933369101
"2642","2659",1.4281784166571
"2643","2660",1.4281784166571
"2644","2661",1.4281784166571
"2645","2662",1.4281784166571
"2646","2663",1.4281784166571
"2647","2664",1.1631784280851
"2648","2665",1.0645883300551
"2649","2666",1.0645883300551
"2650","2667",1.0645883300551
"2651","2668",1.3295883186681
"2652","2672",0.8900426031141
"2653","2673",0.9427923803791
"2654","2674",0.9427923803791
"2655","2675",0.8900426031141
"2656","2676",0.5299553731581
"2657","2677",0.8900426031151
"2658","2678",1.0898551291151
"2659","2679",0.8900426031451
"2660","2680",1.1550425917581
"2661","2681",1.1550425917581
"2662","2682",1.1550425917581
"2663","2683",1.1550425917581
"2664","2684",1.1550425917581
"2665","2685",1.1550425917581
"2666","2686",1.1550425917581
"2667","2687",0.8348600562081
"2668","2688",0.8348600562081
"2669","2689",0.8348600562081
"2670","2690",0.8348600562081
"2671","2691",0.8348600562081
"2672","2692",0.8348600562081
"2673","2693",0.8348600562081
"2674","2694",0.8348600562081
"2675","2695",0.8348600562081
"2676","2696",0.8348600562081
"2677","2697",0.8348600562081
"2678","2698",0.8348600562081
"2679","2699",0.8348600562081
"2680","2700",0.8348600562081
"2681","2701",1.5283867580221
"2682","2702",1.7441852389721
"2683","2703",2.8785463879771
"2684","2704",2.7541354427871
"2685","2705",2.5411287779581
"2686","2706",2.6602277881181
"2687","2707",2.6070312366281
"2688","2708",2.3793681690831
"2689","2709",2.3160221801801
"2690","2710",2.2160667285021
"2691","2711",2.2160667285021
"2692","2712",2.3883622901521
"2693","2713",2.3351657386621
"2694","2714",2.3351657386621
"2695","2715",2.2365756406291
"2696","2716",2.0364651457751
"2697","2717",2.1350552438061
"2698","2718",2.2013680820421
"2699","2719",2.1822245235601
"2700","2720",1.9406920184361
"2701","2721",1.9406920184361
"2702","2722",1.7405815235561
"2703","2723",1.3564825247861
"2704","2724",1.3564825247861
"2705","2725",1.3564825247861
"2706","2726",1.3564825247861
"2707","2727",1.3564825247861
"2708","2728",1.3564825247861
"2709","2729",1.2040300327361
"2710","2730",1.2040300327361
"2711","2731",1.2040300327361
"2712","2732",1.2040300327361
"2713","2733",1.2040300327361
"2714","2734",1.2040300327361
"2715","2735",1.2040300327361
"2716","2736",1.4690300213461
"2717","2737",1.4690300213461
"2718","2738",1.4690300213461
"2719","2739",2.0682007787691
"2720","2740",2.0682007787691
"2721","2741",2.0682007787691
"2722","2742",1.7228557309301
"2723","2743",1.5704032388931
"2724","2744",1.5704032388931
"2725","2745",1.7228557309301
"2726","2746",1.7228557309301
"2727","2747",1.7228557309301
"2728","2748",1.7228557309301
"2729","2749",1.7228557309301
"2730","2750",1.7228557309301
"2731","2751",1.5704032388801
"2732","2752",1.3295883186271
"2733","2753",1.3295883186271
"2734","2754",1.3295883186271
"2735","2755",0.7596836470081
"2736","2756",0.7596836470081
"2737","2757",0.7596836470081
"2738","2758",0.7596836470081
"2739","2759",0.7596836470081
"2740","2760",1.0645883300551
"2741","2761",1.3295883186681
"2742","2762",1.3295883186681
"2743","2766",0.5299553731581
"2744","2767",0.5299553731581
"2745","2768",0.5299553731581
"2746","2769",0.5299553731581
"2747","2770",0.8900426031141
"2748","2771",0.8900426031141
"2749","2772",0.8900426031141
"2750","2773",0.8900426031141
"2751","2774",0.8900426031141
"2752","2775",0.5299553731581
"2753","2776",0.5851379200981
"2754","2777",0.5851379200981
"2755","2778",0.5851379200981
"2756","2779",0.8900426031451
"2757","2780",0.8900426031451
"2758","2781",1.1550425917581
"2759","2782",1.1550425917581
"2760","2783",1.1550425917581
"2761","2784",1.1550425917581
"2762","2785",1.0998600448181
"2763","2786",0.8348600562081
"2764","2787",0.8348600562081
"2765","2788",0.8348600562081
"2766","2789",0.8348600562081
"2767","2790",0.5299553731531
"2768","2791",0.5299553731531
"2769","2792",0.5299553731531
"2770","2793",0.5299553731531
"2771","2794",0.5299553731531
"2772","2795",0.5299553731531
"2773","2796",0.5299553731531
"2774","2797",0.5299553731531
"2775","2798",1.6837278669841
"2776","2799",2.1584858570651
"2777","2800",2.2570759550961
"2778","2801",2.3102725065861
"2779","2802",2.4000183621661
"2780","2803",2.5283734185001
"2781","2804",2.3692187316701
"2782","2805",2.3160221801801
"2783","2806",2.3160221801801
"2784","2807",2.3160221801801
"2785","2808",2.1822245235601
"2786","2809",1.9406920184361
"2787","2810",1.9406920184361
"2788","2811",1.4755815349721
"2789","2812",1.4755815349721
"2790","2813",1.4755815349971
"2791","2814",1.4947250934771
"2792","2815",1.4947250934771
"2793","2816",1.2347666147341
"2794","2817",1.2347666147341
"2795","2818",1.2347666147341
"2796","2819",1.2347666147341
"2797","2820",1.2347666147341
"2798","2821",1.2347666147341
"2799","2822",1.1156676045741
"2800","2823",1.3564825247861
"2801","2824",1.3564825247861
"2802","2825",1.3564825247861
"2803","2826",1.3564825247861
"2804","2827",1.2040300327361
"2805","2828",1.2040300327361
"2806","2829",1.2040300327361
"2807","2830",1.2040300327361
"2808","2831",1.2040300327361
"2809","2832",1.2040300327361
"2810","2833",1.2040300327361
"2811","2834",1.2040300327361
"2812","2835",1.4690300213461
"2813","2836",1.4690300213461
"2814","2837",1.7200726114211
"2815","2838",1.7200726114211
"2816","2839",1.3406749650251
"2817","2840",1.3406749650251
"2818","2841",1.0998600447721
"2819","2842",1.0998600447721
"2820","2843",1.0998600447721
"2821","2844",1.0998600447721
"2822","2845",1.0998600447721
"2823","2846",1.2523125368091
"2824","2847",1.0998600447591
"2825","2848",1.0998600447591
"2826","2849",1.0998600447591
"2827","2850",1.0998600447591
"2828","2851",1.0998600447591
"2829","2852",0.5299553731401
"2830","2853",0.5299553731401
"2831","2854",0.5299553731401
"2832","2855",0.5299553731401
"2833","2856",0.7596836470081
"2834","2857",0.7596836470081
"2835","2858",0.7596836470081
"2836","2859",1.0645883300581
"2837","2860",1.3295883186681
"2838","2861",1.0998600448011
"2839","2862",1.0998600448011
"2840","2865",0.5299553731581
"2841","2866",0.5299553731581
"2842","2867",0.5299553731581
"2843","2868",0.5299553731581
"2844","2869",0.5299553731581
"2845","2870",0.5299553731581
"2846","2871",0.5299553731581
"2847","2872",0.8348600561751
"2848","2873",0.8348600561751
"2849","2874",0.8348600561751
"2850","2875",0.8348600561751
"2851","2876",0.8348600561751
"2852","2877",0.8348600561751
"2853","2878",0.8900426031141
"2854","2879",0.8900426031141
"2855","2880",0.8900426031141
"2856","2881",0.5851379200971
"2857","2882",0.5299553731581
"2858","2883",0.5299553731581
"2859","2884",0.5851379200981
"2860","2885",0.5851379200981
"2861","2886",0.5851379200981
"2862","2887",0.5851379200981
"2863","2888",0.5851379200981
"2864","2889",1.1550425917581
"2865","2890",1.1550425917581
"2866","2891",0.8348600562081
"2867","2892",0.8348600562081
"2868","2893",0.5299553731531
"2869","2894",0.5299553731531
"2870","2895",0.5299553731531
"2871","2896",0.5299553731531
"2872","2897",0.5299553731531
"2873","2898",0.5299553731531
"2874","2899",0.5299553731531
"2875","2900",0.5299553731531
"2876","2901",0.5299553731531
"2877","2902",0.5299553731531
"2878","2903",0.5299553731531
"2879","2907",1.6837278669841
"2880","2908",1.9461346187451
"2881","2909",2.1584858570651
"2882","2910",1.6932379519651
"2883","2911",2.1876671238461
"2884","2912",2.3160221801801
"2885","2913",2.0538694672261
"2886","2914",2.0538694672261
"2887","2915",2.0538694672261
"2888","2916",2.1876671238461
"2889","2917",1.3714115470101
"2890","2918",0.9539590663631
"2891","2919",0.9539590663631
"2892","2920",0.9539590663631
"2893","2921",1.1064115584461
"2894","2922",1.1064115584461
"2895","2923",1.1064115584461
"2896","2924",1.1064115584461
"2897","2925",1.2347666147341
"2898","2926",1.2347666147341
"2899","2927",1.2347666147341
"2900","2928",1.2347666147341
"2901","2929",1.2347666147341
"2902","2930",1.2347666147341
"2903","2931",1.1156676045741
"2904","2932",1.1156676045741
"2905","2933",1.1156676045741
"2906","2934",0.9873125482861
"2907","2935",0.9873125482861
"2908","2936",0.8348600562361
"2909","2937",0.8348600562361
"2910","2938",0.8348600562361
"2911","2939",0.5299553731861
"2912","2940",0.6583104294741
"2913","2941",0.6583104294741
"2914","2942",0.6583104294741
"2915","2943",0.9632151125241
"2916","2944",1.2040300327361
"2917","2945",1.2040300327361
"2918","2946",1.2040300327361
"2919","2947",1.3406749650581
"2920","2948",0.7949553617221
"2921","2949",0.7949553617221
"2922","2950",0.7949553617221
"2923","2951",0.7949553617221
"2924","2952",0.7949553617221
"2925","2953",0.7949553617221
"2926","2954",0.7949553617221
"2927","2955",0.7949553617221
"2928","2956",0.7949553617221
"2929","2957",0.7949553617221
"2930","2958",0.8348600561491
"2931","2959",0.8348600561491
"2932","2960",0.5299553731401
"2933","2961",0.5299553731401
"2934","2962",0.5299553731401
"2935","2963",0.5299553731401
"2936","2964",0.5299553731401
"2937","2965",0.5299553731401
"2938","2966",0.5299553731401
"2939","2969",0.5299553731531
"2940","2970",0.5299553731531
"2941","2971",0.7949553617631
"2942","2972",0.7949553617631
"2943","2973",0.7949553617631
"2944","2974",0.7949553617631
"2945","2975",0.7949553617631
"2946","2976",0.7949553617631
"2947","2977",0.7949553617631
"2948","2978",0.7949553617631
"2949","2985",0.5299553731581
"2950","2986",0.5299553731581
"2951","2987",0.5299553731581
"2952","2988",0.5299553731581
"2953","2989",0.5299553731581
"2954","2990",0.5299553731581
"2955","2991",0.8348600561751
"2956","2992",0.8348600561751
"2957","2993",0.8348600561751
"2958","2994",0.8348600561751
"2959","2995",0.8348600561751
"2960","2996",0.8348600561751
"2961","2997",0.5299553731581
"2962","2998",0.5299553731581
"2963","2999",0.5299553731581
"2964","3000",0.5299553731581
"2965","3001",0.5299553731581
"2966","3002",0.5299553731581
"2967","3003",0.5299553731581
"2968","3004",0.5299553731581
"2969","3005",0.5299553731581
"2970","3006",0.5299553731581
"2971","3009",0.5299553731531
"2972","3010",0.5299553731531
"2973","3011",0.5299553731531
"2974","3012",0.5299553731531
"2975","3013",0.5299553731531
"2976","3014",0.5299553731531
"2977","3015",0.5299553731531
"2978","3016",0.5299553731531
"2979","3017",0.5299553731531
"2980","3018",0.5299553731531
"2981","3019",0.5299553731531
"2982","3024",1.5407854599141
"2983","3025",0.7949553617631
"2984","3026",0.9873125482401
"2985","3027",1.2523125368501
"2986","3028",1.5917175551421
"2987","3029",1.6122264672221
"2988","3030",1.6122264672481
"2989","3031",1.6122264672481
"2990","3032",1.3714115470101
"2991","3033",1.2189590549731
"2992","3034",0.9539590663631
"2993","3035",0.8348600561831
"2994","3036",0.9539590663631
"2995","3037",0.9539590663631
"2996","3038",0.8348600562031
"2997","3039",0.9873125482861
"2998","3040",0.9873125482861
"2999","3041",0.9873125482861
"3000","3042",0.9873125482861
"3001","3043",0.9873125482861
"3002","3044",0.9539590663631
"3003","3045",0.9539590663631
"3004","3046",0.6490543833131
"3005","3047",0.6490543833131
"3006","3048",0.5299553731531
"3007","3049",0.5299553731531
"3008","3050",0.5299553731531
"3009","3051",0.5299553731531
"3010","3060",0.6583104294741
"3011","3061",0.9632151125241
"3012","3062",0.8348600562361
"3013","3063",0.5299553731531
"3014","3064",0.5299553731531
"3015","3066",0.5299553731501
"3016","3067",0.5299553731501
"3017","3068",0.5299553731501
"3018","3069",0.5299553731501
"3019","3070",0.5299553731501
"3020","3071",0.5299553731501
"3021","3088",0.5299553731531
"3022","3089",0.5299553731531
"3023","3090",0.5299553731531
"3024","3091",0.5299553731531
"3025","3092",0.5299553731531
"3026","3093",0.5299553731531
"3027","3094",0.5299553731531
"3028","3112",0.5299553731581
"3029","3113",0.5299553731581
"3030","3114",0.5299553731581
"3031","3115",0.5299553731581
"3032","3116",0.5299553731581
"3033","3117",0.5299553731581
"3034","3118",0.5299553731581
"3035","3119",0.5299553731581
"3036","3120",0.5299553731581
"3037","3121",0.5299553731581
"3038","3122",0.5299553731581
"3039","3123",0.5299553731581
"3040","3124",0.5299553731581
"3041","3125",0.5299553731581
"3042","3136",0.5299553731531
"3043","3137",0.5299553731531
"3044","3138",0.5299553731531
"3045","3139",0.5299553731531
"3046","3140",0.5299553731531
"3047","3141",0.5299553731531
"3048","3142",0.5299553731531
"3049","3143",0.5299553731531
"3050","3144",0.5299553731531
"3051","3145",0.5299553731531
"3052","3146",0.5299553731531
"3053","3147",0.5299553731531
"3054","3161",0.5299553731531
"3055","3162",0.8348600562031
"3056","3163",0.8348600562031
"3057","3164",0.9873125482461
"3058","3165",0.9873125482461
"3059","3166",1.0998600448131
"3060","3167",1.0998600448131
"3061","3168",0.9539590663631
"3062","3169",0.8348600561831
"3063","3170",0.8348600561831
"3064","3171",0.5299553731531
"3065","3172",0.8348600562031
"3066","3173",0.8348600562031
"3067","3174",0.8348600562031
"3068","3175",0.5299553731531
"3069","3176",0.5299553731531
"3070","3248",0.5299553731581
"3071","3249",0.5299553731581
"3072","3250",0.5299553731581
"3073","3251",0.5299553731581
"3074","3252",0.5299553731581
"3075","3253",0.5299553731581
"3076","3254",0.5299553731581
"3077","3255",0.5299553731581
"3078","3256",0.5299553731581
"3079","3277",0.5299553731531
"3080","3278",0.5299553731531
"3081","3279",0.5299553731531
"3082","3280",0.5299553731531
"3083","3281",0.5299553731531
"3084","3297",0.5299553731531
"3085","3298",0.5299553731531
"3086","3299",0.5299553731531
"3087","3300",0.5299553731531
"3088","3301",0.5299553731531
"3089","3302",0.5299553731531
"3090","3303",0.5299553731531
"3091","3304",0.5299553731531
"3092","3305",0.5299553731531
"3093","3306",0.5299553731531
"3094","3307",0.5299553731531
"3095","3308",0.5299553731531
"3096","3309",0.5299553731531
"3097","3421",0.5299553731531
"3098","3422",0.5299553731531
"3099","3423",0.5299553731531
"3100","3424",0.5299553731531
"3101","3425",0.5299553731531
"3102","3426",0.5299553731531
"3103","3427",0.5299553731531
"3104","3428",0.5299553731531
"3105","3429",0.5299553731531
