cell_id,Landmass,Landmass_area
1,Isla Grande de Tierra del Fuego,47992
2,South America,17609548
3,South America,17609548
4,Isla Grande de Tierra del Fuego,47992
5,South America,17609548
6,South America,17609548
7,South America,17609548
8,South America,17609548
9,South America,17609548
10,South America,17609548
11,South America,17609548
12,South America,17609548
13,South America,17609548
14,South America,17609548
15,South America,17609548
16,South America,17609548
17,South America,17609548
18,South America,17609548
19,South America,17609548
20,South Island,145836
21,South Island,145836
22,South America,17609548
23,South America,17609548
24,South America,17609548
25,South America,17609548
26,South America,17609548
27,Tasmania,65022
28,South Island,145836
29,South Island,145836
30,South America,17609548
31,South America,17609548
32,South America,17609548
33,South America,17609548
34,South America,17609548
35,South Island,145836
36,South America,17609548
37,South America,17609548
38,South America,17609548
39,South America,17609548
40,South America,17609548
41,South America,17609548
42,North Island,111583
43,North Island,111583
44,South America,17609548
45,South America,17609548
46,South America,17609548
47,South America,17609548
48,South America,17609548
49,South America,17609548
50,South America,17609548
51,South America,17609548
52,Australia,7591608
53,Australia,7591608
54,Australia,7591608
55,Australia,7591608
56,Australia,7591608
57,South America,17609548
58,South America,17609548
59,South America,17609548
60,South America,17609548
61,South America,17609548
62,South America,17609548
63,South America,17609548
64,Australia,7591608
65,Australia,7591608
66,Australia,7591608
67,Australia,7591608
68,Australia,7591608
69,Australia,7591608
70,Australia,7591608
71,South America,17609548
72,South America,17609548
73,South America,17609548
74,South America,17609548
75,South America,17609548
76,South America,17609548
77,South America,17609548
78,South America,17609548
79,South America,17609548
80,South America,17609548
81,Africa,29370907
82,Africa,29370907
83,Africa,29370907
84,Africa,29370907
85,Africa,29370907
86,Australia,7591608
87,Australia,7591608
88,Australia,7591608
89,Australia,7591608
90,Australia,7591608
91,Australia,7591608
92,Australia,7591608
93,Australia,7591608
94,Australia,7591608
95,Australia,7591608
96,Australia,7591608
97,Australia,7591608
98,Australia,7591608
99,South America,17609548
100,South America,17609548
101,South America,17609548
102,South America,17609548
103,South America,17609548
104,South America,17609548
105,South America,17609548
106,South America,17609548
107,South America,17609548
108,South America,17609548
109,Africa,29370907
110,Africa,29370907
111,Africa,29370907
112,Africa,29370907
113,Africa,29370907
114,Africa,29370907
115,Australia,7591608
116,Australia,7591608
117,Australia,7591608
118,Australia,7591608
119,Australia,7591608
120,Australia,7591608
121,Australia,7591608
122,Australia,7591608
123,Australia,7591608
124,Australia,7591608
125,Australia,7591608
126,Australia,7591608
127,Australia,7591608
128,Australia,7591608
129,Australia,7591608
130,Australia,7591608
131,Australia,7591608
132,Australia,7591608
133,South America,17609548
134,South America,17609548
135,South America,17609548
136,South America,17609548
137,South America,17609548
138,South America,17609548
139,South America,17609548
140,South America,17609548
141,South America,17609548
142,South America,17609548
143,South America,17609548
144,Africa,29370907
145,Africa,29370907
146,Africa,29370907
147,Africa,29370907
148,Africa,29370907
149,Africa,29370907
150,Africa,29370907
151,Africa,29370907
152,Australia,7591608
153,Australia,7591608
154,Australia,7591608
155,Australia,7591608
156,Australia,7591608
157,Australia,7591608
158,Australia,7591608
159,Australia,7591608
160,Australia,7591608
161,Australia,7591608
162,Australia,7591608
163,Australia,7591608
164,Australia,7591608
165,Australia,7591608
166,Australia,7591608
167,Australia,7591608
168,Australia,7591608
169,Australia,7591608
170,Australia,7591608
171,Australia,7591608
172,South America,17609548
173,South America,17609548
174,South America,17609548
175,South America,17609548
176,South America,17609548
177,South America,17609548
178,South America,17609548
179,South America,17609548
180,South America,17609548
181,South America,17609548
182,South America,17609548
183,Africa,29370907
184,Africa,29370907
185,Africa,29370907
186,Africa,29370907
187,Africa,29370907
188,Africa,29370907
189,Africa,29370907
190,Africa,29370907
191,Australia,7591608
192,Australia,7591608
193,Australia,7591608
194,Australia,7591608
195,Australia,7591608
196,Australia,7591608
197,Australia,7591608
198,Australia,7591608
199,Australia,7591608
200,Australia,7591608
201,Australia,7591608
202,Australia,7591608
203,Australia,7591608
204,Australia,7591608
205,Australia,7591608
206,Australia,7591608
207,Australia,7591608
208,Australia,7591608
209,Australia,7591608
210,Australia,7591608
211,South America,17609548
212,South America,17609548
213,South America,17609548
214,South America,17609548
215,South America,17609548
216,South America,17609548
217,South America,17609548
218,South America,17609548
219,South America,17609548
220,South America,17609548
221,South America,17609548
222,Africa,29370907
223,Africa,29370907
224,Africa,29370907
225,Africa,29370907
226,Africa,29370907
227,Africa,29370907
228,Africa,29370907
229,Africa,29370907
230,Africa,29370907
231,Africa,29370907
232,Madagascar,587041
233,Australia,7591608
234,Australia,7591608
235,Australia,7591608
236,Australia,7591608
237,Australia,7591608
238,Australia,7591608
239,Australia,7591608
240,Australia,7591608
241,Australia,7591608
242,Australia,7591608
243,Australia,7591608
244,Australia,7591608
245,Australia,7591608
246,Australia,7591608
247,Australia,7591608
248,Australia,7591608
249,Australia,7591608
250,Australia,7591608
251,Australia,7591608
252,South America,17609548
253,South America,17609548
254,South America,17609548
255,South America,17609548
256,South America,17609548
257,South America,17609548
258,South America,17609548
259,South America,17609548
260,South America,17609548
261,South America,17609548
262,South America,17609548
263,South America,17609548
264,South America,17609548
265,Africa,29370907
266,Africa,29370907
267,Africa,29370907
268,Africa,29370907
269,Africa,29370907
270,Africa,29370907
271,Africa,29370907
272,Africa,29370907
273,Africa,29370907
274,Africa,29370907
275,Africa,29370907
276,Madagascar,587041
277,Madagascar,587041
278,Australia,7591608
279,Australia,7591608
280,Australia,7591608
281,Australia,7591608
282,Australia,7591608
283,Australia,7591608
284,Australia,7591608
285,Australia,7591608
286,Australia,7591608
287,Australia,7591608
288,Australia,7591608
289,Australia,7591608
290,Australia,7591608
291,Australia,7591608
292,Australia,7591608
293,Australia,7591608
294,Australia,7591608
295,Australia,7591608
296,South America,17609548
297,South America,17609548
298,South America,17609548
299,South America,17609548
300,South America,17609548
301,South America,17609548
302,South America,17609548
303,South America,17609548
304,South America,17609548
305,South America,17609548
306,South America,17609548
307,South America,17609548
308,South America,17609548
309,South America,17609548
310,South America,17609548
311,Africa,29370907
312,Africa,29370907
313,Africa,29370907
314,Africa,29370907
315,Africa,29370907
316,Africa,29370907
317,Africa,29370907
318,Africa,29370907
319,Africa,29370907
320,Africa,29370907
321,Africa,29370907
322,Madagascar,587041
323,Madagascar,587041
324,Australia,7591608
325,Australia,7591608
326,Australia,7591608
327,Australia,7591608
328,Australia,7591608
329,Australia,7591608
330,Australia,7591608
331,Australia,7591608
332,Australia,7591608
333,Australia,7591608
334,Australia,7591608
335,Australia,7591608
336,Australia,7591608
337,Australia,7591608
338,Australia,7591608
339,Australia,7591608
340,Australia,7591608
341,South America,17609548
342,South America,17609548
343,South America,17609548
344,South America,17609548
345,South America,17609548
346,South America,17609548
347,South America,17609548
348,South America,17609548
349,South America,17609548
350,South America,17609548
351,South America,17609548
352,South America,17609548
353,South America,17609548
354,South America,17609548
355,South America,17609548
356,Africa,29370907
357,Africa,29370907
358,Africa,29370907
359,Africa,29370907
360,Africa,29370907
361,Africa,29370907
362,Africa,29370907
363,Africa,29370907
364,Africa,29370907
365,Africa,29370907
366,Africa,29370907
367,Africa,29370907
368,Madagascar,587041
369,Madagascar,587041
370,Madagascar,587041
371,Australia,7591608
372,Australia,7591608
373,Australia,7591608
374,Australia,7591608
375,Australia,7591608
376,Australia,7591608
377,Australia,7591608
378,Australia,7591608
379,Australia,7591608
380,Australia,7591608
381,Australia,7591608
382,Australia,7591608
383,South America,17609548
384,South America,17609548
385,South America,17609548
386,South America,17609548
387,South America,17609548
388,South America,17609548
389,South America,17609548
390,South America,17609548
391,South America,17609548
392,South America,17609548
393,South America,17609548
394,South America,17609548
395,South America,17609548
396,South America,17609548
397,South America,17609548
398,South America,17609548
399,Africa,29370907
400,Africa,29370907
401,Africa,29370907
402,Africa,29370907
403,Africa,29370907
404,Africa,29370907
405,Africa,29370907
406,Africa,29370907
407,Africa,29370907
408,Africa,29370907
409,Africa,29370907
410,Africa,29370907
411,Africa,29370907
412,Madagascar,587041
413,Madagascar,587041
414,Madagascar,587041
415,Australia,7591608
416,Australia,7591608
417,Australia,7591608
418,Australia,7591608
419,Australia,7591608
420,Australia,7591608
421,Australia,7591608
422,Australia,7591608
423,Australia,7591608
424,Australia,7591608
425,Australia,7591608
426,South America,17609548
427,South America,17609548
428,South America,17609548
429,South America,17609548
430,South America,17609548
431,South America,17609548
432,South America,17609548
433,South America,17609548
434,South America,17609548
435,South America,17609548
436,South America,17609548
437,South America,17609548
438,South America,17609548
439,South America,17609548
440,South America,17609548
441,South America,17609548
442,South America,17609548
443,South America,17609548
444,South America,17609548
445,Africa,29370907
446,Africa,29370907
447,Africa,29370907
448,Africa,29370907
449,Africa,29370907
450,Africa,29370907
451,Africa,29370907
452,Africa,29370907
453,Africa,29370907
454,Africa,29370907
455,Africa,29370907
456,Africa,29370907
457,Africa,29370907
458,Africa,29370907
459,Madagascar,587041
460,Australia,7591608
461,Australia,7591608
462,Australia,7591608
463,Australia,7591608
464,Australia,7591608
465,Australia,7591608
466,South America,17609548
467,South America,17609548
468,South America,17609548
469,South America,17609548
470,South America,17609548
471,South America,17609548
472,South America,17609548
473,South America,17609548
474,South America,17609548
475,South America,17609548
476,South America,17609548
477,South America,17609548
478,South America,17609548
479,South America,17609548
480,South America,17609548
481,South America,17609548
482,South America,17609548
483,South America,17609548
484,South America,17609548
485,Africa,29370907
486,Africa,29370907
487,Africa,29370907
488,Africa,29370907
489,Africa,29370907
490,Africa,29370907
491,Africa,29370907
492,Africa,29370907
493,Africa,29370907
494,Africa,29370907
495,Africa,29370907
496,Africa,29370907
497,Africa,29370907
498,Africa,29370907
499,Madagascar,587041
500,Australia,7591608
501,Australia,7591608
502,Australia,7591608
503,Australia,7591608
504,South America,17609548
505,South America,17609548
506,South America,17609548
507,South America,17609548
508,South America,17609548
509,South America,17609548
510,South America,17609548
511,South America,17609548
512,South America,17609548
513,South America,17609548
514,South America,17609548
515,South America,17609548
516,South America,17609548
517,South America,17609548
518,South America,17609548
519,South America,17609548
520,South America,17609548
521,South America,17609548
522,South America,17609548
523,South America,17609548
524,South America,17609548
525,Africa,29370907
526,Africa,29370907
527,Africa,29370907
528,Africa,29370907
529,Africa,29370907
530,Africa,29370907
531,Africa,29370907
532,Africa,29370907
533,Africa,29370907
534,Africa,29370907
535,Africa,29370907
536,Africa,29370907
537,Africa,29370907
538,South America,17609548
539,South America,17609548
540,South America,17609548
541,South America,17609548
542,South America,17609548
543,South America,17609548
544,South America,17609548
545,South America,17609548
546,South America,17609548
547,South America,17609548
548,South America,17609548
549,South America,17609548
550,South America,17609548
551,South America,17609548
552,South America,17609548
553,South America,17609548
554,South America,17609548
555,South America,17609548
556,South America,17609548
557,South America,17609548
558,South America,17609548
559,Africa,29370907
560,Africa,29370907
561,Africa,29370907
562,Africa,29370907
563,Africa,29370907
564,Africa,29370907
565,Africa,29370907
566,Africa,29370907
567,Africa,29370907
568,Africa,29370907
569,Africa,29370907
570,Africa,29370907
571,Africa,29370907
572,New Guinea,785753
573,South America,17609548
574,South America,17609548
575,South America,17609548
576,South America,17609548
577,South America,17609548
578,South America,17609548
579,South America,17609548
580,South America,17609548
581,South America,17609548
582,South America,17609548
583,South America,17609548
584,South America,17609548
585,South America,17609548
586,South America,17609548
587,South America,17609548
588,South America,17609548
589,South America,17609548
590,South America,17609548
591,South America,17609548
592,South America,17609548
593,South America,17609548
594,South America,17609548
595,South America,17609548
596,Africa,29370907
597,Africa,29370907
598,Africa,29370907
599,Africa,29370907
600,Africa,29370907
601,Africa,29370907
602,Africa,29370907
603,Africa,29370907
604,Africa,29370907
605,Africa,29370907
606,Africa,29370907
607,Africa,29370907
608,Africa,29370907
609,Africa,29370907
610,Java,138794
611,Java,138794
612,Java,138794
613,New Guinea,785753
614,New Guinea,785753
615,New Guinea,785753
616,New Guinea,785753
617,New Guinea,785753
618,South America,17609548
619,South America,17609548
620,South America,17609548
621,South America,17609548
622,South America,17609548
623,South America,17609548
624,South America,17609548
625,South America,17609548
626,South America,17609548
627,South America,17609548
628,South America,17609548
629,South America,17609548
630,South America,17609548
631,South America,17609548
632,South America,17609548
633,South America,17609548
634,South America,17609548
635,South America,17609548
636,South America,17609548
637,South America,17609548
638,South America,17609548
639,South America,17609548
640,South America,17609548
641,Africa,29370907
642,Africa,29370907
643,Africa,29370907
644,Africa,29370907
645,Africa,29370907
646,Africa,29370907
647,Africa,29370907
648,Africa,29370907
649,Africa,29370907
650,Africa,29370907
651,Africa,29370907
652,Africa,29370907
653,Africa,29370907
654,Africa,29370907
655,Sumatra,443065
656,New Guinea,785753
657,New Guinea,785753
658,New Guinea,785753
659,New Guinea,785753
660,South America,17609548
661,South America,17609548
662,South America,17609548
663,South America,17609548
664,South America,17609548
665,South America,17609548
666,South America,17609548
667,South America,17609548
668,South America,17609548
669,South America,17609548
670,South America,17609548
671,South America,17609548
672,South America,17609548
673,South America,17609548
674,South America,17609548
675,South America,17609548
676,South America,17609548
677,South America,17609548
678,South America,17609548
679,South America,17609548
680,Africa,29370907
681,Africa,29370907
682,Africa,29370907
683,Africa,29370907
684,Africa,29370907
685,Africa,29370907
686,Africa,29370907
687,Africa,29370907
688,Africa,29370907
689,Africa,29370907
690,Africa,29370907
691,Africa,29370907
692,Africa,29370907
693,Africa,29370907
694,Africa,29370907
695,Sumatra,443065
696,Sumatra,443065
697,Borneo,748168
698,Borneo,748168
699,Sulawesi,180681
700,New Guinea,785753
701,New Guinea,785753
702,New Guinea,785753
703,New Guinea,785753
704,New Guinea,785753
705,South America,17609548
706,South America,17609548
707,South America,17609548
708,South America,17609548
709,South America,17609548
710,South America,17609548
711,South America,17609548
712,South America,17609548
713,South America,17609548
714,South America,17609548
715,South America,17609548
716,South America,17609548
717,South America,17609548
718,South America,17609548
719,South America,17609548
720,South America,17609548
721,South America,17609548
722,Africa,29370907
723,Africa,29370907
724,Africa,29370907
725,Africa,29370907
726,Africa,29370907
727,Africa,29370907
728,Africa,29370907
729,Africa,29370907
730,Africa,29370907
731,Africa,29370907
732,Africa,29370907
733,Africa,29370907
734,Africa,29370907
735,Africa,29370907
736,Africa,29370907
737,Sumatra,443065
738,Sumatra,443065
739,Borneo,748168
740,Borneo,748168
741,Borneo,748168
742,Borneo,748168
743,New Guinea,785753
744,South America,17609548
745,South America,17609548
746,South America,17609548
747,South America,17609548
748,South America,17609548
749,South America,17609548
750,South America,17609548
751,South America,17609548
752,South America,17609548
753,South America,17609548
754,South America,17609548
755,South America,17609548
756,South America,17609548
757,South America,17609548
758,South America,17609548
759,Africa,29370907
760,Africa,29370907
761,Africa,29370907
762,Africa,29370907
763,Africa,29370907
764,Africa,29370907
765,Africa,29370907
766,Africa,29370907
767,Africa,29370907
768,Africa,29370907
769,Africa,29370907
770,Africa,29370907
771,Africa,29370907
772,Africa,29370907
773,Africa,29370907
774,Africa,29370907
775,Africa,29370907
776,Sumatra,443065
777,Sumatra,443065
778,Sumatra,443065
779,Borneo,748168
780,Borneo,748168
781,Borneo,748168
782,Borneo,748168
783,South America,17609548
784,South America,17609548
785,South America,17609548
786,South America,17609548
787,South America,17609548
788,South America,17609548
789,South America,17609548
790,South America,17609548
791,South America,17609548
792,South America,17609548
793,South America,17609548
794,South America,17609548
795,South America,17609548
796,South America,17609548
797,Africa,29370907
798,Africa,29370907
799,Africa,29370907
800,Africa,29370907
801,Africa,29370907
802,Africa,29370907
803,Africa,29370907
804,Africa,29370907
805,Africa,29370907
806,Africa,29370907
807,Africa,29370907
808,Africa,29370907
809,Africa,29370907
810,Africa,29370907
811,Africa,29370907
812,Africa,29370907
813,Africa,29370907
814,Africa,29370907
815,Sumatra,443065
816,Eurasia,50439819
817,Borneo,748168
818,Borneo,748168
819,Borneo,748168
820,South America,17609548
821,South America,17609548
822,South America,17609548
823,South America,17609548
824,South America,17609548
825,South America,17609548
826,South America,17609548
827,South America,17609548
828,South America,17609548
829,South America,17609548
830,South America,17609548
831,South America,17609548
832,South America,17609548
833,Africa,29370907
834,Africa,29370907
835,Africa,29370907
836,Africa,29370907
837,Africa,29370907
838,Africa,29370907
839,Africa,29370907
840,Africa,29370907
841,Africa,29370907
842,Africa,29370907
843,Africa,29370907
844,Africa,29370907
845,Africa,29370907
846,Africa,29370907
847,Africa,29370907
848,Africa,29370907
849,Africa,29370907
850,Africa,29370907
851,Africa,29370907
852,Africa,29370907
853,Africa,29370907
854,Africa,29370907
855,Sumatra,443065
856,Eurasia,50439819
857,Eurasia,50439819
858,Borneo,748168
859,Borneo,748168
860,South America,17609548
861,South America,17609548
862,South America,17609548
863,South America,17609548
864,South America,17609548
865,South America,17609548
866,South America,17609548
867,South America,17609548
868,South America,17609548
869,South America,17609548
870,Africa,29370907
871,Africa,29370907
872,Africa,29370907
873,Africa,29370907
874,Africa,29370907
875,Africa,29370907
876,Africa,29370907
877,Africa,29370907
878,Africa,29370907
879,Africa,29370907
880,Africa,29370907
881,Africa,29370907
882,Africa,29370907
883,Africa,29370907
884,Africa,29370907
885,Africa,29370907
886,Africa,29370907
887,Africa,29370907
888,Africa,29370907
889,Africa,29370907
890,Africa,29370907
891,Africa,29370907
892,Africa,29370907
893,Africa,29370907
894,Africa,29370907
895,Africa,29370907
896,Africa,29370907
897,Africa,29370907
898,Africa,29370907
899,Africa,29370907
900,Africa,29370907
901,Sri Lanka,65268
902,Mindanao,97530
903,North America,20090075
904,South America,17609548
905,South America,17609548
906,South America,17609548
907,South America,17609548
908,South America,17609548
909,South America,17609548
910,South America,17609548
911,South America,17609548
912,Africa,29370907
913,Africa,29370907
914,Africa,29370907
915,Africa,29370907
916,Africa,29370907
917,Africa,29370907
918,Africa,29370907
919,Africa,29370907
920,Africa,29370907
921,Africa,29370907
922,Africa,29370907
923,Africa,29370907
924,Africa,29370907
925,Africa,29370907
926,Africa,29370907
927,Africa,29370907
928,Africa,29370907
929,Africa,29370907
930,Africa,29370907
931,Africa,29370907
932,Africa,29370907
933,Africa,29370907
934,Africa,29370907
935,Africa,29370907
936,Africa,29370907
937,Africa,29370907
938,Africa,29370907
939,Africa,29370907
940,Africa,29370907
941,Africa,29370907
942,Africa,29370907
943,Africa,29370907
944,Eurasia,50439819
945,Eurasia,50439819
946,Mindanao,97530
947,North America,20090075
948,South America,17609548
949,South America,17609548
950,South America,17609548
951,Africa,29370907
952,Africa,29370907
953,Africa,29370907
954,Africa,29370907
955,Africa,29370907
956,Africa,29370907
957,Africa,29370907
958,Africa,29370907
959,Africa,29370907
960,Africa,29370907
961,Africa,29370907
962,Africa,29370907
963,Africa,29370907
964,Africa,29370907
965,Africa,29370907
966,Africa,29370907
967,Africa,29370907
968,Africa,29370907
969,Africa,29370907
970,Africa,29370907
971,Africa,29370907
972,Africa,29370907
973,Africa,29370907
974,Africa,29370907
975,Africa,29370907
976,Africa,29370907
977,Africa,29370907
978,Africa,29370907
979,Africa,29370907
980,Africa,29370907
981,Africa,29370907
982,Eurasia,50439819
983,Eurasia,50439819
984,Eurasia,50439819
985,Eurasia,50439819
986,North America,20090075
987,North America,20090075
988,Africa,29370907
989,Africa,29370907
990,Africa,29370907
991,Africa,29370907
992,Africa,29370907
993,Africa,29370907
994,Africa,29370907
995,Africa,29370907
996,Africa,29370907
997,Africa,29370907
998,Africa,29370907
999,Africa,29370907
1000,Africa,29370907
1001,Africa,29370907
1002,Africa,29370907
1003,Africa,29370907
1004,Africa,29370907
1005,Africa,29370907
1006,Africa,29370907
1007,Africa,29370907
1008,Africa,29370907
1009,Africa,29370907
1010,Africa,29370907
1011,Africa,29370907
1012,Africa,29370907
1013,Africa,29370907
1014,Africa,29370907
1015,Africa,29370907
1016,Africa,29370907
1017,Africa,29370907
1018,Eurasia,50439819
1019,Eurasia,50439819
1020,Eurasia,50439819
1021,Eurasia,50439819
1022,Eurasia,50439819
1023,Eurasia,50439819
1024,Eurasia,50439819
1025,Eurasia,50439819
1026,Eurasia,50439819
1027,North America,20090075
1028,North America,20090075
1029,North America,20090075
1030,North America,20090075
1031,Africa,29370907
1032,Africa,29370907
1033,Africa,29370907
1034,Africa,29370907
1035,Africa,29370907
1036,Africa,29370907
1037,Africa,29370907
1038,Africa,29370907
1039,Africa,29370907
1040,Africa,29370907
1041,Africa,29370907
1042,Africa,29370907
1043,Africa,29370907
1044,Africa,29370907
1045,Africa,29370907
1046,Africa,29370907
1047,Africa,29370907
1048,Africa,29370907
1049,Africa,29370907
1050,Africa,29370907
1051,Africa,29370907
1052,Africa,29370907
1053,Africa,29370907
1054,Africa,29370907
1055,Africa,29370907
1056,Africa,29370907
1057,Africa,29370907
1058,Africa,29370907
1059,Eurasia,50439819
1060,Eurasia,50439819
1061,Eurasia,50439819
1062,Eurasia,50439819
1063,Eurasia,50439819
1064,Eurasia,50439819
1065,Eurasia,50439819
1066,Eurasia,50439819
1067,Eurasia,50439819
1068,Eurasia,50439819
1069,Eurasia,50439819
1070,Eurasia,50439819
1071,Luzon,109965
1072,North America,20090075
1073,North America,20090075
1074,North America,20090075
1075,North America,20090075
1076,North America,20090075
1077,North America,20090075
1078,Africa,29370907
1079,Africa,29370907
1080,Africa,29370907
1081,Africa,29370907
1082,Africa,29370907
1083,Africa,29370907
1084,Africa,29370907
1085,Africa,29370907
1086,Africa,29370907
1087,Africa,29370907
1088,Africa,29370907
1089,Africa,29370907
1090,Africa,29370907
1091,Africa,29370907
1092,Africa,29370907
1093,Africa,29370907
1094,Africa,29370907
1095,Africa,29370907
1096,Africa,29370907
1097,Africa,29370907
1098,Africa,29370907
1099,Africa,29370907
1100,Africa,29370907
1101,Africa,29370907
1102,Africa,29370907
1103,Africa,29370907
1104,Africa,29370907
1105,Africa,29370907
1106,Eurasia,50439819
1107,Eurasia,50439819
1108,Eurasia,50439819
1109,Eurasia,50439819
1110,Eurasia,50439819
1111,Eurasia,50439819
1112,Eurasia,50439819
1113,Eurasia,50439819
1114,Eurasia,50439819
1115,Eurasia,50439819
1116,Eurasia,50439819
1117,Eurasia,50439819
1118,Eurasia,50439819
1119,Eurasia,50439819
1120,Eurasia,50439819
1121,Eurasia,50439819
1122,Eurasia,50439819
1123,Luzon,109965
1124,North America,20090075
1125,North America,20090075
1126,North America,20090075
1127,North America,20090075
1128,North America,20090075
1129,North America,20090075
1130,Hispaniola,73929
1131,Africa,29370907
1132,Africa,29370907
1133,Africa,29370907
1134,Africa,29370907
1135,Africa,29370907
1136,Africa,29370907
1137,Africa,29370907
1138,Africa,29370907
1139,Africa,29370907
1140,Africa,29370907
1141,Africa,29370907
1142,Africa,29370907
1143,Africa,29370907
1144,Africa,29370907
1145,Africa,29370907
1146,Africa,29370907
1147,Africa,29370907
1148,Africa,29370907
1149,Africa,29370907
1150,Africa,29370907
1151,Africa,29370907
1152,Africa,29370907
1153,Africa,29370907
1154,Africa,29370907
1155,Africa,29370907
1156,Africa,29370907
1157,Africa,29370907
1158,Eurasia,50439819
1159,Eurasia,50439819
1160,Eurasia,50439819
1161,Eurasia,50439819
1162,Eurasia,50439819
1163,Eurasia,50439819
1164,Eurasia,50439819
1165,Eurasia,50439819
1166,Eurasia,50439819
1167,Eurasia,50439819
1168,Eurasia,50439819
1169,Eurasia,50439819
1170,Eurasia,50439819
1171,Eurasia,50439819
1172,Eurasia,50439819
1173,Eurasia,50439819
1174,Eurasia,50439819
1175,Eurasia,50439819
1176,Eurasia,50439819
1177,Eurasia,50439819
1178,North America,20090075
1179,North America,20090075
1180,North America,20090075
1181,North America,20090075
1182,North America,20090075
1183,Cuba,105806
1184,Africa,29370907
1185,Africa,29370907
1186,Africa,29370907
1187,Africa,29370907
1188,Africa,29370907
1189,Africa,29370907
1190,Africa,29370907
1191,Africa,29370907
1192,Africa,29370907
1193,Africa,29370907
1194,Africa,29370907
1195,Africa,29370907
1196,Africa,29370907
1197,Africa,29370907
1198,Africa,29370907
1199,Africa,29370907
1200,Africa,29370907
1201,Africa,29370907
1202,Africa,29370907
1203,Africa,29370907
1204,Africa,29370907
1205,Africa,29370907
1206,Africa,29370907
1207,Africa,29370907
1208,Africa,29370907
1209,Africa,29370907
1210,Africa,29370907
1211,Eurasia,50439819
1212,Eurasia,50439819
1213,Eurasia,50439819
1214,Eurasia,50439819
1215,Eurasia,50439819
1216,Eurasia,50439819
1217,Eurasia,50439819
1218,Eurasia,50439819
1219,Eurasia,50439819
1220,Eurasia,50439819
1221,Eurasia,50439819
1222,Eurasia,50439819
1223,Eurasia,50439819
1224,Eurasia,50439819
1225,Eurasia,50439819
1226,Eurasia,50439819
1227,Eurasia,50439819
1228,Eurasia,50439819
1229,Eurasia,50439819
1230,Eurasia,50439819
1231,Eurasia,50439819
1232,Eurasia,50439819
1233,Eurasia,50439819
1234,Eurasia,50439819
1235,Eurasia,50439819
1236,Eurasia,50439819
1237,North America,20090075
1238,North America,20090075
1239,North America,20090075
1240,North America,20090075
1241,Africa,29370907
1242,Africa,29370907
1243,Africa,29370907
1244,Africa,29370907
1245,Africa,29370907
1246,Africa,29370907
1247,Africa,29370907
1248,Africa,29370907
1249,Africa,29370907
1250,Africa,29370907
1251,Africa,29370907
1252,Africa,29370907
1253,Africa,29370907
1254,Africa,29370907
1255,Africa,29370907
1256,Africa,29370907
1257,Africa,29370907
1258,Africa,29370907
1259,Africa,29370907
1260,Africa,29370907
1261,Africa,29370907
1262,Africa,29370907
1263,Africa,29370907
1264,Africa,29370907
1265,Africa,29370907
1266,Africa,29370907
1267,Eurasia,50439819
1268,Eurasia,50439819
1269,Eurasia,50439819
1270,Eurasia,50439819
1271,Eurasia,50439819
1272,Eurasia,50439819
1273,Eurasia,50439819
1274,Eurasia,50439819
1275,Eurasia,50439819
1276,Eurasia,50439819
1277,Eurasia,50439819
1278,Eurasia,50439819
1279,Eurasia,50439819
1280,Eurasia,50439819
1281,Eurasia,50439819
1282,Eurasia,50439819
1283,Eurasia,50439819
1284,Eurasia,50439819
1285,Eurasia,50439819
1286,Eurasia,50439819
1287,Eurasia,50439819
1288,Eurasia,50439819
1289,Eurasia,50439819
1290,Eurasia,50439819
1291,Eurasia,50439819
1292,Eurasia,50439819
1293,Eurasia,50439819
1294,Eurasia,50439819
1295,Eurasia,50439819
1296,Eurasia,50439819
1297,Eurasia,50439819
1298,Eurasia,50439819
1299,Eurasia,50439819
1300,Eurasia,50439819
1301,Eurasia,50439819
1302,North America,20090075
1303,North America,20090075
1304,North America,20090075
1305,North America,20090075
1306,North America,20090075
1307,North America,20090075
1308,Africa,29370907
1309,Africa,29370907
1310,Africa,29370907
1311,Africa,29370907
1312,Africa,29370907
1313,Africa,29370907
1314,Africa,29370907
1315,Africa,29370907
1316,Africa,29370907
1317,Africa,29370907
1318,Africa,29370907
1319,Africa,29370907
1320,Africa,29370907
1321,Africa,29370907
1322,Africa,29370907
1323,Africa,29370907
1324,Africa,29370907
1325,Africa,29370907
1326,Africa,29370907
1327,Africa,29370907
1328,Africa,29370907
1329,Africa,29370907
1330,Africa,29370907
1331,Africa,29370907
1332,Eurasia,50439819
1333,Eurasia,50439819
1334,Eurasia,50439819
1335,Eurasia,50439819
1336,Eurasia,50439819
1337,Eurasia,50439819
1338,Eurasia,50439819
1339,Eurasia,50439819
1340,Eurasia,50439819
1341,Eurasia,50439819
1342,Eurasia,50439819
1343,Eurasia,50439819
1344,Eurasia,50439819
1345,Eurasia,50439819
1346,Eurasia,50439819
1347,Eurasia,50439819
1348,Eurasia,50439819
1349,Eurasia,50439819
1350,Eurasia,50439819
1351,Eurasia,50439819
1352,Eurasia,50439819
1353,Eurasia,50439819
1354,Eurasia,50439819
1355,Eurasia,50439819
1356,Eurasia,50439819
1357,Eurasia,50439819
1358,Eurasia,50439819
1359,Eurasia,50439819
1360,Eurasia,50439819
1361,Eurasia,50439819
1362,Eurasia,50439819
1363,Eurasia,50439819
1364,Eurasia,50439819
1365,North America,20090075
1366,North America,20090075
1367,North America,20090075
1368,North America,20090075
1369,North America,20090075
1370,North America,20090075
1371,North America,20090075
1372,North America,20090075
1373,Africa,29370907
1374,Africa,29370907
1375,Africa,29370907
1376,Africa,29370907
1377,Africa,29370907
1378,Africa,29370907
1379,Africa,29370907
1380,Africa,29370907
1381,Africa,29370907
1382,Africa,29370907
1383,Africa,29370907
1384,Africa,29370907
1385,Africa,29370907
1386,Africa,29370907
1387,Africa,29370907
1388,Africa,29370907
1389,Africa,29370907
1390,Africa,29370907
1391,Africa,29370907
1392,Africa,29370907
1393,Africa,29370907
1394,Africa,29370907
1395,Africa,29370907
1396,Africa,29370907
1397,Eurasia,50439819
1398,Eurasia,50439819
1399,Eurasia,50439819
1400,Eurasia,50439819
1401,Eurasia,50439819
1402,Eurasia,50439819
1403,Eurasia,50439819
1404,Eurasia,50439819
1405,Eurasia,50439819
1406,Eurasia,50439819
1407,Eurasia,50439819
1408,Eurasia,50439819
1409,Eurasia,50439819
1410,Eurasia,50439819
1411,Eurasia,50439819
1412,Eurasia,50439819
1413,Eurasia,50439819
1414,Eurasia,50439819
1415,Eurasia,50439819
1416,Eurasia,50439819
1417,Eurasia,50439819
1418,Eurasia,50439819
1419,Eurasia,50439819
1420,Eurasia,50439819
1421,Eurasia,50439819
1422,Eurasia,50439819
1423,Eurasia,50439819
1424,Eurasia,50439819
1425,Eurasia,50439819
1426,Eurasia,50439819
1427,Eurasia,50439819
1428,Eurasia,50439819
1429,Eurasia,50439819
1430,Eurasia,50439819
1431,Eurasia,50439819
1432,Eurasia,50439819
1433,Eurasia,50439819
1434,Eurasia,50439819
1435,Eurasia,50439819
1436,Eurasia,50439819
1437,North America,20090075
1438,North America,20090075
1439,North America,20090075
1440,North America,20090075
1441,North America,20090075
1442,North America,20090075
1443,North America,20090075
1444,North America,20090075
1445,North America,20090075
1446,Africa,29370907
1447,Africa,29370907
1448,Africa,29370907
1449,Africa,29370907
1450,Africa,29370907
1451,Africa,29370907
1452,Africa,29370907
1453,Africa,29370907
1454,Africa,29370907
1455,Africa,29370907
1456,Africa,29370907
1457,Africa,29370907
1458,Africa,29370907
1459,Africa,29370907
1460,Africa,29370907
1461,Africa,29370907
1462,Africa,29370907
1463,Africa,29370907
1464,Africa,29370907
1465,Africa,29370907
1466,Africa,29370907
1467,Eurasia,50439819
1468,Eurasia,50439819
1469,Eurasia,50439819
1470,Eurasia,50439819
1471,Eurasia,50439819
1472,Eurasia,50439819
1473,Eurasia,50439819
1474,Eurasia,50439819
1475,Eurasia,50439819
1476,Eurasia,50439819
1477,Eurasia,50439819
1478,Eurasia,50439819
1479,Eurasia,50439819
1480,Eurasia,50439819
1481,Eurasia,50439819
1482,Eurasia,50439819
1483,Eurasia,50439819
1484,Eurasia,50439819
1485,Eurasia,50439819
1486,Eurasia,50439819
1487,Eurasia,50439819
1488,Eurasia,50439819
1489,Eurasia,50439819
1490,Eurasia,50439819
1491,Eurasia,50439819
1492,Eurasia,50439819
1493,Eurasia,50439819
1494,Eurasia,50439819
1495,Eurasia,50439819
1496,Eurasia,50439819
1497,Eurasia,50439819
1498,Eurasia,50439819
1499,Eurasia,50439819
1500,Eurasia,50439819
1501,Eurasia,50439819
1502,Eurasia,50439819
1503,Eurasia,50439819
1504,Eurasia,50439819
1505,Eurasia,50439819
1506,Eurasia,50439819
1507,Eurasia,50439819
1508,Eurasia,50439819
1509,Eurasia,50439819
1510,Eurasia,50439819
1511,North America,20090075
1512,North America,20090075
1513,North America,20090075
1514,North America,20090075
1515,North America,20090075
1516,North America,20090075
1517,North America,20090075
1518,North America,20090075
1519,North America,20090075
1520,North America,20090075
1521,North America,20090075
1522,North America,20090075
1523,North America,20090075
1524,North America,20090075
1525,North America,20090075
1526,North America,20090075
1527,North America,20090075
1528,Africa,29370907
1529,Africa,29370907
1530,Africa,29370907
1531,Africa,29370907
1532,Africa,29370907
1533,Africa,29370907
1534,Africa,29370907
1535,Africa,29370907
1536,Africa,29370907
1537,Africa,29370907
1538,Africa,29370907
1539,Africa,29370907
1540,Africa,29370907
1541,Africa,29370907
1542,Africa,29370907
1543,Africa,29370907
1544,Africa,29370907
1545,Africa,29370907
1546,Africa,29370907
1547,Africa,29370907
1548,Eurasia,50439819
1549,Eurasia,50439819
1550,Eurasia,50439819
1551,Eurasia,50439819
1552,Eurasia,50439819
1553,Eurasia,50439819
1554,Eurasia,50439819
1555,Eurasia,50439819
1556,Eurasia,50439819
1557,Eurasia,50439819
1558,Eurasia,50439819
1559,Eurasia,50439819
1560,Eurasia,50439819
1561,Eurasia,50439819
1562,Eurasia,50439819
1563,Eurasia,50439819
1564,Eurasia,50439819
1565,Eurasia,50439819
1566,Eurasia,50439819
1567,Eurasia,50439819
1568,Eurasia,50439819
1569,Eurasia,50439819
1570,Eurasia,50439819
1571,Eurasia,50439819
1572,Eurasia,50439819
1573,Eurasia,50439819
1574,Eurasia,50439819
1575,Eurasia,50439819
1576,Eurasia,50439819
1577,Eurasia,50439819
1578,Eurasia,50439819
1579,Eurasia,50439819
1580,Eurasia,50439819
1581,Eurasia,50439819
1582,Eurasia,50439819
1583,Eurasia,50439819
1584,Eurasia,50439819
1585,Eurasia,50439819
1586,Eurasia,50439819
1587,Eurasia,50439819
1588,Eurasia,50439819
1589,Eurasia,50439819
1590,Eurasia,50439819
1591,Eurasia,50439819
1592,Eurasia,50439819
1593,North America,20090075
1594,North America,20090075
1595,North America,20090075
1596,North America,20090075
1597,North America,20090075
1598,North America,20090075
1599,North America,20090075
1600,North America,20090075
1601,North America,20090075
1602,North America,20090075
1603,North America,20090075
1604,North America,20090075
1605,North America,20090075
1606,North America,20090075
1607,North America,20090075
1608,North America,20090075
1609,North America,20090075
1610,North America,20090075
1611,North America,20090075
1612,Africa,29370907
1613,Africa,29370907
1614,Africa,29370907
1615,Africa,29370907
1616,Africa,29370907
1617,Africa,29370907
1618,Africa,29370907
1619,Africa,29370907
1620,Africa,29370907
1621,Africa,29370907
1622,Eurasia,50439819
1623,Eurasia,50439819
1624,Eurasia,50439819
1625,Eurasia,50439819
1626,Eurasia,50439819
1627,Eurasia,50439819
1628,Eurasia,50439819
1629,Eurasia,50439819
1630,Eurasia,50439819
1631,Eurasia,50439819
1632,Eurasia,50439819
1633,Eurasia,50439819
1634,Eurasia,50439819
1635,Eurasia,50439819
1636,Eurasia,50439819
1637,Eurasia,50439819
1638,Eurasia,50439819
1639,Eurasia,50439819
1640,Eurasia,50439819
1641,Eurasia,50439819
1642,Eurasia,50439819
1643,Eurasia,50439819
1644,Eurasia,50439819
1645,Eurasia,50439819
1646,Eurasia,50439819
1647,Eurasia,50439819
1648,Eurasia,50439819
1649,Eurasia,50439819
1650,Eurasia,50439819
1651,Eurasia,50439819
1652,Eurasia,50439819
1653,Eurasia,50439819
1654,Eurasia,50439819
1655,Eurasia,50439819
1656,Eurasia,50439819
1657,Eurasia,50439819
1658,Eurasia,50439819
1659,Eurasia,50439819
1660,Eurasia,50439819
1661,Eurasia,50439819
1662,Eurasia,50439819
1663,Eurasia,50439819
1664,Kyushu,37437
1665,North America,20090075
1666,North America,20090075
1667,North America,20090075
1668,North America,20090075
1669,North America,20090075
1670,North America,20090075
1671,North America,20090075
1672,North America,20090075
1673,North America,20090075
1674,North America,20090075
1675,North America,20090075
1676,North America,20090075
1677,North America,20090075
1678,North America,20090075
1679,North America,20090075
1680,North America,20090075
1681,North America,20090075
1682,North America,20090075
1683,North America,20090075
1684,North America,20090075
1685,North America,20090075
1686,North America,20090075
1687,Africa,29370907
1688,Africa,29370907
1689,Africa,29370907
1690,Africa,29370907
1691,Africa,29370907
1692,Africa,29370907
1693,Africa,29370907
1694,Africa,29370907
1695,Eurasia,50439819
1696,Eurasia,50439819
1697,Eurasia,50439819
1698,Eurasia,50439819
1699,Eurasia,50439819
1700,Eurasia,50439819
1701,Eurasia,50439819
1702,Eurasia,50439819
1703,Eurasia,50439819
1704,Eurasia,50439819
1705,Eurasia,50439819
1706,Eurasia,50439819
1707,Eurasia,50439819
1708,Eurasia,50439819
1709,Eurasia,50439819
1710,Eurasia,50439819
1711,Eurasia,50439819
1712,Eurasia,50439819
1713,Eurasia,50439819
1714,Eurasia,50439819
1715,Eurasia,50439819
1716,Eurasia,50439819
1717,Eurasia,50439819
1718,Eurasia,50439819
1719,Eurasia,50439819
1720,Eurasia,50439819
1721,Eurasia,50439819
1722,Eurasia,50439819
1723,Eurasia,50439819
1724,Eurasia,50439819
1725,Eurasia,50439819
1726,Eurasia,50439819
1727,Eurasia,50439819
1728,Eurasia,50439819
1729,Eurasia,50439819
1730,Eurasia,50439819
1731,Eurasia,50439819
1732,Eurasia,50439819
1733,Eurasia,50439819
1734,Eurasia,50439819
1735,Eurasia,50439819
1736,Eurasia,50439819
1737,Eurasia,50439819
1738,Honshu,225800
1739,Honshu,225800
1740,Honshu,225800
1741,North America,20090075
1742,North America,20090075
1743,North America,20090075
1744,North America,20090075
1745,North America,20090075
1746,North America,20090075
1747,North America,20090075
1748,North America,20090075
1749,North America,20090075
1750,North America,20090075
1751,North America,20090075
1752,North America,20090075
1753,North America,20090075
1754,North America,20090075
1755,North America,20090075
1756,North America,20090075
1757,North America,20090075
1758,North America,20090075
1759,North America,20090075
1760,North America,20090075
1761,North America,20090075
1762,North America,20090075
1763,North America,20090075
1764,Eurasia,50439819
1765,Eurasia,50439819
1766,Eurasia,50439819
1767,Africa,29370907
1768,Eurasia,50439819
1769,Eurasia,50439819
1770,Eurasia,50439819
1771,Eurasia,50439819
1772,Eurasia,50439819
1773,Eurasia,50439819
1774,Eurasia,50439819
1775,Eurasia,50439819
1776,Eurasia,50439819
1777,Eurasia,50439819
1778,Eurasia,50439819
1779,Eurasia,50439819
1780,Eurasia,50439819
1781,Eurasia,50439819
1782,Eurasia,50439819
1783,Eurasia,50439819
1784,Eurasia,50439819
1785,Eurasia,50439819
1786,Eurasia,50439819
1787,Eurasia,50439819
1788,Eurasia,50439819
1789,Eurasia,50439819
1790,Eurasia,50439819
1791,Eurasia,50439819
1792,Eurasia,50439819
1793,Eurasia,50439819
1794,Eurasia,50439819
1795,Eurasia,50439819
1796,Eurasia,50439819
1797,Eurasia,50439819
1798,Eurasia,50439819
1799,Eurasia,50439819
1800,Eurasia,50439819
1801,Eurasia,50439819
1802,Eurasia,50439819
1803,Eurasia,50439819
1804,Eurasia,50439819
1805,Eurasia,50439819
1806,Eurasia,50439819
1807,Eurasia,50439819
1808,Eurasia,50439819
1809,Eurasia,50439819
1810,Eurasia,50439819
1811,Eurasia,50439819
1812,Eurasia,50439819
1813,Eurasia,50439819
1814,Eurasia,50439819
1815,Honshu,225800
1816,North America,20090075
1817,North America,20090075
1818,North America,20090075
1819,North America,20090075
1820,North America,20090075
1821,North America,20090075
1822,North America,20090075
1823,North America,20090075
1824,North America,20090075
1825,North America,20090075
1826,North America,20090075
1827,North America,20090075
1828,North America,20090075
1829,North America,20090075
1830,North America,20090075
1831,North America,20090075
1832,North America,20090075
1833,North America,20090075
1834,North America,20090075
1835,North America,20090075
1836,North America,20090075
1837,North America,20090075
1838,North America,20090075
1839,North America,20090075
1840,North America,20090075
1841,Eurasia,50439819
1842,Eurasia,50439819
1843,Eurasia,50439819
1844,Eurasia,50439819
1845,Eurasia,50439819
1846,Eurasia,50439819
1847,Eurasia,50439819
1848,Eurasia,50439819
1849,Eurasia,50439819
1850,Eurasia,50439819
1851,Eurasia,50439819
1852,Eurasia,50439819
1853,Eurasia,50439819
1854,Eurasia,50439819
1855,Eurasia,50439819
1856,Eurasia,50439819
1857,Eurasia,50439819
1858,Eurasia,50439819
1859,Eurasia,50439819
1860,Eurasia,50439819
1861,Eurasia,50439819
1862,Eurasia,50439819
1863,Eurasia,50439819
1864,Eurasia,50439819
1865,Eurasia,50439819
1866,Eurasia,50439819
1867,Eurasia,50439819
1868,Eurasia,50439819
1869,Eurasia,50439819
1870,Eurasia,50439819
1871,Eurasia,50439819
1872,Eurasia,50439819
1873,Eurasia,50439819
1874,Eurasia,50439819
1875,Eurasia,50439819
1876,Eurasia,50439819
1877,Eurasia,50439819
1878,Eurasia,50439819
1879,Eurasia,50439819
1880,Eurasia,50439819
1881,Eurasia,50439819
1882,Eurasia,50439819
1883,Eurasia,50439819
1884,Eurasia,50439819
1885,Eurasia,50439819
1886,Eurasia,50439819
1887,Eurasia,50439819
1888,Eurasia,50439819
1889,Eurasia,50439819
1890,Eurasia,50439819
1891,Eurasia,50439819
1892,Eurasia,50439819
1893,Honshu,225800
1894,North America,20090075
1895,North America,20090075
1896,North America,20090075
1897,North America,20090075
1898,North America,20090075
1899,North America,20090075
1900,North America,20090075
1901,North America,20090075
1902,North America,20090075
1903,North America,20090075
1904,North America,20090075
1905,North America,20090075
1906,North America,20090075
1907,North America,20090075
1908,North America,20090075
1909,North America,20090075
1910,North America,20090075
1911,North America,20090075
1912,North America,20090075
1913,North America,20090075
1914,North America,20090075
1915,North America,20090075
1916,North America,20090075
1917,North America,20090075
1918,North America,20090075
1919,North America,20090075
1920,Eurasia,50439819
1921,Eurasia,50439819
1922,Eurasia,50439819
1923,Eurasia,50439819
1924,Eurasia,50439819
1925,Eurasia,50439819
1926,Eurasia,50439819
1927,Eurasia,50439819
1928,Eurasia,50439819
1929,Eurasia,50439819
1930,Eurasia,50439819
1931,Eurasia,50439819
1932,Eurasia,50439819
1933,Eurasia,50439819
1934,Eurasia,50439819
1935,Eurasia,50439819
1936,Eurasia,50439819
1937,Eurasia,50439819
1938,Eurasia,50439819
1939,Eurasia,50439819
1940,Eurasia,50439819
1941,Eurasia,50439819
1942,Eurasia,50439819
1943,Eurasia,50439819
1944,Eurasia,50439819
1945,Eurasia,50439819
1946,Eurasia,50439819
1947,Eurasia,50439819
1948,Eurasia,50439819
1949,Eurasia,50439819
1950,Eurasia,50439819
1951,Eurasia,50439819
1952,Eurasia,50439819
1953,Eurasia,50439819
1954,Eurasia,50439819
1955,Eurasia,50439819
1956,Eurasia,50439819
1957,Eurasia,50439819
1958,Eurasia,50439819
1959,Eurasia,50439819
1960,Eurasia,50439819
1961,Eurasia,50439819
1962,Eurasia,50439819
1963,Eurasia,50439819
1964,Eurasia,50439819
1965,Eurasia,50439819
1966,Eurasia,50439819
1967,Eurasia,50439819
1968,Eurasia,50439819
1969,Eurasia,50439819
1970,Eurasia,50439819
1971,Eurasia,50439819
1972,Eurasia,50439819
1973,Eurasia,50439819
1974,Eurasia,50439819
1975,Eurasia,50439819
1976,Eurasia,50439819
1977,Eurasia,50439819
1978,Honshu,225800
1979,North America,20090075
1980,North America,20090075
1981,North America,20090075
1982,North America,20090075
1983,North America,20090075
1984,North America,20090075
1985,North America,20090075
1986,North America,20090075
1987,North America,20090075
1988,North America,20090075
1989,North America,20090075
1990,North America,20090075
1991,North America,20090075
1992,North America,20090075
1993,North America,20090075
1994,North America,20090075
1995,North America,20090075
1996,North America,20090075
1997,North America,20090075
1998,North America,20090075
1999,North America,20090075
2000,North America,20090075
2001,North America,20090075
2002,North America,20090075
2003,North America,20090075
2004,North America,20090075
2005,Eurasia,50439819
2006,Eurasia,50439819
2007,Eurasia,50439819
2008,Eurasia,50439819
2009,Eurasia,50439819
2010,Eurasia,50439819
2011,Eurasia,50439819
2012,Eurasia,50439819
2013,Eurasia,50439819
2014,Eurasia,50439819
2015,Eurasia,50439819
2016,Eurasia,50439819
2017,Eurasia,50439819
2018,Eurasia,50439819
2019,Eurasia,50439819
2020,Eurasia,50439819
2021,Eurasia,50439819
2022,Eurasia,50439819
2023,Eurasia,50439819
2024,Eurasia,50439819
2025,Eurasia,50439819
2026,Eurasia,50439819
2027,Eurasia,50439819
2028,Eurasia,50439819
2029,Eurasia,50439819
2030,Eurasia,50439819
2031,Eurasia,50439819
2032,Eurasia,50439819
2033,Eurasia,50439819
2034,Eurasia,50439819
2035,Eurasia,50439819
2036,Eurasia,50439819
2037,Eurasia,50439819
2038,Eurasia,50439819
2039,Eurasia,50439819
2040,Eurasia,50439819
2041,Eurasia,50439819
2042,Eurasia,50439819
2043,Eurasia,50439819
2044,Eurasia,50439819
2045,Eurasia,50439819
2046,Eurasia,50439819
2047,Eurasia,50439819
2048,Eurasia,50439819
2049,Eurasia,50439819
2050,Eurasia,50439819
2051,Eurasia,50439819
2052,Eurasia,50439819
2053,Eurasia,50439819
2054,Eurasia,50439819
2055,Eurasia,50439819
2056,Eurasia,50439819
2057,Eurasia,50439819
2058,Eurasia,50439819
2059,Eurasia,50439819
2060,Eurasia,50439819
2061,Eurasia,50439819
2062,Eurasia,50439819
2063,Hokkaido,78719
2064,North America,20090075
2065,North America,20090075
2066,North America,20090075
2067,North America,20090075
2068,North America,20090075
2069,North America,20090075
2070,North America,20090075
2071,North America,20090075
2072,North America,20090075
2073,North America,20090075
2074,North America,20090075
2075,North America,20090075
2076,North America,20090075
2077,North America,20090075
2078,North America,20090075
2079,North America,20090075
2080,North America,20090075
2081,North America,20090075
2082,North America,20090075
2083,North America,20090075
2084,North America,20090075
2085,North America,20090075
2086,North America,20090075
2087,North America,20090075
2088,North America,20090075
2089,North America,20090075
2090,North America,20090075
2091,North America,20090075
2092,Eurasia,50439819
2093,Eurasia,50439819
2094,Eurasia,50439819
2095,Eurasia,50439819
2096,Eurasia,50439819
2097,Eurasia,50439819
2098,Eurasia,50439819
2099,Eurasia,50439819
2100,Eurasia,50439819
2101,Eurasia,50439819
2102,Eurasia,50439819
2103,Eurasia,50439819
2104,Eurasia,50439819
2105,Eurasia,50439819
2106,Eurasia,50439819
2107,Eurasia,50439819
2108,Eurasia,50439819
2109,Eurasia,50439819
2110,Eurasia,50439819
2111,Eurasia,50439819
2112,Eurasia,50439819
2113,Eurasia,50439819
2114,Eurasia,50439819
2115,Eurasia,50439819
2116,Eurasia,50439819
2117,Eurasia,50439819
2118,Eurasia,50439819
2119,Eurasia,50439819
2120,Eurasia,50439819
2121,Eurasia,50439819
2122,Eurasia,50439819
2123,Eurasia,50439819
2124,Eurasia,50439819
2125,Eurasia,50439819
2126,Eurasia,50439819
2127,Eurasia,50439819
2128,Eurasia,50439819
2129,Eurasia,50439819
2130,Eurasia,50439819
2131,Eurasia,50439819
2132,Eurasia,50439819
2133,Eurasia,50439819
2134,Eurasia,50439819
2135,Eurasia,50439819
2136,Eurasia,50439819
2137,Eurasia,50439819
2138,Eurasia,50439819
2139,Eurasia,50439819
2140,Eurasia,50439819
2141,Eurasia,50439819
2142,Eurasia,50439819
2143,Eurasia,50439819
2144,Eurasia,50439819
2145,Eurasia,50439819
2146,Eurasia,50439819
2147,Eurasia,50439819
2148,Eurasia,50439819
2149,Eurasia,50439819
2150,Eurasia,50439819
2151,Eurasia,50439819
2152,Eurasia,50439819
2153,Eurasia,50439819
2154,North America,20090075
2155,North America,20090075
2156,North America,20090075
2157,North America,20090075
2158,North America,20090075
2159,North America,20090075
2160,North America,20090075
2161,North America,20090075
2162,North America,20090075
2163,North America,20090075
2164,North America,20090075
2165,North America,20090075
2166,North America,20090075
2167,North America,20090075
2168,North America,20090075
2169,North America,20090075
2170,North America,20090075
2171,North America,20090075
2172,North America,20090075
2173,North America,20090075
2174,North America,20090075
2175,North America,20090075
2176,North America,20090075
2177,North America,20090075
2178,North America,20090075
2179,North America,20090075
2180,North America,20090075
2181,North America,20090075
2182,North America,20090075
2183,Eurasia,50439819
2184,Eurasia,50439819
2185,Eurasia,50439819
2186,Eurasia,50439819
2187,Eurasia,50439819
2188,Eurasia,50439819
2189,Eurasia,50439819
2190,Eurasia,50439819
2191,Eurasia,50439819
2192,Eurasia,50439819
2193,Eurasia,50439819
2194,Eurasia,50439819
2195,Eurasia,50439819
2196,Eurasia,50439819
2197,Eurasia,50439819
2198,Eurasia,50439819
2199,Eurasia,50439819
2200,Eurasia,50439819
2201,Eurasia,50439819
2202,Eurasia,50439819
2203,Eurasia,50439819
2204,Eurasia,50439819
2205,Eurasia,50439819
2206,Eurasia,50439819
2207,Eurasia,50439819
2208,Eurasia,50439819
2209,Eurasia,50439819
2210,Eurasia,50439819
2211,Eurasia,50439819
2212,Eurasia,50439819
2213,Eurasia,50439819
2214,Eurasia,50439819
2215,Eurasia,50439819
2216,Eurasia,50439819
2217,Eurasia,50439819
2218,Eurasia,50439819
2219,Eurasia,50439819
2220,Eurasia,50439819
2221,Eurasia,50439819
2222,Eurasia,50439819
2223,Eurasia,50439819
2224,Eurasia,50439819
2225,Eurasia,50439819
2226,Eurasia,50439819
2227,Eurasia,50439819
2228,Eurasia,50439819
2229,Eurasia,50439819
2230,Eurasia,50439819
2231,Eurasia,50439819
2232,Eurasia,50439819
2233,Eurasia,50439819
2234,Eurasia,50439819
2235,Eurasia,50439819
2236,Eurasia,50439819
2237,Eurasia,50439819
2238,Eurasia,50439819
2239,Eurasia,50439819
2240,Eurasia,50439819
2241,Eurasia,50439819
2242,Eurasia,50439819
2243,Eurasia,50439819
2244,Eurasia,50439819
2245,Eurasia,50439819
2246,Eurasia,50439819
2247,Eurasia,50439819
2248,Eurasia,50439819
2249,Eurasia,50439819
2250,Eurasia,50439819
2251,Eurasia,50439819
2252,Eurasia,50439819
2253,Vancouver Island,31285
2254,North America,20090075
2255,North America,20090075
2256,North America,20090075
2257,North America,20090075
2258,North America,20090075
2259,North America,20090075
2260,North America,20090075
2261,North America,20090075
2262,North America,20090075
2263,North America,20090075
2264,North America,20090075
2265,North America,20090075
2266,North America,20090075
2267,North America,20090075
2268,North America,20090075
2269,North America,20090075
2270,North America,20090075
2271,North America,20090075
2272,North America,20090075
2273,North America,20090075
2274,North America,20090075
2275,North America,20090075
2276,North America,20090075
2277,North America,20090075
2278,North America,20090075
2279,North America,20090075
2280,North America,20090075
2281,North America,20090075
2282,North America,20090075
2283,Newfoundland,108860
2284,Newfoundland,108860
2285,Eurasia,50439819
2286,Eurasia,50439819
2287,Eurasia,50439819
2288,Eurasia,50439819
2289,Eurasia,50439819
2290,Eurasia,50439819
2291,Eurasia,50439819
2292,Eurasia,50439819
2293,Eurasia,50439819
2294,Eurasia,50439819
2295,Eurasia,50439819
2296,Eurasia,50439819
2297,Eurasia,50439819
2298,Eurasia,50439819
2299,Eurasia,50439819
2300,Eurasia,50439819
2301,Eurasia,50439819
2302,Eurasia,50439819
2303,Eurasia,50439819
2304,Eurasia,50439819
2305,Eurasia,50439819
2306,Eurasia,50439819
2307,Eurasia,50439819
2308,Eurasia,50439819
2309,Eurasia,50439819
2310,Eurasia,50439819
2311,Eurasia,50439819
2312,Eurasia,50439819
2313,Eurasia,50439819
2314,Eurasia,50439819
2315,Eurasia,50439819
2316,Eurasia,50439819
2317,Eurasia,50439819
2318,Eurasia,50439819
2319,Eurasia,50439819
2320,Eurasia,50439819
2321,Eurasia,50439819
2322,Eurasia,50439819
2323,Eurasia,50439819
2324,Eurasia,50439819
2325,Eurasia,50439819
2326,Eurasia,50439819
2327,Eurasia,50439819
2328,Eurasia,50439819
2329,Eurasia,50439819
2330,Eurasia,50439819
2331,Eurasia,50439819
2332,Eurasia,50439819
2333,Eurasia,50439819
2334,Eurasia,50439819
2335,Eurasia,50439819
2336,Eurasia,50439819
2337,Eurasia,50439819
2338,Eurasia,50439819
2339,Eurasia,50439819
2340,Eurasia,50439819
2341,Eurasia,50439819
2342,Eurasia,50439819
2343,Eurasia,50439819
2344,Eurasia,50439819
2345,Eurasia,50439819
2346,Eurasia,50439819
2347,Eurasia,50439819
2348,Eurasia,50439819
2349,Eurasia,50439819
2350,Eurasia,50439819
2351,Eurasia,50439819
2352,Eurasia,50439819
2353,Eurasia,50439819
2354,Eurasia,50439819
2355,Eurasia,50439819
2356,Sakhalin,72493
2357,North America,20090075
2358,North America,20090075
2359,North America,20090075
2360,North America,20090075
2361,North America,20090075
2362,North America,20090075
2363,North America,20090075
2364,North America,20090075
2365,North America,20090075
2366,North America,20090075
2367,North America,20090075
2368,North America,20090075
2369,North America,20090075
2370,North America,20090075
2371,North America,20090075
2372,North America,20090075
2373,North America,20090075
2374,North America,20090075
2375,North America,20090075
2376,North America,20090075
2377,North America,20090075
2378,North America,20090075
2379,North America,20090075
2380,North America,20090075
2381,North America,20090075
2382,North America,20090075
2383,North America,20090075
2384,North America,20090075
2385,North America,20090075
2386,North America,20090075
2387,North America,20090075
2388,North America,20090075
2389,North America,20090075
2390,North America,20090075
2391,North America,20090075
2392,Newfoundland,108860
2393,Great Britain,209331
2394,Great Britain,209331
2395,Eurasia,50439819
2396,Eurasia,50439819
2397,Eurasia,50439819
2398,Eurasia,50439819
2399,Eurasia,50439819
2400,Eurasia,50439819
2401,Eurasia,50439819
2402,Eurasia,50439819
2403,Eurasia,50439819
2404,Eurasia,50439819
2405,Eurasia,50439819
2406,Eurasia,50439819
2407,Eurasia,50439819
2408,Eurasia,50439819
2409,Eurasia,50439819
2410,Eurasia,50439819
2411,Eurasia,50439819
2412,Eurasia,50439819
2413,Eurasia,50439819
2414,Eurasia,50439819
2415,Eurasia,50439819
2416,Eurasia,50439819
2417,Eurasia,50439819
2418,Eurasia,50439819
2419,Eurasia,50439819
2420,Eurasia,50439819
2421,Eurasia,50439819
2422,Eurasia,50439819
2423,Eurasia,50439819
2424,Eurasia,50439819
2425,Eurasia,50439819
2426,Eurasia,50439819
2427,Eurasia,50439819
2428,Eurasia,50439819
2429,Eurasia,50439819
2430,Eurasia,50439819
2431,Eurasia,50439819
2432,Eurasia,50439819
2433,Eurasia,50439819
2434,Eurasia,50439819
2435,Eurasia,50439819
2436,Eurasia,50439819
2437,Eurasia,50439819
2438,Eurasia,50439819
2439,Eurasia,50439819
2440,Eurasia,50439819
2441,Eurasia,50439819
2442,Eurasia,50439819
2443,Eurasia,50439819
2444,Eurasia,50439819
2445,Eurasia,50439819
2446,Eurasia,50439819
2447,Eurasia,50439819
2448,Eurasia,50439819
2449,Eurasia,50439819
2450,Eurasia,50439819
2451,Eurasia,50439819
2452,Eurasia,50439819
2453,Eurasia,50439819
2454,Eurasia,50439819
2455,Eurasia,50439819
2456,Eurasia,50439819
2457,Eurasia,50439819
2458,Eurasia,50439819
2459,Eurasia,50439819
2460,Eurasia,50439819
2461,Eurasia,50439819
2462,Eurasia,50439819
2463,Eurasia,50439819
2464,Sakhalin,72493
2465,North America,20090075
2466,North America,20090075
2467,North America,20090075
2468,North America,20090075
2469,North America,20090075
2470,North America,20090075
2471,North America,20090075
2472,North America,20090075
2473,North America,20090075
2474,North America,20090075
2475,North America,20090075
2476,North America,20090075
2477,North America,20090075
2478,North America,20090075
2479,North America,20090075
2480,North America,20090075
2481,North America,20090075
2482,North America,20090075
2483,North America,20090075
2484,North America,20090075
2485,North America,20090075
2486,North America,20090075
2487,North America,20090075
2488,North America,20090075
2489,North America,20090075
2490,North America,20090075
2491,North America,20090075
2492,North America,20090075
2493,North America,20090075
2494,North America,20090075
2495,North America,20090075
2496,North America,20090075
2497,North America,20090075
2498,North America,20090075
2499,North America,20090075
2500,Ireland,84421
2501,Ireland,84421
2502,Great Britain,209331
2503,Great Britain,209331
2504,Eurasia,50439819
2505,Eurasia,50439819
2506,Eurasia,50439819
2507,Eurasia,50439819
2508,Eurasia,50439819
2509,Eurasia,50439819
2510,Eurasia,50439819
2511,Eurasia,50439819
2512,Eurasia,50439819
2513,Eurasia,50439819
2514,Eurasia,50439819
2515,Eurasia,50439819
2516,Eurasia,50439819
2517,Eurasia,50439819
2518,Eurasia,50439819
2519,Eurasia,50439819
2520,Eurasia,50439819
2521,Eurasia,50439819
2522,Eurasia,50439819
2523,Eurasia,50439819
2524,Eurasia,50439819
2525,Eurasia,50439819
2526,Eurasia,50439819
2527,Eurasia,50439819
2528,Eurasia,50439819
2529,Eurasia,50439819
2530,Eurasia,50439819
2531,Eurasia,50439819
2532,Eurasia,50439819
2533,Eurasia,50439819
2534,Eurasia,50439819
2535,Eurasia,50439819
2536,Eurasia,50439819
2537,Eurasia,50439819
2538,Eurasia,50439819
2539,Eurasia,50439819
2540,Eurasia,50439819
2541,Eurasia,50439819
2542,Eurasia,50439819
2543,Eurasia,50439819
2544,Eurasia,50439819
2545,Eurasia,50439819
2546,Eurasia,50439819
2547,Eurasia,50439819
2548,Eurasia,50439819
2549,Eurasia,50439819
2550,Eurasia,50439819
2551,Eurasia,50439819
2552,Eurasia,50439819
2553,Eurasia,50439819
2554,Eurasia,50439819
2555,Eurasia,50439819
2556,Eurasia,50439819
2557,Eurasia,50439819
2558,Eurasia,50439819
2559,Eurasia,50439819
2560,Eurasia,50439819
2561,Eurasia,50439819
2562,Eurasia,50439819
2563,Eurasia,50439819
2564,Eurasia,50439819
2565,Eurasia,50439819
2566,Eurasia,50439819
2567,Eurasia,50439819
2568,Eurasia,50439819
2569,Eurasia,50439819
2570,Eurasia,50439819
2571,Eurasia,50439819
2572,Eurasia,50439819
2573,Eurasia,50439819
2574,North America,20090075
2575,North America,20090075
2576,North America,20090075
2577,North America,20090075
2578,North America,20090075
2579,North America,20090075
2580,North America,20090075
2581,North America,20090075
2582,North America,20090075
2583,North America,20090075
2584,North America,20090075
2585,North America,20090075
2586,North America,20090075
2587,North America,20090075
2588,North America,20090075
2589,North America,20090075
2590,North America,20090075
2591,North America,20090075
2592,North America,20090075
2593,North America,20090075
2594,North America,20090075
2595,North America,20090075
2596,North America,20090075
2597,North America,20090075
2598,North America,20090075
2599,North America,20090075
2600,North America,20090075
2601,North America,20090075
2602,North America,20090075
2603,North America,20090075
2604,North America,20090075
2605,North America,20090075
2606,North America,20090075
2607,North America,20090075
2608,Ireland,84421
2609,Great Britain,209331
2610,Eurasia,50439819
2611,Eurasia,50439819
2612,Eurasia,50439819
2613,Eurasia,50439819
2614,Eurasia,50439819
2615,Eurasia,50439819
2616,Eurasia,50439819
2617,Eurasia,50439819
2618,Eurasia,50439819
2619,Eurasia,50439819
2620,Eurasia,50439819
2621,Eurasia,50439819
2622,Eurasia,50439819
2623,Eurasia,50439819
2624,Eurasia,50439819
2625,Eurasia,50439819
2626,Eurasia,50439819
2627,Eurasia,50439819
2628,Eurasia,50439819
2629,Eurasia,50439819
2630,Eurasia,50439819
2631,Eurasia,50439819
2632,Eurasia,50439819
2633,Eurasia,50439819
2634,Eurasia,50439819
2635,Eurasia,50439819
2636,Eurasia,50439819
2637,Eurasia,50439819
2638,Eurasia,50439819
2639,Eurasia,50439819
2640,Eurasia,50439819
2641,Eurasia,50439819
2642,Eurasia,50439819
2643,Eurasia,50439819
2644,Eurasia,50439819
2645,Eurasia,50439819
2646,Eurasia,50439819
2647,Eurasia,50439819
2648,Eurasia,50439819
2649,Eurasia,50439819
2650,Eurasia,50439819
2651,Eurasia,50439819
2652,Eurasia,50439819
2653,Eurasia,50439819
2654,Eurasia,50439819
2655,Eurasia,50439819
2656,Eurasia,50439819
2657,Eurasia,50439819
2658,Eurasia,50439819
2659,Eurasia,50439819
2660,Eurasia,50439819
2661,Eurasia,50439819
2662,Eurasia,50439819
2663,Eurasia,50439819
2664,Eurasia,50439819
2665,Eurasia,50439819
2666,Eurasia,50439819
2667,Eurasia,50439819
2668,Eurasia,50439819
2669,Eurasia,50439819
2670,Eurasia,50439819
2671,Eurasia,50439819
2672,North America,20090075
2673,North America,20090075
2674,North America,20090075
2675,North America,20090075
2676,North America,20090075
2677,North America,20090075
2678,North America,20090075
2679,North America,20090075
2680,North America,20090075
2681,North America,20090075
2682,North America,20090075
2683,North America,20090075
2684,North America,20090075
2685,North America,20090075
2686,North America,20090075
2687,North America,20090075
2688,North America,20090075
2689,North America,20090075
2690,North America,20090075
2691,North America,20090075
2692,North America,20090075
2693,North America,20090075
2694,North America,20090075
2695,North America,20090075
2696,North America,20090075
2697,North America,20090075
2698,North America,20090075
2699,North America,20090075
2700,North America,20090075
2701,Great Britain,209331
2702,Great Britain,209331
2703,Eurasia,50439819
2704,Eurasia,50439819
2705,Eurasia,50439819
2706,Eurasia,50439819
2707,Eurasia,50439819
2708,Eurasia,50439819
2709,Eurasia,50439819
2710,Eurasia,50439819
2711,Eurasia,50439819
2712,Eurasia,50439819
2713,Eurasia,50439819
2714,Eurasia,50439819
2715,Eurasia,50439819
2716,Eurasia,50439819
2717,Eurasia,50439819
2718,Eurasia,50439819
2719,Eurasia,50439819
2720,Eurasia,50439819
2721,Eurasia,50439819
2722,Eurasia,50439819
2723,Eurasia,50439819
2724,Eurasia,50439819
2725,Eurasia,50439819
2726,Eurasia,50439819
2727,Eurasia,50439819
2728,Eurasia,50439819
2729,Eurasia,50439819
2730,Eurasia,50439819
2731,Eurasia,50439819
2732,Eurasia,50439819
2733,Eurasia,50439819
2734,Eurasia,50439819
2735,Eurasia,50439819
2736,Eurasia,50439819
2737,Eurasia,50439819
2738,Eurasia,50439819
2739,Eurasia,50439819
2740,Eurasia,50439819
2741,Eurasia,50439819
2742,Eurasia,50439819
2743,Eurasia,50439819
2744,Eurasia,50439819
2745,Eurasia,50439819
2746,Eurasia,50439819
2747,Eurasia,50439819
2748,Eurasia,50439819
2749,Eurasia,50439819
2750,Eurasia,50439819
2751,Eurasia,50439819
2752,Eurasia,50439819
2753,Eurasia,50439819
2754,Eurasia,50439819
2755,Eurasia,50439819
2756,Eurasia,50439819
2757,Eurasia,50439819
2758,Eurasia,50439819
2759,Eurasia,50439819
2760,Eurasia,50439819
2761,Eurasia,50439819
2762,Eurasia,50439819
2763,Eurasia,50439819
2764,Eurasia,50439819
2765,Eurasia,50439819
2766,North America,20090075
2767,North America,20090075
2768,North America,20090075
2769,North America,20090075
2770,North America,20090075
2771,North America,20090075
2772,North America,20090075
2773,North America,20090075
2774,North America,20090075
2775,North America,20090075
2776,North America,20090075
2777,North America,20090075
2778,North America,20090075
2779,North America,20090075
2780,North America,20090075
2781,North America,20090075
2782,North America,20090075
2783,North America,20090075
2784,North America,20090075
2785,North America,20090075
2786,North America,20090075
2787,North America,20090075
2788,North America,20090075
2789,North America,20090075
2790,North America,20090075
2791,North America,20090075
2792,North America,20090075
2793,North America,20090075
2794,North America,20090075
2795,North America,20090075
2796,North America,20090075
2797,North America,20090075
2798,Eurasia,50439819
2799,Eurasia,50439819
2800,Eurasia,50439819
2801,Eurasia,50439819
2802,Eurasia,50439819
2803,Eurasia,50439819
2804,Eurasia,50439819
2805,Eurasia,50439819
2806,Eurasia,50439819
2807,Eurasia,50439819
2808,Eurasia,50439819
2809,Eurasia,50439819
2810,Eurasia,50439819
2811,Eurasia,50439819
2812,Eurasia,50439819
2813,Eurasia,50439819
2814,Eurasia,50439819
2815,Eurasia,50439819
2816,Eurasia,50439819
2817,Eurasia,50439819
2818,Eurasia,50439819
2819,Eurasia,50439819
2820,Eurasia,50439819
2821,Eurasia,50439819
2822,Eurasia,50439819
2823,Eurasia,50439819
2824,Eurasia,50439819
2825,Eurasia,50439819
2826,Eurasia,50439819
2827,Eurasia,50439819
2828,Eurasia,50439819
2829,Eurasia,50439819
2830,Eurasia,50439819
2831,Eurasia,50439819
2832,Eurasia,50439819
2833,Eurasia,50439819
2834,Eurasia,50439819
2835,Eurasia,50439819
2836,Eurasia,50439819
2837,Eurasia,50439819
2838,Eurasia,50439819
2839,Eurasia,50439819
2840,Eurasia,50439819
2841,Eurasia,50439819
2842,Eurasia,50439819
2843,Eurasia,50439819
2844,Eurasia,50439819
2845,Eurasia,50439819
2846,Eurasia,50439819
2847,Eurasia,50439819
2848,Eurasia,50439819
2849,Eurasia,50439819
2850,Eurasia,50439819
2851,Eurasia,50439819
2852,Eurasia,50439819
2853,Eurasia,50439819
2854,Eurasia,50439819
2855,Eurasia,50439819
2856,Eurasia,50439819
2857,Eurasia,50439819
2858,Eurasia,50439819
2859,Eurasia,50439819
2860,Eurasia,50439819
2861,Eurasia,50439819
2862,Eurasia,50439819
2863,Eurasia,50439819
2864,North America,20090075
2865,North America,20090075
2866,North America,20090075
2867,North America,20090075
2868,North America,20090075
2869,North America,20090075
2870,North America,20090075
2871,North America,20090075
2872,North America,20090075
2873,North America,20090075
2874,North America,20090075
2875,North America,20090075
2876,North America,20090075
2877,North America,20090075
2878,North America,20090075
2879,North America,20090075
2880,North America,20090075
2881,North America,20090075
2882,North America,20090075
2883,North America,20090075
2884,North America,20090075
2885,North America,20090075
2886,North America,20090075
2887,North America,20090075
2888,North America,20090075
2889,North America,20090075
2890,North America,20090075
2891,North America,20090075
2892,North America,20090075
2893,North America,20090075
2894,North America,20090075
2895,North America,20090075
2896,North America,20090075
2897,North America,20090075
2898,North America,20090075
2899,North America,20090075
2900,North America,20090075
2901,North America,20090075
2902,North America,20090075
2903,North America,20090075
2904,Greenland,2130800
2905,Greenland,2130800
2906,Greenland,2130800
2907,Eurasia,50439819
2908,Eurasia,50439819
2909,Eurasia,50439819
2910,Eurasia,50439819
2911,Eurasia,50439819
2912,Eurasia,50439819
2913,Eurasia,50439819
2914,Eurasia,50439819
2915,Eurasia,50439819
2916,Eurasia,50439819
2917,Eurasia,50439819
2918,Eurasia,50439819
2919,Eurasia,50439819
2920,Eurasia,50439819
2921,Eurasia,50439819
2922,Eurasia,50439819
2923,Eurasia,50439819
2924,Eurasia,50439819
2925,Eurasia,50439819
2926,Eurasia,50439819
2927,Eurasia,50439819
2928,Eurasia,50439819
2929,Eurasia,50439819
2930,Eurasia,50439819
2931,Eurasia,50439819
2932,Eurasia,50439819
2933,Eurasia,50439819
2934,Eurasia,50439819
2935,Eurasia,50439819
2936,Eurasia,50439819
2937,Eurasia,50439819
2938,Eurasia,50439819
2939,Eurasia,50439819
2940,Eurasia,50439819
2941,Eurasia,50439819
2942,Eurasia,50439819
2943,Eurasia,50439819
2944,Eurasia,50439819
2945,Eurasia,50439819
2946,Eurasia,50439819
2947,Eurasia,50439819
2948,Eurasia,50439819
2949,Eurasia,50439819
2950,Eurasia,50439819
2951,Eurasia,50439819
2952,Eurasia,50439819
2953,Eurasia,50439819
2954,Eurasia,50439819
2955,Eurasia,50439819
2956,Eurasia,50439819
2957,Eurasia,50439819
2958,Eurasia,50439819
2959,Eurasia,50439819
2960,Eurasia,50439819
2961,Eurasia,50439819
2962,Eurasia,50439819
2963,Eurasia,50439819
2964,Eurasia,50439819
2965,Eurasia,50439819
2966,Eurasia,50439819
2967,Eurasia,50439819
2968,Eurasia,50439819
2969,Eurasia,50439819
2970,Eurasia,50439819
2971,Eurasia,50439819
2972,Eurasia,50439819
2973,Eurasia,50439819
2974,Eurasia,50439819
2975,Eurasia,50439819
2976,Eurasia,50439819
2977,Eurasia,50439819
2978,Eurasia,50439819
2979,Eurasia,50439819
2980,Eurasia,50439819
2981,Eurasia,50439819
2982,Eurasia,50439819
2983,Eurasia,50439819
2984,North America,20090075
2985,North America,20090075
2986,North America,20090075
2987,North America,20090075
2988,North America,20090075
2989,North America,20090075
2990,North America,20090075
2991,North America,20090075
2992,North America,20090075
2993,North America,20090075
2994,North America,20090075
2995,North America,20090075
2996,North America,20090075
2997,North America,20090075
2998,North America,20090075
2999,North America,20090075
3000,North America,20090075
3001,North America,20090075
3002,North America,20090075
3003,North America,20090075
3004,North America,20090075
3005,North America,20090075
3006,North America,20090075
3007,North America,20090075
3008,North America,20090075
3009,North America,20090075
3010,North America,20090075
3011,North America,20090075
3012,North America,20090075
3013,North America,20090075
3014,North America,20090075
3015,North America,20090075
3016,North America,20090075
3017,North America,20090075
3018,North America,20090075
3019,North America,20090075
3020,Baffin Island,507451
3021,Baffin Island,507451
3022,Greenland,2130800
3023,Greenland,2130800
3024,Eurasia,50439819
3025,Eurasia,50439819
3026,Eurasia,50439819
3027,Eurasia,50439819
3028,Eurasia,50439819
3029,Eurasia,50439819
3030,Eurasia,50439819
3031,Eurasia,50439819
3032,Eurasia,50439819
3033,Eurasia,50439819
3034,Eurasia,50439819
3035,Eurasia,50439819
3036,Eurasia,50439819
3037,Eurasia,50439819
3038,Eurasia,50439819
3039,Eurasia,50439819
3040,Eurasia,50439819
3041,Eurasia,50439819
3042,Eurasia,50439819
3043,Eurasia,50439819
3044,Eurasia,50439819
3045,Eurasia,50439819
3046,Eurasia,50439819
3047,Eurasia,50439819
3048,Eurasia,50439819
3049,Eurasia,50439819
3050,Eurasia,50439819
3051,Eurasia,50439819
3052,Eurasia,50439819
3053,Eurasia,50439819
3054,Eurasia,50439819
3055,Eurasia,50439819
3056,Eurasia,50439819
3057,Eurasia,50439819
3058,Eurasia,50439819
3059,Eurasia,50439819
3060,Eurasia,50439819
3061,Eurasia,50439819
3062,Eurasia,50439819
3063,Eurasia,50439819
3064,Eurasia,50439819
3065,Eurasia,50439819
3066,Eurasia,50439819
3067,Eurasia,50439819
3068,Eurasia,50439819
3069,Eurasia,50439819
3070,Eurasia,50439819
3071,Eurasia,50439819
3072,Eurasia,50439819
3073,Eurasia,50439819
3074,Eurasia,50439819
3075,Eurasia,50439819
3076,Eurasia,50439819
3077,Eurasia,50439819
3078,Eurasia,50439819
3079,Eurasia,50439819
3080,Eurasia,50439819
3081,Eurasia,50439819
3082,Eurasia,50439819
3083,Eurasia,50439819
3084,Eurasia,50439819
3085,Eurasia,50439819
3086,Eurasia,50439819
3087,Eurasia,50439819
3088,Eurasia,50439819
3089,Eurasia,50439819
3090,Eurasia,50439819
3091,Eurasia,50439819
3092,Eurasia,50439819
3093,Eurasia,50439819
3094,Eurasia,50439819
3095,Eurasia,50439819
3096,Eurasia,50439819
3097,Eurasia,50439819
3098,Eurasia,50439819
3099,Eurasia,50439819
3100,Eurasia,50439819
3101,Eurasia,50439819
3102,Eurasia,50439819
3103,Eurasia,50439819
3104,Eurasia,50439819
3105,Eurasia,50439819
3106,Eurasia,50439819
3107,Eurasia,50439819
3108,Eurasia,50439819
3109,North America,20090075
3110,North America,20090075
3111,North America,20090075
3112,North America,20090075
3113,North America,20090075
3114,North America,20090075
3115,North America,20090075
3116,North America,20090075
3117,North America,20090075
3118,North America,20090075
3119,North America,20090075
3120,North America,20090075
3121,North America,20090075
3122,North America,20090075
3123,North America,20090075
3124,North America,20090075
3125,North America,20090075
3126,North America,20090075
3127,North America,20090075
3128,North America,20090075
3129,North America,20090075
3130,North America,20090075
3131,North America,20090075
3132,North America,20090075
3133,North America,20090075
3134,North America,20090075
3135,North America,20090075
3136,North America,20090075
3137,North America,20090075
3138,North America,20090075
3139,North America,20090075
3140,North America,20090075
3141,North America,20090075
3142,North America,20090075
3143,North America,20090075
3144,North America,20090075
3145,North America,20090075
3146,North America,20090075
3147,North America,20090075
3148,Southampton Island,41214
3149,Baffin Island,507451
3150,Baffin Island,507451
3151,Baffin Island,507451
3152,Baffin Island,507451
3153,Baffin Island,507451
3154,Greenland,2130800
3155,Greenland,2130800
3156,Greenland,2130800
3157,Iceland,101826
3158,Iceland,101826
3159,Iceland,101826
3160,Iceland,101826
3161,Eurasia,50439819
3162,Eurasia,50439819
3163,Eurasia,50439819
3164,Eurasia,50439819
3165,Eurasia,50439819
3166,Eurasia,50439819
3167,Eurasia,50439819
3168,Eurasia,50439819
3169,Eurasia,50439819
3170,Eurasia,50439819
3171,Eurasia,50439819
3172,Eurasia,50439819
3173,Eurasia,50439819
3174,Eurasia,50439819
3175,Eurasia,50439819
3176,Eurasia,50439819
3177,Eurasia,50439819
3178,Eurasia,50439819
3179,Eurasia,50439819
3180,Eurasia,50439819
3181,Eurasia,50439819
3182,Eurasia,50439819
3183,Eurasia,50439819
3184,Eurasia,50439819
3185,Eurasia,50439819
3186,Eurasia,50439819
3187,Eurasia,50439819
3188,Eurasia,50439819
3189,Eurasia,50439819
3190,Eurasia,50439819
3191,Eurasia,50439819
3192,Eurasia,50439819
3193,Eurasia,50439819
3194,Eurasia,50439819
3195,Eurasia,50439819
3196,Eurasia,50439819
3197,Eurasia,50439819
3198,Eurasia,50439819
3199,Eurasia,50439819
3200,Eurasia,50439819
3201,Eurasia,50439819
3202,Eurasia,50439819
3203,Eurasia,50439819
3204,Eurasia,50439819
3205,Eurasia,50439819
3206,Eurasia,50439819
3207,Eurasia,50439819
3208,Eurasia,50439819
3209,Eurasia,50439819
3210,Eurasia,50439819
3211,Eurasia,50439819
3212,Eurasia,50439819
3213,Eurasia,50439819
3214,Eurasia,50439819
3215,Eurasia,50439819
3216,Eurasia,50439819
3217,Eurasia,50439819
3218,Eurasia,50439819
3219,Eurasia,50439819
3220,Eurasia,50439819
3221,Eurasia,50439819
3222,Eurasia,50439819
3223,Eurasia,50439819
3224,Eurasia,50439819
3225,Eurasia,50439819
3226,Eurasia,50439819
3227,Eurasia,50439819
3228,Eurasia,50439819
3229,Eurasia,50439819
3230,Eurasia,50439819
3231,Eurasia,50439819
3232,Eurasia,50439819
3233,Eurasia,50439819
3234,Eurasia,50439819
3235,Eurasia,50439819
3236,Eurasia,50439819
3237,Eurasia,50439819
3238,Eurasia,50439819
3239,Eurasia,50439819
3240,Eurasia,50439819
3241,Eurasia,50439819
3242,Eurasia,50439819
3243,Eurasia,50439819
3244,Eurasia,50439819
3245,North America,20090075
3246,North America,20090075
3247,North America,20090075
3248,North America,20090075
3249,North America,20090075
3250,North America,20090075
3251,North America,20090075
3252,North America,20090075
3253,North America,20090075
3254,North America,20090075
3255,North America,20090075
3256,North America,20090075
3257,North America,20090075
3258,North America,20090075
3259,North America,20090075
3260,North America,20090075
3261,North America,20090075
3262,North America,20090075
3263,North America,20090075
3264,North America,20090075
3265,North America,20090075
3266,North America,20090075
3267,North America,20090075
3268,North America,20090075
3269,North America,20090075
3270,North America,20090075
3271,North America,20090075
3272,North America,20090075
3273,North America,20090075
3274,North America,20090075
3275,North America,20090075
3276,North America,20090075
3277,North America,20090075
3278,North America,20090075
3279,North America,20090075
3280,North America,20090075
3281,North America,20090075
3282,North America,20090075
3283,North America,20090075
3284,North America,20090075
3285,North America,20090075
3286,Baffin Island,507451
3287,Baffin Island,507451
3288,Baffin Island,507451
3289,Baffin Island,507451
3290,Baffin Island,507451
3291,Baffin Island,507451
3292,Greenland,2130800
3293,Greenland,2130800
3294,Greenland,2130800
3295,Greenland,2130800
3296,Greenland,2130800
3297,Eurasia,50439819
3298,Eurasia,50439819
3299,Eurasia,50439819
3300,Eurasia,50439819
3301,Eurasia,50439819
3302,Eurasia,50439819
3303,Eurasia,50439819
3304,Eurasia,50439819
3305,Eurasia,50439819
3306,Eurasia,50439819
3307,Eurasia,50439819
3308,Eurasia,50439819
3309,Eurasia,50439819
3310,Eurasia,50439819
3311,Eurasia,50439819
3312,Eurasia,50439819
3313,Eurasia,50439819
3314,Eurasia,50439819
3315,Eurasia,50439819
3316,Eurasia,50439819
3317,Eurasia,50439819
3318,Eurasia,50439819
3319,Eurasia,50439819
3320,Eurasia,50439819
3321,Eurasia,50439819
3322,Eurasia,50439819
3323,Eurasia,50439819
3324,Eurasia,50439819
3325,Eurasia,50439819
3326,Eurasia,50439819
3327,Eurasia,50439819
3328,Eurasia,50439819
3329,Eurasia,50439819
3330,Eurasia,50439819
3331,Eurasia,50439819
3332,Eurasia,50439819
3333,Eurasia,50439819
3334,Eurasia,50439819
3335,Eurasia,50439819
3336,Eurasia,50439819
3337,Eurasia,50439819
3338,Eurasia,50439819
3339,Eurasia,50439819
3340,Eurasia,50439819
3341,Eurasia,50439819
3342,Eurasia,50439819
3343,Eurasia,50439819
3344,Eurasia,50439819
3345,Eurasia,50439819
3346,Eurasia,50439819
3347,Eurasia,50439819
3348,Eurasia,50439819
3349,Eurasia,50439819
3350,Eurasia,50439819
3351,Eurasia,50439819
3352,Eurasia,50439819
3353,Eurasia,50439819
3354,Eurasia,50439819
3355,Eurasia,50439819
3356,Eurasia,50439819
3357,Eurasia,50439819
3358,Eurasia,50439819
3359,Eurasia,50439819
3360,Eurasia,50439819
3361,Eurasia,50439819
3362,Eurasia,50439819
3363,Eurasia,50439819
3364,Eurasia,50439819
3365,Eurasia,50439819
3366,Eurasia,50439819
3367,Eurasia,50439819
3368,Eurasia,50439819
3369,Eurasia,50439819
3370,Eurasia,50439819
3371,Eurasia,50439819
3372,Eurasia,50439819
3373,Eurasia,50439819
3374,Eurasia,50439819
3375,Eurasia,50439819
3376,Eurasia,50439819
3377,North America,20090075
3378,North America,20090075
3379,North America,20090075
3380,North America,20090075
3381,North America,20090075
3382,North America,20090075
3383,North America,20090075
3384,North America,20090075
3385,North America,20090075
3386,North America,20090075
3387,North America,20090075
3388,North America,20090075
3389,North America,20090075
3390,North America,20090075
3391,North America,20090075
3392,North America,20090075
3393,North America,20090075
3394,North America,20090075
3395,North America,20090075
3396,North America,20090075
3397,North America,20090075
3398,North America,20090075
3399,North America,20090075
3400,Victoria Island,217291
3401,Victoria Island,217291
3402,Victoria Island,217291
3403,Victoria Island,217291
3404,Victoria Island,217291
3405,Victoria Island,217291
3406,King William Island,13111
3407,North America,20090075
3408,North America,20090075
3409,North America,20090075
3410,North America,20090075
3411,North America,20090075
3412,Baffin Island,507451
3413,Baffin Island,507451
3414,Baffin Island,507451
3415,Baffin Island,507451
3416,Greenland,2130800
3417,Greenland,2130800
3418,Greenland,2130800
3419,Greenland,2130800
3420,Greenland,2130800
3421,Eurasia,50439819
3422,Eurasia,50439819
3423,Eurasia,50439819
3424,Eurasia,50439819
3425,Eurasia,50439819
3426,Eurasia,50439819
3427,Eurasia,50439819
3428,Eurasia,50439819
3429,Eurasia,50439819
3430,Eurasia,50439819
3431,Eurasia,50439819
3432,Eurasia,50439819
3433,Eurasia,50439819
3434,Eurasia,50439819
3435,Eurasia,50439819
3436,Eurasia,50439819
3437,Eurasia,50439819
3438,Eurasia,50439819
3439,Eurasia,50439819
3440,Eurasia,50439819
3441,Eurasia,50439819
3442,Eurasia,50439819
3443,Eurasia,50439819
3444,Eurasia,50439819
3445,Eurasia,50439819
3446,Eurasia,50439819
3447,Eurasia,50439819
3448,Eurasia,50439819
3449,Eurasia,50439819
3450,Eurasia,50439819
3451,Eurasia,50439819
3452,Eurasia,50439819
3453,Eurasia,50439819
3454,Eurasia,50439819
3455,Eurasia,50439819
3456,Eurasia,50439819
3457,Eurasia,50439819
3458,Eurasia,50439819
3459,Eurasia,50439819
3460,Eurasia,50439819
3461,Eurasia,50439819
3462,Eurasia,50439819
3463,Eurasia,50439819
3464,Eurasia,50439819
3465,Eurasia,50439819
3466,Eurasia,50439819
3467,Eurasia,50439819
3468,Eurasia,50439819
3469,Eurasia,50439819
3470,Eurasia,50439819
3471,Eurasia,50439819
3472,Eurasia,50439819
3473,Eurasia,50439819
3474,Eurasia,50439819
3475,Eurasia,50439819
3476,Eurasia,50439819
3477,Eurasia,50439819
3478,Eurasia,50439819
3479,Eurasia,50439819
3480,Eurasia,50439819
3481,Eurasia,50439819
3482,Eurasia,50439819
3483,Eurasia,50439819
3484,Eurasia,50439819
3485,Eurasia,50439819
3486,Eurasia,50439819
3487,Eurasia,50439819
3488,Eurasia,50439819
3489,North America,20090075
3490,Victoria Island,217291
3491,Victoria Island,217291
3492,Victoria Island,217291
3493,Victoria Island,217291
3494,Victoria Island,217291
3495,Victoria Island,217291
3496,Victoria Island,217291
3497,North America,20090075
3498,North America,20090075
3499,Baffin Island,507451
3500,Baffin Island,507451
3501,Baffin Island,507451
3502,Baffin Island,507451
3503,Baffin Island,507451
3504,Baffin Island,507451
3505,Baffin Island,507451
3506,Baffin Island,507451
3507,Baffin Island,507451
3508,Baffin Island,507451
3509,Greenland,2130800
3510,Greenland,2130800
3511,Greenland,2130800
3512,Greenland,2130800
3513,Greenland,2130800
3514,Greenland,2130800
3515,Severny Island,47079
3516,Eurasia,50439819
3517,Eurasia,50439819
3518,Eurasia,50439819
3519,Eurasia,50439819
3520,Eurasia,50439819
3521,Eurasia,50439819
3522,Eurasia,50439819
3523,Eurasia,50439819
3524,Eurasia,50439819
3525,Eurasia,50439819
3526,Eurasia,50439819
3527,Eurasia,50439819
3528,Eurasia,50439819
3529,Eurasia,50439819
3530,Eurasia,50439819
3531,Eurasia,50439819
3532,Eurasia,50439819
3533,Eurasia,50439819
3534,Eurasia,50439819
3535,Eurasia,50439819
3536,Eurasia,50439819
3537,Eurasia,50439819
3538,Eurasia,50439819
3539,Eurasia,50439819
3540,Eurasia,50439819
3541,Eurasia,50439819
3542,Eurasia,50439819
3543,Eurasia,50439819
3544,Eurasia,50439819
3545,Eurasia,50439819
3546,Eurasia,50439819
3547,Eurasia,50439819
3548,Eurasia,50439819
3549,Eurasia,50439819
3550,Eurasia,50439819
3551,Eurasia,50439819
3552,Eurasia,50439819
3553,Eurasia,50439819
3554,Eurasia,50439819
3555,Eurasia,50439819
3556,Eurasia,50439819
3557,Eurasia,50439819
3558,Banks Island,70028
3559,Banks Island,70028
3560,Banks Island,70028
3561,Victoria Island,217291
3562,Victoria Island,217291
3563,Victoria Island,217291
3564,Prince of Wales Island,33339
3565,Somerset Island,24786
3566,Somerset Island,24786
3567,Baffin Island,507451
3568,Baffin Island,507451
3569,Baffin Island,507451
3570,Baffin Island,507451
3571,Baffin Island,507451
3572,Bylot Island,11067
3573,Baffin Island,507451
3574,Greenland,2130800
3575,Greenland,2130800
3576,Greenland,2130800
3577,Greenland,2130800
3578,Greenland,2130800
3579,Greenland,2130800
3580,Severny Island,47079
3581,Eurasia,50439819
3582,Eurasia,50439819
3583,Eurasia,50439819
3584,Eurasia,50439819
3585,Eurasia,50439819
3586,Eurasia,50439819
3587,Eurasia,50439819
3588,Eurasia,50439819
3589,Eurasia,50439819
3590,Eurasia,50439819
3591,Eurasia,50439819
3592,Eurasia,50439819
3593,Eurasia,50439819
3594,Eurasia,50439819
3595,Eurasia,50439819
3596,Eurasia,50439819
3597,Eurasia,50439819
3598,Eurasia,50439819
3599,Eurasia,50439819
3600,Eurasia,50439819
3601,Eurasia,50439819
3602,Eurasia,50439819
3603,Eurasia,50439819
3604,Eurasia,50439819
3605,Eurasia,50439819
3606,Eurasia,50439819
3607,Melville Island,42149
3608,Devon Island,55247
3609,Devon Island,55247
3610,Devon Island,55247
3611,Devon Island,55247
3612,Devon Island,55247
3613,Devon Island,55247
3614,Greenland,2130800
3615,Greenland,2130800
3616,Greenland,2130800
3617,Yuzhny Island,33246
3618,Yuzhny Island,33246
3619,Eurasia,50439819
3620,Eurasia,50439819
3621,Eurasia,50439819
3622,Eurasia,50439819
3623,Eurasia,50439819
3624,Eurasia,50439819
3625,Eurasia,50439819
3626,Eurasia,50439819
3627,Eurasia,50439819
3628,Eurasia,50439819
3629,Eurasia,50439819
3630,Eurasia,50439819
3631,Kotelny Island,24000
3632,Kotelny Island,24000
3633,Prince Patrick Island,15848
3634,Devon Island,55247
3635,Ellesmere Island,196236
3636,Ellesmere Island,196236
3637,Ellesmere Island,196236
3638,Ellesmere Island,196236
3639,Ellesmere Island,196236
3640,Greenland,2130800
3641,Greenland,2130800
3642,Greenland,2130800
3643,Greenland,2130800
3644,Greenland,2130800
3645,Greenland,2130800
3646,Greenland,2130800
3647,Greenland,2130800
3648,Eurasia,50439819
3649,Eurasia,50439819
3650,Axel Heiberg Island,43178
3651,Axel Heiberg Island,43178
3652,Axel Heiberg Island,43178
3653,Axel Heiberg Island,43178
3654,Ellesmere Island,196236
3655,Ellesmere Island,196236
3656,Ellesmere Island,196236
3657,Ellesmere Island,196236
3658,Ellesmere Island,196236
3659,Greenland,2130800
3660,Greenland,2130800
3661,Greenland,2130800
3662,Spitsbergen,38981
3663,Spitsbergen,38981
3664,Spitsbergen,38981
3665,Spitsbergen,38981
3666,Nordaustlandet,14467
3667,October Revolution Island,14204
3668,October Revolution Island,14204
3669,Axel Heiberg Island,43178
3670,Axel Heiberg Island,43178
3671,Ellesmere Island,196236
3672,Ellesmere Island,196236
3673,Ellesmere Island,196236
3674,Ellesmere Island,196236
3675,Ellesmere Island,196236
3676,Ellesmere Island,196236
3677,Ellesmere Island,196236
3678,Ellesmere Island,196236
3679,Ellesmere Island,196236
3680,Ellesmere Island,196236
3681,Ellesmere Island,196236
3682,Ellesmere Island,196236
3683,Greenland,2130800
3684,Greenland,2130800
3685,Greenland,2130800
3686,Greenland,2130800
3687,Greenland,2130800
3688,Greenland,2130800
3689,Greenland,2130800
3690,Greenland,2130800
3691,Greenland,2130800
3692,Greenland,2130800
3693,Greenland,2130800
3694,Greenland,2130800
3695,Greenland,2130800
3696,Greenland,2130800
3697,Greenland,2130800
3698,Greenland,2130800
3699,Greenland,2130800
3700,Greenland,2130800
3701,Greenland,2130800
3702,Greenland,2130800
3703,Greenland,2130800
3704,Greenland,2130800
3705,October Revolution Island,14204
3706,Ellesmere Island,196236
3707,Ellesmere Island,196236
3708,Ellesmere Island,196236
3709,Ellesmere Island,196236
3710,Greenland,2130800
3711,Greenland,2130800
3712,Greenland,2130800
3713,Greenland,2130800
3714,Greenland,2130800
3715,Greenland,2130800
3716,Greenland,2130800
3717,Greenland,2130800
3718,Greenland,2130800
